//
// Noto Sans Arabic — https://github.com/notofonts/notofonts.github.io
// Copyright The Noto Project Authors.
// Licensed under the SIL Open Font License, Version 1.1 (https://openfontlicense.org).
//

#ifndef DefaultFontArabic_h
#define DefaultFontArabic_h

//Created using 'xxd' tool with NotoSansArabic-subset.ttf
//Noto Sans Arabic font from https://github.com/notofonts/notofonts.github.io
//Licensed under the SIL Open Font License 1.1
//Subset to the Arabic blocks, keeping the GSUB features that join letters:
//  pyftsubset NotoSansArabic-Regular.ttf \
//    --unicodes="U+0020,U+0600-06FF,U+0750-077F,U+08A0-08FF,U+200C-200D,U+FD3E-FD3F,U+FDF2,U+FDFD,U+FB50-FBFF,U+FE70-FEFF" \
//    --layout-features+="init,medi,fina,isol,rlig,liga,dlig,calt,ccmp,mark,mkmk,curs,locl,rtlm" \
//    --layout-scripts="*" --notdef-outline --no-hinting
//Presentation Forms A and B are kept for the editor, which draws through ImGui and has
//no shaper. Forms-A carries the Persian and Urdu letters, Forms-B the Arabic ones

inline unsigned char noto_sans_arabic_ttf[] = {
  0x00,0x01,0x00,0x00,0x00,0x0e,0x00,0x80,0x00,0x03,0x00,0x60,
  0x47,0x44,0x45,0x46,0x2b,0xce,0x31,0x84,0x00,0x00,0xde,0x40,
  0x00,0x00,0x01,0x40,0x47,0x50,0x4f,0x53,0xb4,0x7c,0x5e,0x8a,
  0x00,0x00,0xdf,0x80,0x00,0x00,0x18,0x98,0x47,0x53,0x55,0x42,
  0x03,0x4a,0xb6,0xa7,0x00,0x00,0xf8,0x18,0x00,0x00,0x10,0xb6,
  0x4f,0x53,0x2f,0x32,0x8c,0x20,0x5e,0xd4,0x00,0x00,0xd5,0xec,
  0x00,0x00,0x00,0x60,0x63,0x6d,0x61,0x70,0x3e,0x0c,0x5a,0x25,
  0x00,0x00,0xd6,0x4c,0x00,0x00,0x05,0xb4,0x67,0x61,0x73,0x70,
  0x00,0x00,0x00,0x10,0x00,0x00,0xde,0x38,0x00,0x00,0x00,0x08,
  0x67,0x6c,0x79,0x66,0x2b,0x2c,0xe3,0xb9,0x00,0x00,0x00,0xec,
  0x00,0x00,0xc2,0x14,0x68,0x65,0x61,0x64,0x45,0xd6,0x06,0x69,
  0x00,0x00,0xc9,0x48,0x00,0x00,0x00,0x36,0x68,0x68,0x65,0x61,
  0x2a,0x2a,0x26,0x46,0x00,0x00,0xd5,0xc8,0x00,0x00,0x00,0x24,
  0x68,0x6d,0x74,0x78,0xfc,0x40,0x47,0x9c,0x00,0x00,0xc9,0x80,
  0x00,0x00,0x0c,0x48,0x6c,0x6f,0x63,0x61,0xb4,0xd5,0x83,0x76,
  0x00,0x00,0xc3,0x20,0x00,0x00,0x06,0x26,0x6d,0x61,0x78,0x70,
  0x03,0x4c,0x03,0xf9,0x00,0x00,0xc3,0x00,0x00,0x00,0x00,0x20,
  0x6e,0x61,0x6d,0x65,0x2c,0x72,0x45,0x14,0x00,0x00,0xdc,0x00,
  0x00,0x00,0x02,0x16,0x70,0x6f,0x73,0x74,0xff,0x9f,0x00,0x32,
  0x00,0x00,0xde,0x18,0x00,0x00,0x00,0x20,0x00,0x02,0x00,0x5e,
  0x00,0x00,0x01,0xf9,0x02,0xca,0x00,0x03,0x00,0x07,0x00,0x00,
  0x33,0x11,0x21,0x11,0x25,0x21,0x11,0x21,0x5e,0x01,0x9b,0xfe,
  0x98,0x01,0x35,0xfe,0xcb,0x02,0xca,0xfd,0x36,0x33,0x02,0x64,
  0x00,0x01,0x00,0x11,0xff,0xc6,0x01,0x78,0x01,0x63,0x00,0x21,
  0x00,0x00,0x17,0x27,0x36,0x36,0x37,0x26,0x26,0x35,0x34,0x36,
  0x36,0x33,0x32,0x16,0x17,0x07,0x26,0x26,0x23,0x22,0x06,0x15,
  0x14,0x16,0x16,0x17,0x36,0x36,0x37,0x17,0x0e,0x03,0x28,0x17,
  0x1a,0x43,0x26,0x24,0x37,0x2f,0x4d,0x2e,0x11,0x28,0x12,0x0d,
  0x0f,0x22,0x0d,0x2e,0x2d,0x1e,0x2e,0x18,0x1c,0x38,0x1a,0x1e,
  0x1d,0x57,0x61,0x5a,0x3a,0x4c,0x06,0x12,0x0b,0x10,0x49,0x33,
  0x33,0x49,0x26,0x07,0x05,0x4b,0x04,0x05,0x32,0x22,0x1c,0x2f,
  0x20,0x04,0x09,0x15,0x0b,0x49,0x0c,0x1f,0x1f,0x1b,0xff,0xff,
  0x00,0x11,0x00,0x5d,0x01,0x78,0x01,0xfa,0x02,0x07,0x00,0x03,
  0x00,0x00,0x00,0x97,0x00,0x01,0x00,0x48,0x00,0x00,0x00,0xad,
  0x02,0xca,0x00,0x03,0x00,0x00,0x33,0x03,0x33,0x13,0x5c,0x14,
  0x51,0x14,0x02,0xca,0xfd,0x36,0x00,0x01,0x00,0x48,0xff,0xfb,
  0x01,0x55,0x02,0xca,0x00,0x10,0x00,0x00,0x05,0x22,0x26,0x26,
  0x27,0x03,0x33,0x13,0x1e,0x02,0x33,0x32,0x16,0x15,0x14,0x06,
  0x01,0x23,0x50,0x55,0x20,0x02,0x14,0x52,0x14,0x02,0x0f,0x35,
  0x39,0x15,0x13,0x1c,0x05,0x24,0x4c,0x3c,0x02,0x23,0xfd,0xfd,
  0x31,0x35,0x14,0x17,0x10,0x10,0x1b,0x00,0x00,0x01,0x00,0x28,
  0x01,0x0d,0x01,0x8e,0x02,0x47,0x00,0x07,0x00,0x00,0x01,0x26,
  0x26,0x27,0x37,0x16,0x16,0x17,0x01,0x64,0x39,0xa6,0x5d,0x2f,
  0x69,0x9a,0x34,0x01,0x0d,0x36,0x80,0x42,0x42,0x4d,0x7a,0x32,
  0x00,0x01,0x00,0x28,0x00,0x84,0x01,0xa0,0x02,0x31,0x00,0x08,
  0x00,0x00,0x25,0x2e,0x02,0x27,0x37,0x16,0x16,0x17,0x01,0x67,
  0x15,0x59,0x80,0x51,0x36,0x84,0x98,0x26,0x84,0x2a,0x77,0x8b,
  0x48,0x39,0x7d,0xbd,0x3f,0x00,0x00,0x01,0x00,0x48,0x00,0x00,
  0x00,0xaa,0x02,0x84,0x00,0x03,0x00,0x00,0x33,0x03,0x33,0x13,
  0x59,0x11,0x51,0x11,0x02,0x84,0xfd,0x7c,0x00,0x01,0x00,0x48,
  0xff,0xfb,0x01,0x53,0x02,0x84,0x00,0x10,0x00,0x00,0x05,0x22,
  0x26,0x26,0x27,0x03,0x33,0x13,0x1e,0x02,0x33,0x32,0x16,0x15,
  0x14,0x06,0x01,0x21,0x50,0x54,0x20,0x03,0x12,0x52,0x12,0x02,
  0x0f,0x35,0x39,0x15,0x13,0x1c,0x05,0x24,0x4c,0x3c,0x01,0xdd,
  0xfe,0x43,0x31,0x35,0x14,0x17,0x10,0x10,0x1b,0x00,0x00,0x01,
  0x00,0x1e,0xff,0xeb,0x03,0xaf,0x01,0x93,0x00,0x1c,0x00,0x00,
  0x05,0x22,0x26,0x35,0x34,0x36,0x37,0x17,0x06,0x06,0x15,0x14,
  0x16,0x16,0x33,0x32,0x36,0x35,0x34,0x26,0x27,0x37,0x16,0x16,
  0x15,0x14,0x0e,0x02,0x01,0x86,0xb2,0xb6,0x12,0x0a,0x4b,0x06,
  0x0f,0x35,0x84,0x77,0xe9,0xd7,0x1c,0x16,0x4d,0x13,0x21,0x36,
  0x7e,0xd5,0x15,0x5e,0x6d,0x25,0x53,0x25,0x13,0x16,0x43,0x1a,
  0x34,0x3f,0x1d,0x33,0x45,0x26,0x64,0x39,0x1b,0x31,0x70,0x2d,
  0x3b,0x53,0x34,0x18,0x00,0x01,0x00,0x1e,0xff,0xeb,0x04,0x77,
  0x01,0x53,0x00,0x26,0x00,0x00,0x05,0x22,0x26,0x35,0x34,0x36,
  0x37,0x17,0x06,0x06,0x15,0x14,0x16,0x16,0x33,0x32,0x3e,0x02,
  0x37,0x17,0x06,0x06,0x15,0x14,0x16,0x16,0x33,0x32,0x16,0x15,
  0x14,0x06,0x23,0x22,0x26,0x27,0x06,0x04,0x01,0x86,0xb2,0xb6,
  0x12,0x0a,0x4b,0x06,0x0f,0x35,0x84,0x77,0x3d,0x88,0x87,0x7a,
  0x2e,0x3f,0x09,0x06,0x16,0x3d,0x38,0x15,0x13,0x1c,0x16,0x58,
  0x71,0x01,0x53,0xfe,0xf8,0x15,0x5e,0x6d,0x25,0x53,0x25,0x13,
  0x16,0x43,0x1a,0x34,0x3f,0x1d,0x0f,0x27,0x44,0x34,0x25,0x17,
  0x1b,0x0b,0x0f,0x1b,0x12,0x17,0x10,0x10,0x1b,0x34,0x3b,0x40,
  0x3f,0x00,0x00,0x01,0x00,0x00,0xff,0xfb,0x01,0x89,0x01,0x1b,
  0x00,0x19,0x00,0x00,0x15,0x37,0x32,0x3e,0x02,0x37,0x17,0x06,
  0x06,0x15,0x14,0x16,0x16,0x33,0x32,0x16,0x15,0x14,0x06,0x23,
  0x22,0x26,0x27,0x06,0x06,0x0a,0x2a,0x30,0x19,0x12,0x0d,0x4e,
  0x06,0x0f,0x12,0x3c,0x3e,0x15,0x13,0x1c,0x16,0x4f,0x4c,0x0e,
  0x1e,0x4e,0x05,0x52,0x0f,0x2b,0x52,0x42,0x0f,0x1b,0x46,0x18,
  0x14,0x20,0x12,0x17,0x10,0x10,0x1b,0x22,0x22,0x2a,0x1a,0x00,
  0x00,0x01,0x00,0x00,0xff,0xfb,0x01,0xa7,0x01,0x1b,0x00,0x1b,
  0x00,0x00,0x15,0x37,0x32,0x3e,0x02,0x37,0x17,0x06,0x06,0x15,
  0x14,0x1e,0x02,0x33,0x32,0x16,0x15,0x14,0x06,0x23,0x22,0x26,
  0x26,0x27,0x06,0x06,0x0a,0x32,0x38,0x1d,0x12,0x0d,0x4e,0x06,
  0x0f,0x04,0x1a,0x3e,0x3a,0x15,0x13,0x1c,0x16,0x41,0x49,0x23,
  0x08,0x1d,0x55,0x05,0x52,0x0f,0x2b,0x52,0x42,0x0f,0x1b,0x46,
  0x18,0x0f,0x1a,0x12,0x0b,0x17,0x10,0x10,0x1b,0x0f,0x1d,0x16,
  0x29,0x19,0x00,0x01,0x00,0x00,0xff,0xfb,0x00,0xdb,0x01,0x93,
  0x00,0x0f,0x00,0x00,0x15,0x37,0x32,0x36,0x36,0x35,0x34,0x26,
  0x27,0x37,0x1e,0x02,0x15,0x14,0x06,0x0a,0x31,0x3a,0x1a,0x23,
  0x16,0x51,0x0d,0x17,0x10,0x6b,0x05,0x52,0x0c,0x25,0x25,0x26,
  0x73,0x39,0x1e,0x20,0x52,0x50,0x1e,0x64,0x54,0x00,0x00,0x01,
  0x00,0x00,0xff,0xfb,0x00,0xef,0x01,0x93,0x00,0x0f,0x00,0x00,
  0x15,0x37,0x32,0x36,0x36,0x35,0x34,0x26,0x27,0x37,0x1e,0x02,
  0x15,0x14,0x06,0x0a,0x3b,0x42,0x1c,0x23,0x16,0x51,0x0d,0x17,
  0x10,0x70,0x05,0x52,0x09,0x25,0x28,0x26,0x73,0x39,0x1e,0x20,
  0x52,0x50,0x1e,0x64,0x54,0x00,0x00,0x01,0x00,0x0a,0xfe,0x76,
  0x02,0x57,0x01,0xa0,0x00,0x2a,0x00,0x00,0x01,0x22,0x2e,0x02,
  0x35,0x34,0x36,0x36,0x37,0x26,0x26,0x23,0x22,0x06,0x07,0x27,
  0x36,0x36,0x33,0x32,0x1e,0x03,0x33,0x33,0x17,0x22,0x0e,0x03,
  0x15,0x14,0x16,0x16,0x33,0x32,0x37,0x17,0x06,0x06,0x01,0x68,
  0x46,0x7f,0x61,0x38,0x56,0xa1,0x6f,0x31,0x6b,0x47,0x1e,0x2d,
  0x14,0x0e,0x1a,0x41,0x21,0x2e,0x48,0x41,0x48,0x59,0x3d,0x09,
  0x02,0x3a,0x83,0x7e,0x67,0x3e,0x4c,0x7f,0x4b,0x63,0x66,0x1c,
  0x3a,0x7a,0xfe,0x76,0x20,0x43,0x66,0x45,0x5c,0x9e,0x79,0x25,
  0x10,0x21,0x0a,0x05,0x4a,0x0b,0x0d,0x11,0x19,0x19,0x11,0x52,
  0x1f,0x3d,0x58,0x72,0x46,0x46,0x57,0x28,0x28,0x44,0x1c,0x1b,
  0x00,0x01,0x00,0x0a,0xfe,0x76,0x02,0x6b,0x01,0xa0,0x00,0x2b,
  0x00,0x00,0x01,0x22,0x2e,0x02,0x35,0x34,0x36,0x36,0x37,0x26,
  0x26,0x23,0x22,0x06,0x07,0x27,0x36,0x36,0x33,0x32,0x1e,0x03,
  0x17,0x33,0x17,0x22,0x0e,0x03,0x15,0x14,0x1e,0x02,0x33,0x32,
  0x37,0x17,0x06,0x06,0x01,0x7c,0x46,0x85,0x69,0x3e,0x60,0xaa,
  0x70,0x31,0x71,0x55,0x1e,0x2d,0x14,0x0e,0x1a,0x41,0x21,0x34,
  0x4f,0x46,0x49,0x5a,0x3d,0x09,0x02,0x3a,0x87,0x84,0x6d,0x42,
  0x32,0x55,0x6b,0x38,0x63,0x66,0x1c,0x3a,0x7a,0xfe,0x76,0x20,
  0x43,0x66,0x45,0x5c,0x9e,0x79,0x25,0x10,0x21,0x0a,0x05,0x4a,
  0x0b,0x0d,0x11,0x18,0x19,0x11,0x01,0x52,0x1f,0x3d,0x58,0x72,
  0x46,0x34,0x4b,0x30,0x16,0x28,0x44,0x1c,0x1b,0x00,0x00,0x01,
  0x00,0x0a,0xfe,0x76,0x02,0xbb,0x01,0xa0,0x00,0x3b,0x00,0x00,
  0x01,0x22,0x2e,0x02,0x35,0x34,0x36,0x36,0x37,0x26,0x26,0x23,
  0x22,0x06,0x07,0x27,0x36,0x36,0x33,0x32,0x1e,0x03,0x33,0x33,
  0x17,0x22,0x07,0x1e,0x03,0x33,0x32,0x16,0x15,0x14,0x06,0x23,
  0x22,0x2e,0x02,0x27,0x0e,0x03,0x15,0x14,0x16,0x16,0x33,0x32,
  0x37,0x17,0x06,0x06,0x01,0x68,0x46,0x7f,0x61,0x38,0x56,0xa1,
  0x6f,0x31,0x6b,0x47,0x1e,0x2d,0x14,0x0e,0x1a,0x41,0x21,0x2e,
  0x48,0x41,0x48,0x59,0x3d,0x09,0x02,0x34,0x39,0x08,0x24,0x35,
  0x40,0x23,0x15,0x13,0x1b,0x16,0x2a,0x55,0x49,0x30,0x05,0x3a,
  0x6e,0x56,0x33,0x4c,0x7f,0x4b,0x63,0x66,0x1c,0x3a,0x7a,0xfe,
  0x76,0x20,0x43,0x66,0x45,0x5c,0x9e,0x79,0x25,0x10,0x21,0x0a,
  0x05,0x4a,0x0b,0x0d,0x11,0x19,0x19,0x11,0x52,0x0c,0x38,0x41,
  0x1f,0x09,0x17,0x10,0x10,0x1b,0x0c,0x2a,0x5b,0x50,0x14,0x3e,
  0x54,0x69,0x3f,0x46,0x57,0x28,0x28,0x44,0x1c,0x1b,0x00,0x01,
  0x00,0x0a,0xfe,0x76,0x03,0x01,0x01,0xa0,0x00,0x3c,0x00,0x00,
  0x01,0x22,0x2e,0x02,0x35,0x34,0x36,0x36,0x37,0x26,0x26,0x23,
  0x22,0x06,0x07,0x27,0x36,0x36,0x33,0x32,0x1e,0x03,0x17,0x33,
  0x17,0x22,0x07,0x1e,0x03,0x33,0x32,0x16,0x15,0x14,0x06,0x23,
  0x22,0x2e,0x02,0x27,0x0e,0x03,0x15,0x14,0x1e,0x02,0x33,0x32,
  0x37,0x17,0x06,0x06,0x01,0x7c,0x46,0x85,0x69,0x3e,0x60,0xaa,
  0x70,0x31,0x71,0x55,0x1e,0x2d,0x14,0x0e,0x1a,0x41,0x21,0x34,
  0x4f,0x46,0x49,0x5a,0x3d,0x09,0x02,0x1d,0x1f,0x07,0x24,0x35,
  0x42,0x23,0x15,0x13,0x1b,0x16,0x2b,0x57,0x4a,0x2f,0x03,0x42,
  0x85,0x6d,0x42,0x32,0x55,0x6b,0x38,0x63,0x66,0x1c,0x3a,0x7a,
  0xfe,0x76,0x20,0x43,0x66,0x45,0x5c,0x9e,0x79,0x25,0x10,0x21,
  0x0a,0x05,0x4a,0x0b,0x0d,0x11,0x18,0x19,0x11,0x01,0x52,0x04,
  0x3a,0x45,0x20,0x0a,0x17,0x10,0x10,0x1b,0x0c,0x2e,0x61,0x54,
  0x0f,0x3d,0x58,0x72,0x46,0x34,0x4b,0x30,0x16,0x28,0x44,0x1c,
  0x1b,0x00,0x00,0x01,0x00,0x00,0xff,0xfb,0x02,0xaf,0x01,0x60,
  0x00,0x28,0x00,0x00,0x15,0x37,0x32,0x36,0x37,0x26,0x26,0x23,
  0x22,0x06,0x07,0x27,0x36,0x33,0x32,0x1e,0x03,0x33,0x33,0x17,
  0x22,0x07,0x16,0x16,0x33,0x32,0x16,0x15,0x14,0x06,0x23,0x22,
  0x26,0x26,0x27,0x0e,0x03,0x09,0x68,0xc1,0x50,0x27,0x71,0x44,
  0x19,0x26,0x1b,0x10,0x38,0x32,0x34,0x54,0x45,0x3d,0x3a,0x1f,
  0x15,0x07,0x1f,0x1d,0x13,0x46,0x45,0x15,0x13,0x1c,0x16,0x36,
  0x55,0x3c,0x0e,0x26,0x4f,0x60,0x7e,0x05,0x52,0x3e,0x37,0x23,
  0x29,0x05,0x06,0x4c,0x11,0x19,0x24,0x24,0x19,0x48,0x07,0x2d,
  0x1d,0x17,0x10,0x10,0x1b,0x13,0x39,0x39,0x12,0x2d,0x2a,0x1c,
  0x00,0x01,0x00,0x00,0xff,0xfb,0x02,0x25,0x01,0x60,0x00,0x1a,
  0x00,0x00,0x15,0x37,0x32,0x36,0x37,0x26,0x26,0x23,0x22,0x06,
  0x07,0x27,0x36,0x33,0x32,0x1e,0x03,0x33,0x33,0x17,0x22,0x0e,
  0x03,0x09,0x68,0xc1,0x50,0x27,0x71,0x44,0x19,0x26,0x1b,0x10,
  0x38,0x32,0x34,0x54,0x45,0x3d,0x3a,0x1f,0x15,0x07,0x33,0x54,
  0x55,0x65,0x86,0x05,0x52,0x3e,0x37,0x23,0x29,0x05,0x06,0x4c,
  0x11,0x19,0x24,0x24,0x19,0x48,0x21,0x30,0x31,0x21,0x00,0x01,
  0x00,0x23,0xff,0xfa,0x01,0xb0,0x01,0xd5,0x00,0x15,0x00,0x00,
  0x37,0x37,0x16,0x16,0x33,0x32,0x36,0x35,0x34,0x26,0x26,0x27,
  0x37,0x16,0x16,0x15,0x14,0x06,0x06,0x23,0x22,0x26,0x23,0x28,
  0x14,0x48,0x30,0x4a,0x3e,0x11,0x38,0x3a,0x45,0x50,0x3f,0x28,
  0x5e,0x53,0x37,0x5e,0x2d,0x45,0x0d,0x18,0x2d,0x28,0x14,0x3b,
  0x65,0x52,0x2d,0x6e,0x9a,0x30,0x28,0x4b,0x30,0x1b,0x00,0x01,
  0x00,0x23,0xff,0xfa,0x02,0x46,0x01,0xd5,0x00,0x21,0x00,0x00,
  0x37,0x32,0x36,0x35,0x34,0x26,0x26,0x27,0x37,0x16,0x16,0x17,
  0x1e,0x02,0x33,0x32,0x16,0x15,0x14,0x06,0x23,0x22,0x26,0x27,
  0x06,0x06,0x23,0x22,0x26,0x27,0x37,0x16,0x16,0xd7,0x4a,0x3e,
  0x24,0x3b,0x24,0x45,0x3a,0x49,0x12,0x0e,0x23,0x26,0x10,0x15,
  0x14,0x1c,0x16,0x27,0x48,0x16,0x14,0x57,0x4d,0x37,0x5e,0x1f,
  0x28,0x14,0x48,0x4d,0x2d,0x28,0x1a,0x52,0x65,0x35,0x2d,0x59,
  0x93,0x3b,0x2c,0x2a,0x0b,0x17,0x10,0x10,0x1b,0x22,0x29,0x21,
  0x2b,0x1b,0x18,0x45,0x0d,0x18,0x00,0x01,0xff,0xe7,0xff,0x1a,
  0x01,0x2d,0x01,0x53,0x00,0x12,0x00,0x00,0x17,0x27,0x3e,0x02,
  0x35,0x34,0x26,0x26,0x27,0x37,0x16,0x16,0x15,0x14,0x0e,0x03,
  0x04,0x1d,0x65,0x6d,0x29,0x0c,0x1e,0x1b,0x49,0x26,0x21,0x29,
  0x43,0x4f,0x4f,0xe6,0x4c,0x20,0x59,0x60,0x2c,0x1c,0x34,0x42,
  0x31,0x25,0x41,0x74,0x2c,0x3f,0x66,0x4f,0x38,0x24,0x00,0x01,
  0xff,0xe7,0xff,0x18,0x01,0xbe,0x01,0x53,0x00,0x1c,0x00,0x00,
  0x17,0x27,0x3e,0x02,0x35,0x34,0x26,0x27,0x37,0x16,0x16,0x17,
  0x16,0x16,0x33,0x32,0x16,0x15,0x14,0x06,0x23,0x22,0x26,0x27,
  0x0e,0x03,0x04,0x1d,0x61,0x6d,0x2d,0x2b,0x1a,0x49,0x1c,0x27,
  0x0b,0x0e,0x2d,0x27,0x15,0x13,0x1c,0x16,0x26,0x33,0x10,0x0a,
  0x40,0x56,0x5a,0xe8,0x4c,0x20,0x58,0x61,0x2e,0x31,0x65,0x2d,
  0x25,0x35,0x62,0x25,0x2b,0x1f,0x17,0x10,0x10,0x1b,0x18,0x14,
  0x38,0x5c,0x45,0x2c,0x00,0x02,0x00,0x1e,0xff,0x10,0x02,0x07,
  0x01,0x53,0x00,0x1d,0x00,0x29,0x00,0x00,0x05,0x26,0x27,0x06,
  0x06,0x23,0x22,0x26,0x35,0x34,0x36,0x36,0x33,0x32,0x16,0x17,
  0x36,0x35,0x34,0x27,0x37,0x16,0x16,0x15,0x14,0x06,0x07,0x16,
  0x16,0x17,0x25,0x14,0x16,0x33,0x32,0x36,0x37,0x26,0x26,0x23,
  0x22,0x06,0x01,0xcb,0x27,0x31,0x27,0x6c,0x31,0x3d,0x54,0x29,
  0x47,0x2d,0x22,0x51,0x2a,0x0a,0x25,0x51,0x11,0x0e,0x0c,0x0a,
  0x1d,0x39,0x1a,0xfe,0x64,0x25,0x25,0x23,0x47,0x1a,0x20,0x40,
  0x1f,0x26,0x29,0xf0,0x45,0x33,0x38,0x29,0x45,0x41,0x27,0x3d,
  0x24,0x19,0x1b,0x27,0x2f,0x5a,0x91,0x11,0x46,0x79,0x2f,0x2e,
  0x4b,0x1e,0x1d,0x4d,0x31,0x7b,0x19,0x20,0x21,0x25,0x16,0x19,
  0x22,0x00,0x00,0x02,0x00,0x1e,0xff,0x10,0x02,0x4e,0x01,0x57,
  0x00,0x2c,0x00,0x38,0x00,0x00,0x05,0x26,0x27,0x06,0x06,0x23,
  0x22,0x26,0x35,0x34,0x36,0x36,0x33,0x32,0x16,0x17,0x36,0x35,
  0x34,0x26,0x26,0x27,0x37,0x1e,0x02,0x17,0x1e,0x02,0x33,0x32,
  0x16,0x15,0x14,0x06,0x23,0x22,0x26,0x27,0x06,0x07,0x16,0x16,
  0x17,0x25,0x14,0x16,0x33,0x32,0x36,0x37,0x26,0x26,0x23,0x22,
  0x06,0x01,0xcb,0x23,0x2c,0x28,0x6c,0x39,0x3d,0x54,0x29,0x47,
  0x2d,0x25,0x59,0x2d,0x0c,0x13,0x1a,0x0b,0x50,0x0a,0x14,0x10,
  0x02,0x09,0x27,0x2c,0x10,0x15,0x13,0x1c,0x16,0x1d,0x2e,0x12,
  0x09,0x11,0x1a,0x31,0x17,0xfe,0x64,0x25,0x25,0x28,0x4a,0x1b,
  0x21,0x46,0x21,0x26,0x29,0xf0,0x3e,0x30,0x2e,0x28,0x44,0x41,
  0x27,0x3d,0x24,0x1d,0x21,0x24,0x2b,0x21,0x5b,0x5d,0x23,0x15,
  0x27,0x4d,0x39,0x0a,0x25,0x23,0x0b,0x17,0x10,0x10,0x1b,0x0e,
  0x0c,0x2f,0x27,0x1b,0x46,0x2b,0x7b,0x19,0x21,0x20,0x20,0x1a,
  0x1c,0x22,0x00,0x01,0x00,0x1e,0xff,0x18,0x04,0x87,0x01,0x93,
  0x00,0x49,0x00,0x00,0x05,0x22,0x26,0x26,0x35,0x34,0x36,0x37,
  0x17,0x06,0x06,0x15,0x14,0x16,0x16,0x33,0x32,0x36,0x36,0x35,
  0x34,0x26,0x27,0x37,0x16,0x16,0x17,0x1e,0x02,0x33,0x32,0x3e,
  0x02,0x37,0x17,0x0e,0x02,0x15,0x14,0x16,0x16,0x33,0x32,0x36,
  0x36,0x35,0x34,0x26,0x27,0x37,0x1e,0x02,0x15,0x14,0x06,0x06,
  0x23,0x22,0x26,0x27,0x06,0x06,0x23,0x22,0x26,0x27,0x0e,0x03,
  0x01,0x39,0x4b,0x81,0x4f,0x14,0x16,0x48,0x10,0x10,0x37,0x5d,
  0x38,0x5b,0x67,0x2b,0x1d,0x11,0x51,0x10,0x0d,0x04,0x0b,0x1d,
  0x27,0x19,0x14,0x1f,0x1b,0x15,0x09,0x4c,0x03,0x08,0x07,0x0d,
  0x27,0x27,0x1f,0x2d,0x19,0x23,0x16,0x51,0x0d,0x17,0x10,0x2e,
  0x51,0x33,0x37,0x3f,0x0e,0x16,0x3c,0x2f,0x1d,0x2a,0x0e,0x07,
  0x24,0x48,0x77,0xe8,0x37,0x67,0x49,0x24,0x58,0x35,0x1c,0x2a,
  0x46,0x1e,0x33,0x46,0x23,0x35,0x51,0x2a,0x42,0x6f,0x3b,0x16,
  0x39,0x33,0x10,0x25,0x23,0x0b,0x0a,0x26,0x54,0x49,0x0e,0x12,
  0x34,0x33,0x11,0x0e,0x19,0x0e,0x09,0x25,0x28,0x26,0x73,0x39,
  0x1e,0x20,0x52,0x50,0x1e,0x44,0x51,0x23,0x1d,0x1f,0x20,0x1c,
  0x0f,0x0c,0x2e,0x5a,0x4a,0x2c,0x00,0x01,0x00,0x1e,0xff,0x18,
  0x05,0x27,0x01,0x59,0x00,0x51,0x00,0x00,0x05,0x22,0x26,0x26,
  0x35,0x34,0x36,0x37,0x17,0x06,0x06,0x15,0x14,0x16,0x16,0x33,
  0x32,0x36,0x36,0x35,0x34,0x26,0x27,0x37,0x16,0x16,0x17,0x1e,
  0x02,0x33,0x32,0x3e,0x02,0x37,0x17,0x0e,0x02,0x15,0x14,0x16,
  0x16,0x33,0x32,0x36,0x35,0x34,0x26,0x27,0x37,0x1e,0x03,0x33,
  0x32,0x16,0x15,0x14,0x06,0x23,0x22,0x26,0x27,0x06,0x06,0x23,
  0x22,0x26,0x27,0x06,0x06,0x23,0x22,0x26,0x27,0x0e,0x03,0x01,
  0x39,0x4b,0x81,0x4f,0x14,0x16,0x48,0x10,0x10,0x37,0x5d,0x38,
  0x5b,0x67,0x2b,0x1d,0x11,0x51,0x10,0x0d,0x04,0x0b,0x1d,0x27,
  0x19,0x14,0x1f,0x1b,0x15,0x09,0x4c,0x03,0x08,0x07,0x0d,0x27,
  0x27,0x32,0x2d,0x04,0x08,0x49,0x06,0x0f,0x1d,0x32,0x29,0x15,
  0x13,0x1c,0x16,0x38,0x49,0x11,0x14,0x51,0x31,0x33,0x3c,0x0e,
  0x15,0x3c,0x2f,0x1d,0x2a,0x0e,0x06,0x24,0x49,0x77,0xe8,0x37,
  0x67,0x49,0x24,0x58,0x35,0x1c,0x2a,0x46,0x1e,0x33,0x46,0x23,
  0x35,0x51,0x2a,0x42,0x6f,0x3b,0x16,0x39,0x33,0x10,0x25,0x23,
  0x0b,0x0a,0x26,0x54,0x49,0x0e,0x12,0x34,0x33,0x11,0x0e,0x19,
  0x0e,0x2a,0x2b,0x23,0x51,0x3e,0x05,0x51,0x68,0x3b,0x18,0x17,
  0x10,0x10,0x1b,0x32,0x26,0x35,0x23,0x1d,0x1f,0x20,0x1c,0x0e,
  0x0c,0x2f,0x5b,0x48,0x2b,0x00,0x00,0x01,0x00,0x00,0xff,0xfb,
  0x03,0x84,0x01,0x59,0x00,0x3f,0x00,0x00,0x15,0x37,0x32,0x3e,
  0x02,0x37,0x17,0x06,0x06,0x15,0x14,0x16,0x33,0x32,0x3e,0x02,
  0x37,0x17,0x0e,0x02,0x15,0x14,0x16,0x16,0x33,0x32,0x36,0x35,
  0x34,0x26,0x27,0x37,0x1e,0x03,0x33,0x32,0x16,0x15,0x14,0x06,
  0x23,0x22,0x26,0x27,0x06,0x06,0x23,0x22,0x26,0x27,0x06,0x06,
  0x23,0x22,0x26,0x26,0x27,0x06,0x06,0x0a,0x20,0x28,0x1b,0x18,
  0x10,0x4b,0x06,0x10,0x26,0x32,0x1e,0x26,0x19,0x14,0x0b,0x4c,
  0x03,0x08,0x07,0x0d,0x27,0x27,0x32,0x2d,0x04,0x08,0x49,0x06,
  0x0f,0x1d,0x32,0x29,0x15,0x13,0x1c,0x16,0x38,0x49,0x11,0x14,
  0x51,0x31,0x33,0x3b,0x0e,0x18,0x43,0x3d,0x15,0x2f,0x28,0x0b,
  0x1a,0x4d,0x05,0x52,0x09,0x25,0x50,0x48,0x15,0x19,0x46,0x1d,
  0x19,0x1c,0x0a,0x26,0x54,0x49,0x0e,0x12,0x34,0x33,0x11,0x0e,
  0x19,0x0e,0x2a,0x2b,0x23,0x51,0x3e,0x05,0x51,0x68,0x3b,0x18,
  0x17,0x10,0x10,0x1b,0x32,0x26,0x35,0x23,0x1d,0x1e,0x24,0x17,
  0x0a,0x1d,0x1d,0x2c,0x18,0x00,0x00,0x01,0x00,0x00,0xff,0xfb,
  0x02,0xde,0x01,0x93,0x00,0x35,0x00,0x00,0x15,0x37,0x32,0x3e,
  0x02,0x37,0x17,0x06,0x06,0x15,0x14,0x16,0x33,0x32,0x3e,0x02,
  0x37,0x17,0x0e,0x02,0x15,0x14,0x16,0x16,0x33,0x32,0x36,0x35,
  0x34,0x26,0x27,0x37,0x1e,0x02,0x15,0x14,0x06,0x23,0x22,0x26,
  0x27,0x06,0x06,0x23,0x22,0x26,0x26,0x27,0x06,0x06,0x0a,0x20,
  0x28,0x1b,0x18,0x10,0x4b,0x06,0x10,0x26,0x32,0x1e,0x26,0x19,
  0x14,0x0b,0x4c,0x03,0x08,0x07,0x0d,0x27,0x27,0x2c,0x33,0x23,
  0x16,0x51,0x0d,0x17,0x10,0x5c,0x50,0x37,0x3f,0x0e,0x18,0x43,
  0x3d,0x15,0x2f,0x28,0x0b,0x1a,0x4d,0x05,0x52,0x09,0x25,0x50,
  0x48,0x15,0x19,0x46,0x1d,0x19,0x1c,0x0a,0x26,0x54,0x49,0x0e,
  0x12,0x34,0x33,0x11,0x0e,0x19,0x0e,0x22,0x34,0x26,0x73,0x39,
  0x1e,0x20,0x52,0x50,0x1e,0x5d,0x5b,0x1d,0x1f,0x25,0x17,0x0a,
  0x1d,0x1d,0x2c,0x18,0x00,0x02,0x00,0x1e,0xff,0x18,0x04,0xed,
  0x01,0x76,0x00,0x30,0x00,0x3f,0x00,0x00,0x05,0x22,0x26,0x26,
  0x35,0x34,0x36,0x37,0x17,0x06,0x06,0x15,0x14,0x16,0x16,0x33,
  0x32,0x36,0x36,0x35,0x34,0x26,0x27,0x37,0x16,0x16,0x17,0x16,
  0x17,0x3e,0x03,0x33,0x32,0x16,0x16,0x15,0x14,0x06,0x06,0x23,
  0x22,0x26,0x27,0x0e,0x03,0x01,0x22,0x0e,0x02,0x07,0x16,0x16,
  0x33,0x32,0x36,0x35,0x34,0x26,0x26,0x01,0x39,0x4b,0x81,0x4f,
  0x14,0x16,0x48,0x10,0x10,0x37,0x5d,0x38,0x5b,0x67,0x2b,0x1d,
  0x11,0x51,0x10,0x0b,0x06,0x13,0x37,0x21,0x57,0x66,0x6e,0x39,
  0x37,0x4f,0x2b,0x45,0xa4,0x8d,0x60,0x7a,0x20,0x05,0x22,0x47,
  0x79,0x02,0xa0,0x2d,0x59,0x51,0x43,0x16,0x1b,0x41,0x27,0x84,
  0x93,0x16,0x2e,0xe8,0x37,0x67,0x49,0x24,0x58,0x35,0x1c,0x2a,
  0x46,0x1e,0x33,0x46,0x23,0x3a,0x5c,0x31,0x31,0x69,0x3b,0x16,
  0x39,0x34,0x0f,0x30,0x14,0x31,0x64,0x53,0x32,0x2d,0x4c,0x30,
  0x3b,0x63,0x3c,0x1e,0x16,0x30,0x5f,0x50,0x30,0x02,0x0c,0x2c,
  0x45,0x4a,0x1e,0x03,0x03,0x41,0x3f,0x16,0x2b,0x1e,0x00,0x02,
  0x00,0x1e,0xff,0x18,0x05,0x7a,0x01,0x76,0x00,0x3f,0x00,0x4e,
  0x00,0x00,0x05,0x22,0x26,0x26,0x35,0x34,0x36,0x37,0x17,0x06,
  0x06,0x15,0x14,0x16,0x16,0x33,0x32,0x36,0x36,0x35,0x34,0x26,
  0x27,0x37,0x16,0x16,0x17,0x16,0x17,0x3e,0x03,0x33,0x32,0x16,
  0x16,0x15,0x14,0x06,0x07,0x16,0x16,0x33,0x32,0x16,0x15,0x14,
  0x06,0x23,0x22,0x26,0x26,0x27,0x06,0x06,0x23,0x22,0x26,0x27,
  0x0e,0x03,0x01,0x22,0x0e,0x02,0x07,0x16,0x16,0x33,0x32,0x36,
  0x35,0x34,0x26,0x26,0x01,0x39,0x4b,0x81,0x4f,0x14,0x16,0x48,
  0x10,0x10,0x37,0x5d,0x38,0x5b,0x67,0x2b,0x1d,0x11,0x51,0x10,
  0x0b,0x06,0x13,0x37,0x21,0x57,0x66,0x6e,0x39,0x37,0x4f,0x2b,
  0x10,0x12,0x22,0x46,0x1f,0x15,0x13,0x1c,0x16,0x17,0x42,0x47,
  0x1e,0x2c,0x87,0x60,0x60,0x7a,0x20,0x05,0x22,0x47,0x79,0x02,
  0xa0,0x2d,0x59,0x51,0x43,0x16,0x1b,0x41,0x27,0x84,0x93,0x16,
  0x2e,0xe8,0x37,0x67,0x49,0x24,0x58,0x35,0x1c,0x2a,0x46,0x1e,
  0x33,0x46,0x23,0x3a,0x5c,0x31,0x31,0x69,0x3b,0x16,0x39,0x34,
  0x0f,0x30,0x14,0x31,0x64,0x53,0x32,0x2d,0x4c,0x30,0x1d,0x37,
  0x18,0x0c,0x08,0x17,0x10,0x10,0x1b,0x08,0x14,0x12,0x19,0x1d,
  0x1e,0x16,0x30,0x5f,0x50,0x30,0x02,0x0c,0x2c,0x45,0x4a,0x1e,
  0x03,0x03,0x41,0x3f,0x16,0x2b,0x1e,0x00,0x00,0x02,0x00,0x00,
  0xff,0xee,0x03,0xe7,0x01,0x71,0x00,0x2f,0x00,0x3d,0x00,0x00,
  0x05,0x22,0x26,0x26,0x27,0x0e,0x02,0x23,0x37,0x32,0x36,0x36,
  0x37,0x17,0x06,0x06,0x15,0x14,0x16,0x17,0x3e,0x03,0x33,0x32,
  0x16,0x16,0x15,0x14,0x06,0x07,0x16,0x16,0x33,0x32,0x16,0x15,
  0x14,0x06,0x23,0x22,0x26,0x26,0x27,0x06,0x06,0x13,0x22,0x0e,
  0x02,0x07,0x16,0x33,0x32,0x36,0x35,0x34,0x26,0x26,0x01,0xe4,
  0x6b,0x83,0x44,0x0d,0x18,0x35,0x39,0x1f,0x0a,0x2f,0x32,0x1e,
  0x11,0x49,0x0a,0x0b,0x1f,0x31,0x20,0x58,0x68,0x71,0x3a,0x37,
  0x4f,0x2b,0x0f,0x10,0x21,0x45,0x1e,0x15,0x13,0x1c,0x16,0x16,
  0x41,0x45,0x1d,0x2d,0x89,0x5d,0x2d,0x5b,0x52,0x42,0x16,0x35,
  0x50,0x84,0x93,0x16,0x2e,0x12,0x13,0x27,0x1e,0x23,0x1f,0x09,
  0x52,0x25,0x56,0x4b,0x13,0x23,0x38,0x0e,0x1c,0x25,0x09,0x32,
  0x67,0x56,0x35,0x2d,0x4c,0x30,0x1c,0x35,0x17,0x0c,0x07,0x17,
  0x10,0x10,0x1b,0x08,0x12,0x11,0x1a,0x1e,0x01,0x31,0x2d,0x46,
  0x4b,0x1e,0x03,0x41,0x3f,0x16,0x2b,0x1e,0x00,0x02,0x00,0x00,
  0xff,0xee,0x03,0x5a,0x01,0x71,0x00,0x20,0x00,0x2e,0x00,0x00,
  0x05,0x22,0x26,0x26,0x27,0x0e,0x02,0x23,0x37,0x32,0x36,0x36,
  0x37,0x17,0x06,0x06,0x15,0x14,0x16,0x17,0x3e,0x03,0x33,0x32,
  0x16,0x16,0x15,0x14,0x06,0x06,0x13,0x22,0x0e,0x02,0x07,0x16,
  0x33,0x32,0x36,0x35,0x34,0x26,0x26,0x01,0xe4,0x6b,0x83,0x44,
  0x0d,0x18,0x35,0x39,0x1f,0x0a,0x2f,0x32,0x1e,0x11,0x49,0x0a,
  0x0b,0x1f,0x31,0x20,0x58,0x68,0x71,0x3a,0x37,0x4f,0x2b,0x45,
  0xa4,0x32,0x2d,0x5b,0x52,0x42,0x16,0x35,0x50,0x84,0x93,0x16,
  0x2e,0x12,0x13,0x27,0x1e,0x23,0x1f,0x09,0x52,0x25,0x56,0x4b,
  0x13,0x23,0x38,0x0e,0x1c,0x25,0x09,0x32,0x67,0x56,0x35,0x2d,
  0x4c,0x30,0x3b,0x63,0x3c,0x01,0x31,0x2d,0x46,0x4b,0x1e,0x03,
  0x41,0x3f,0x16,0x2b,0x1e,0x00,0x00,0x02,0x00,0x14,0xff,0xf3,
  0x02,0xe7,0x02,0xca,0x00,0x16,0x00,0x25,0x00,0x00,0x05,0x22,
  0x26,0x27,0x37,0x16,0x16,0x17,0x36,0x37,0x03,0x33,0x13,0x36,
  0x36,0x33,0x32,0x16,0x16,0x15,0x14,0x06,0x06,0x13,0x22,0x0e,
  0x02,0x07,0x32,0x16,0x33,0x32,0x36,0x35,0x34,0x26,0x26,0x01,
  0x71,0x7d,0xb2,0x2e,0x09,0x1b,0x44,0x29,0x16,0x19,0x13,0x51,
  0x12,0x3c,0x8d,0x49,0x37,0x4f,0x2b,0x45,0xa4,0x32,0x2e,0x5b,
  0x52,0x43,0x15,0x1f,0x43,0x24,0x84,0x93,0x16,0x2e,0x0d,0x0d,
  0x06,0x4e,0x04,0x05,0x02,0x22,0x21,0x02,0x3e,0xfe,0x1e,0x3c,
  0x52,0x2d,0x4c,0x30,0x3b,0x63,0x3c,0x01,0x31,0x2e,0x46,0x4c,
  0x1e,0x01,0x41,0x3f,0x16,0x2b,0x1e,0x00,0x00,0x02,0x00,0x14,
  0xff,0xf3,0x03,0x71,0x02,0xca,0x00,0x25,0x00,0x34,0x00,0x00,
  0x05,0x22,0x26,0x27,0x37,0x16,0x16,0x17,0x36,0x37,0x03,0x33,
  0x13,0x36,0x36,0x33,0x32,0x16,0x16,0x15,0x14,0x06,0x07,0x16,
  0x16,0x33,0x32,0x16,0x15,0x14,0x06,0x23,0x22,0x26,0x26,0x27,
  0x06,0x06,0x13,0x22,0x0e,0x02,0x07,0x32,0x16,0x33,0x32,0x36,
  0x35,0x34,0x26,0x26,0x01,0x71,0x7d,0xb2,0x2e,0x09,0x1b,0x44,
  0x29,0x16,0x19,0x13,0x51,0x12,0x3c,0x8d,0x49,0x37,0x4f,0x2b,
  0x10,0x12,0x21,0x45,0x1e,0x15,0x13,0x1c,0x16,0x16,0x42,0x47,
  0x1d,0x2c,0x87,0x60,0x2e,0x5b,0x52,0x43,0x15,0x1f,0x43,0x24,
  0x84,0x93,0x16,0x2e,0x0d,0x0d,0x06,0x4e,0x04,0x05,0x02,0x22,
  0x21,0x02,0x3e,0xfe,0x1e,0x3c,0x52,0x2d,0x4c,0x30,0x1d,0x38,
  0x18,0x0c,0x07,0x17,0x10,0x10,0x1b,0x08,0x13,0x12,0x19,0x1c,
  0x01,0x31,0x2e,0x46,0x4c,0x1e,0x01,0x41,0x3f,0x16,0x2b,0x1e,
  0x00,0x02,0x00,0x00,0xff,0xfb,0x02,0xf8,0x02,0xca,0x00,0x23,
  0x00,0x30,0x00,0x00,0x15,0x37,0x33,0x36,0x37,0x03,0x33,0x13,
  0x36,0x36,0x33,0x32,0x16,0x16,0x15,0x14,0x06,0x07,0x16,0x16,
  0x33,0x32,0x16,0x15,0x14,0x06,0x23,0x22,0x26,0x26,0x27,0x06,
  0x07,0x06,0x06,0x23,0x01,0x22,0x0e,0x02,0x07,0x33,0x32,0x36,
  0x35,0x34,0x26,0x26,0x0a,0x32,0x10,0x12,0x13,0x51,0x12,0x3d,
  0x91,0x4b,0x37,0x4f,0x2b,0x14,0x17,0x21,0x44,0x1e,0x15,0x13,
  0x1c,0x16,0x17,0x45,0x4a,0x1d,0x10,0x12,0x40,0xb4,0x84,0x01,
  0x58,0x2b,0x57,0x50,0x42,0x16,0x44,0xae,0xa2,0x16,0x2e,0x05,
  0x52,0x19,0x18,0x02,0x4c,0xfe,0x12,0x3e,0x57,0x2d,0x4c,0x30,
  0x1a,0x36,0x18,0x0c,0x07,0x17,0x10,0x10,0x1b,0x08,0x16,0x13,
  0x07,0x06,0x15,0x0f,0x01,0x24,0x2a,0x41,0x49,0x1e,0x3c,0x40,
  0x11,0x28,0x1d,0x00,0x00,0x02,0x00,0x00,0xff,0xfb,0x02,0x78,
  0x02,0xca,0x00,0x14,0x00,0x21,0x00,0x00,0x15,0x37,0x33,0x36,
  0x37,0x03,0x33,0x13,0x36,0x36,0x33,0x32,0x16,0x16,0x15,0x14,
  0x06,0x07,0x06,0x06,0x23,0x01,0x22,0x0e,0x02,0x07,0x33,0x32,
  0x36,0x35,0x34,0x26,0x26,0x0a,0x32,0x10,0x12,0x13,0x51,0x12,
  0x3d,0x91,0x4b,0x37,0x4f,0x2b,0x44,0x53,0x40,0xb4,0x84,0x01,
  0x58,0x2b,0x57,0x50,0x42,0x16,0x44,0xae,0xa2,0x16,0x2e,0x05,
  0x52,0x19,0x18,0x02,0x4c,0xfe,0x12,0x3e,0x57,0x2d,0x4c,0x30,
  0x2f,0x5f,0x1b,0x15,0x0f,0x01,0x24,0x2a,0x41,0x49,0x1e,0x3c,
  0x40,0x11,0x28,0x1d,0x00,0x01,0x00,0x0a,0xfe,0x76,0x02,0x41,
  0x01,0xf3,0x00,0x2e,0x00,0x00,0x01,0x22,0x2e,0x02,0x35,0x34,
  0x36,0x37,0x26,0x26,0x35,0x34,0x36,0x36,0x33,0x32,0x17,0x07,
  0x26,0x23,0x22,0x06,0x15,0x14,0x16,0x16,0x17,0x36,0x37,0x17,
  0x0e,0x02,0x15,0x14,0x1e,0x02,0x33,0x32,0x36,0x37,0x17,0x0e,
  0x02,0x01,0x57,0x36,0x74,0x64,0x3f,0x4a,0x41,0x32,0x3e,0x3b,
  0x5d,0x34,0x30,0x33,0x11,0x2a,0x28,0x37,0x45,0x27,0x38,0x1a,
  0x4e,0x5d,0x15,0x61,0x99,0x58,0x30,0x4d,0x57,0x27,0x35,0x6e,
  0x2d,0x1a,0x18,0x4f,0x5a,0xfe,0x76,0x19,0x3d,0x67,0x4e,0x51,
  0x8b,0x35,0x15,0x5a,0x35,0x3f,0x54,0x2a,0x10,0x4d,0x0b,0x39,
  0x2c,0x1e,0x2f,0x1f,0x05,0x27,0x10,0x4e,0x12,0x50,0x77,0x4e,
  0x3b,0x4d,0x2b,0x12,0x13,0x13,0x46,0x0c,0x17,0x0f,0x00,0x02,
  0x00,0x0a,0xfe,0x76,0x02,0x45,0x01,0x9b,0x00,0x38,0x00,0x44,
  0x00,0x00,0x01,0x22,0x2e,0x02,0x35,0x34,0x36,0x36,0x37,0x26,
  0x26,0x27,0x2e,0x02,0x35,0x34,0x3e,0x02,0x33,0x32,0x16,0x15,
  0x14,0x06,0x07,0x16,0x16,0x33,0x32,0x16,0x15,0x14,0x06,0x23,
  0x22,0x26,0x26,0x27,0x0e,0x02,0x15,0x14,0x1e,0x02,0x33,0x32,
  0x36,0x37,0x17,0x0e,0x02,0x03,0x16,0x16,0x17,0x36,0x36,0x35,
  0x34,0x26,0x23,0x22,0x06,0x01,0x29,0x2d,0x64,0x57,0x37,0x3c,
  0x5c,0x2f,0x18,0x3a,0x23,0x06,0x0c,0x08,0x26,0x40,0x52,0x2c,
  0x47,0x4e,0x3f,0x2d,0x26,0x5e,0x4a,0x15,0x13,0x1c,0x16,0x45,
  0x61,0x46,0x1e,0x2c,0x4f,0x32,0x2c,0x42,0x46,0x19,0x34,0x72,
  0x3d,0x1a,0x1d,0x54,0x5e,0xcd,0x24,0x3f,0x25,0x27,0x33,0x26,
  0x2f,0x22,0x53,0xfe,0x76,0x11,0x2f,0x55,0x43,0x49,0x6c,0x4f,
  0x20,0x1c,0x38,0x19,0x05,0x1a,0x1c,0x07,0x0f,0x2a,0x27,0x1a,
  0x46,0x2f,0x39,0x54,0x24,0x13,0x15,0x17,0x10,0x10,0x1b,0x12,
  0x1f,0x15,0x20,0x42,0x50,0x34,0x2e,0x3a,0x1f,0x0c,0x17,0x19,
  0x40,0x11,0x1f,0x12,0x02,0xa6,0x1e,0x39,0x27,0x1b,0x36,0x21,
  0x14,0x26,0x1a,0x00,0x00,0x02,0x00,0x00,0xff,0xfb,0x02,0x3b,
  0x01,0x9b,0x00,0x25,0x00,0x31,0x00,0x00,0x15,0x37,0x32,0x36,
  0x37,0x26,0x26,0x27,0x2e,0x02,0x35,0x34,0x3e,0x02,0x33,0x32,
  0x16,0x16,0x15,0x14,0x06,0x07,0x16,0x16,0x33,0x32,0x16,0x15,
  0x14,0x06,0x23,0x22,0x26,0x27,0x06,0x06,0x13,0x16,0x16,0x17,
  0x36,0x36,0x35,0x34,0x26,0x23,0x22,0x06,0x0a,0x35,0x60,0x29,
  0x18,0x3c,0x24,0x06,0x0c,0x08,0x26,0x40,0x52,0x2c,0x39,0x47,
  0x21,0x38,0x31,0x2b,0x64,0x32,0x15,0x13,0x1c,0x16,0x42,0x8b,
  0x36,0x37,0x85,0x34,0x26,0x43,0x29,0x2b,0x31,0x2b,0x36,0x22,
  0x53,0x05,0x52,0x12,0x10,0x1c,0x3a,0x1a,0x05,0x1a,0x1c,0x07,
  0x0f,0x2a,0x27,0x1a,0x22,0x35,0x1e,0x31,0x61,0x28,0x10,0x0f,
  0x17,0x10,0x10,0x1b,0x1f,0x20,0x1d,0x22,0x01,0x21,0x20,0x3d,
  0x2c,0x1c,0x41,0x20,0x14,0x26,0x1a,0x00,0x00,0x01,0x00,0x00,
  0xff,0xfb,0x01,0xd9,0x01,0xb7,0x00,0x22,0x00,0x00,0x15,0x37,
  0x32,0x36,0x36,0x33,0x2e,0x02,0x35,0x34,0x36,0x36,0x33,0x32,
  0x17,0x07,0x26,0x23,0x22,0x06,0x15,0x14,0x1e,0x02,0x37,0x3e,
  0x02,0x37,0x17,0x0e,0x02,0x0a,0x3f,0x45,0x20,0x06,0x12,0x30,
  0x24,0x35,0x5d,0x3c,0x30,0x33,0x11,0x2a,0x28,0x37,0x45,0x22,
  0x33,0x37,0x16,0x10,0x1b,0x2a,0x26,0x1c,0x43,0x8b,0xa3,0x05,
  0x52,0x02,0x03,0x0a,0x2b,0x43,0x2e,0x39,0x56,0x30,0x10,0x4d,
  0x0b,0x3b,0x32,0x21,0x33,0x23,0x12,0x01,0x05,0x09,0x11,0x11,
  0x49,0x1b,0x2a,0x17,0x00,0x02,0x00,0x1e,0xff,0xeb,0x03,0xaa,
  0x01,0xf5,0x00,0x2b,0x00,0x3a,0x00,0x00,0x05,0x22,0x26,0x35,
  0x34,0x36,0x37,0x17,0x06,0x06,0x15,0x14,0x16,0x16,0x33,0x32,
  0x32,0x36,0x36,0x37,0x36,0x37,0x06,0x06,0x23,0x22,0x26,0x35,
  0x34,0x3e,0x02,0x33,0x32,0x16,0x16,0x15,0x14,0x06,0x07,0x0e,
  0x03,0x13,0x14,0x16,0x33,0x32,0x37,0x34,0x35,0x34,0x26,0x26,
  0x23,0x22,0x06,0x06,0x01,0x86,0xb2,0xb6,0x12,0x0a,0x4b,0x06,
  0x0f,0x35,0x84,0x77,0x3d,0x7f,0x70,0x51,0x10,0x22,0x09,0x14,
  0x2d,0x16,0x4c,0x53,0x18,0x2c,0x3e,0x26,0x36,0x47,0x23,0x1d,
  0x23,0x13,0x5f,0x86,0x9c,0xdb,0x28,0x31,0x2b,0x27,0x16,0x28,
  0x1c,0x17,0x25,0x15,0x15,0x5e,0x6d,0x25,0x53,0x25,0x13,0x16,
  0x43,0x1a,0x34,0x3f,0x1d,0x04,0x0a,0x0a,0x16,0x3e,0x07,0x06,
  0x3f,0x40,0x26,0x4d,0x40,0x27,0x46,0x71,0x3f,0x4b,0x73,0x23,
  0x13,0x15,0x09,0x02,0x01,0x44,0x1f,0x25,0x0c,0x06,0x08,0x2a,
  0x48,0x2c,0x23,0x36,0x00,0x02,0x00,0x1e,0xff,0xeb,0x04,0x7c,
  0x01,0x9f,0x00,0x2f,0x00,0x3d,0x00,0x00,0x05,0x22,0x26,0x35,
  0x34,0x36,0x37,0x17,0x06,0x06,0x15,0x14,0x16,0x16,0x33,0x32,
  0x36,0x37,0x26,0x26,0x35,0x34,0x36,0x36,0x33,0x32,0x16,0x16,
  0x15,0x14,0x06,0x07,0x16,0x16,0x33,0x32,0x16,0x15,0x14,0x06,
  0x23,0x22,0x27,0x06,0x07,0x0e,0x02,0x25,0x14,0x16,0x17,0x36,
  0x36,0x35,0x34,0x26,0x26,0x23,0x22,0x06,0x06,0x01,0x86,0xb2,
  0xb6,0x12,0x0a,0x4b,0x06,0x0f,0x35,0x84,0x77,0x6e,0xae,0x36,
  0x18,0x2e,0x31,0x50,0x2e,0x31,0x4a,0x29,0x26,0x21,0x29,0x54,
  0x1f,0x15,0x13,0x1c,0x16,0x81,0x71,0x10,0x12,0x1e,0x83,0xaf,
  0x01,0x18,0x33,0x1f,0x27,0x36,0x16,0x26,0x19,0x18,0x29,0x19,
  0x15,0x5e,0x6d,0x25,0x53,0x25,0x13,0x16,0x43,0x1a,0x34,0x3f,
  0x1d,0x0d,0x09,0x14,0x45,0x32,0x36,0x57,0x34,0x37,0x55,0x2d,
  0x2f,0x49,0x1b,0x03,0x03,0x17,0x10,0x10,0x1b,0x21,0x06,0x05,
  0x09,0x11,0x0c,0xf1,0x28,0x37,0x11,0x12,0x39,0x29,0x17,0x32,
  0x24,0x22,0x34,0x00,0x00,0x02,0x00,0x00,0xff,0xfb,0x02,0x21,
  0x01,0x9f,0x00,0x22,0x00,0x30,0x00,0x00,0x15,0x37,0x32,0x36,
  0x37,0x26,0x26,0x35,0x34,0x36,0x36,0x33,0x32,0x16,0x16,0x15,
  0x14,0x06,0x07,0x16,0x16,0x33,0x32,0x16,0x15,0x14,0x06,0x23,
  0x22,0x26,0x27,0x06,0x07,0x06,0x06,0x37,0x14,0x16,0x17,0x36,
  0x36,0x35,0x34,0x26,0x26,0x23,0x22,0x06,0x06,0x0a,0x22,0x49,
  0x22,0x18,0x2e,0x32,0x50,0x2d,0x31,0x4a,0x29,0x26,0x20,0x28,
  0x54,0x1f,0x15,0x13,0x1c,0x16,0x3d,0x84,0x32,0x10,0x11,0x2e,
  0x76,0x6c,0x30,0x1e,0x29,0x38,0x16,0x26,0x19,0x18,0x29,0x19,
  0x05,0x52,0x02,0x04,0x16,0x46,0x32,0x36,0x56,0x32,0x36,0x53,
  0x2d,0x2f,0x4a,0x1c,0x03,0x04,0x17,0x10,0x10,0x1b,0x13,0x0e,
  0x06,0x05,0x0d,0x09,0xe4,0x27,0x3b,0x12,0x12,0x3c,0x2a,0x17,
  0x31,0x22,0x20,0x33,0x00,0x02,0x00,0x00,0xff,0xfb,0x01,0x92,
  0x01,0xf5,0x00,0x1d,0x00,0x2c,0x00,0x00,0x15,0x37,0x32,0x36,
  0x36,0x37,0x36,0x36,0x37,0x06,0x06,0x23,0x22,0x26,0x35,0x34,
  0x3e,0x02,0x33,0x32,0x16,0x16,0x15,0x14,0x06,0x07,0x0e,0x02,
  0x13,0x14,0x16,0x33,0x32,0x37,0x34,0x35,0x34,0x26,0x26,0x23,
  0x22,0x06,0x06,0x0a,0x21,0x55,0x50,0x17,0x20,0x27,0x0a,0x12,
  0x29,0x14,0x4c,0x53,0x18,0x2c,0x3e,0x26,0x36,0x47,0x23,0x33,
  0x3b,0x1f,0x5d,0x6e,0x5f,0x28,0x31,0x2b,0x27,0x16,0x28,0x1c,
  0x17,0x25,0x15,0x05,0x52,0x01,0x07,0x08,0x0b,0x23,0x1c,0x06,
  0x05,0x48,0x37,0x26,0x4d,0x40,0x27,0x46,0x71,0x3f,0x4b,0x6b,
  0x23,0x12,0x13,0x06,0x01,0x34,0x1f,0x25,0x0c,0x06,0x08,0x2a,
  0x48,0x2c,0x23,0x36,0x00,0x02,0x00,0x1e,0xff,0x44,0x02,0xd9,
  0x01,0xa0,0x00,0x29,0x00,0x38,0x00,0x00,0x05,0x22,0x26,0x26,
  0x35,0x34,0x36,0x37,0x17,0x06,0x06,0x15,0x14,0x16,0x16,0x33,
  0x32,0x36,0x37,0x36,0x37,0x06,0x06,0x23,0x22,0x26,0x35,0x34,
  0x3e,0x02,0x33,0x32,0x16,0x16,0x15,0x14,0x06,0x07,0x0e,0x02,
  0x13,0x14,0x16,0x33,0x32,0x37,0x34,0x35,0x34,0x26,0x26,0x23,
  0x22,0x06,0x06,0x01,0x46,0x4f,0x87,0x52,0x12,0x27,0x49,0x17,
  0x15,0x3f,0x69,0x40,0x74,0x93,0x14,0x06,0x05,0x13,0x2a,0x15,
  0x4c,0x53,0x18,0x2c,0x3e,0x26,0x36,0x47,0x23,0x11,0x15,0x20,
  0x6d,0x8e,0x48,0x28,0x31,0x2b,0x27,0x16,0x28,0x1c,0x17,0x25,
  0x15,0xbc,0x31,0x68,0x54,0x17,0x65,0x47,0x22,0x2f,0x44,0x1f,
  0x3f,0x49,0x20,0x53,0x3d,0x14,0x16,0x06,0x05,0x3f,0x40,0x26,
  0x4d,0x40,0x27,0x46,0x71,0x3f,0x31,0x61,0x29,0x3e,0x4c,0x21,
  0x01,0x96,0x1f,0x25,0x0c,0x07,0x07,0x2a,0x48,0x2c,0x23,0x36,
  0x00,0x02,0x00,0x1e,0xfe,0xf0,0x03,0x5a,0x01,0x4b,0x00,0x2f,
  0x00,0x3a,0x00,0x00,0x01,0x22,0x26,0x26,0x35,0x34,0x36,0x37,
  0x17,0x06,0x06,0x15,0x14,0x16,0x16,0x33,0x32,0x36,0x37,0x36,
  0x37,0x23,0x22,0x26,0x26,0x27,0x26,0x3e,0x02,0x33,0x32,0x16,
  0x17,0x33,0x32,0x16,0x15,0x14,0x06,0x23,0x23,0x06,0x06,0x07,
  0x0e,0x02,0x13,0x33,0x34,0x26,0x23,0x22,0x06,0x06,0x15,0x14,
  0x16,0x01,0x46,0x4f,0x87,0x52,0x12,0x27,0x49,0x17,0x15,0x3f,
  0x69,0x40,0x74,0x93,0x14,0x06,0x04,0x48,0x2d,0x4c,0x2e,0x02,
  0x01,0x19,0x2e,0x3e,0x24,0x43,0x5e,0x03,0x56,0x15,0x13,0x1c,
  0x16,0x55,0x05,0x10,0x0b,0x20,0x6d,0x8e,0xc7,0x2b,0x34,0x26,
  0x15,0x24,0x17,0x3f,0xfe,0xf0,0x31,0x68,0x54,0x17,0x65,0x47,
  0x22,0x2f,0x44,0x1f,0x3e,0x4a,0x20,0x53,0x3d,0x11,0x16,0x19,
  0x38,0x2d,0x25,0x4a,0x3e,0x25,0x7a,0x84,0x17,0x10,0x10,0x1b,
  0x17,0x32,0x17,0x3e,0x4c,0x21,0x01,0x5d,0x53,0x5a,0x21,0x34,
  0x1d,0x23,0x18,0x00,0x00,0x04,0x00,0x0f,0xff,0x3c,0x02,0x19,
  0x01,0x9f,0x00,0x1b,0x00,0x27,0x00,0x33,0x00,0x3f,0x00,0x00,
  0x17,0x27,0x16,0x36,0x37,0x26,0x26,0x35,0x34,0x36,0x36,0x33,
  0x32,0x16,0x16,0x15,0x14,0x06,0x07,0x16,0x16,0x33,0x07,0x22,
  0x26,0x27,0x06,0x06,0x37,0x14,0x16,0x17,0x36,0x36,0x35,0x34,
  0x26,0x23,0x22,0x06,0x13,0x22,0x26,0x35,0x34,0x36,0x33,0x32,
  0x16,0x15,0x14,0x06,0x23,0x22,0x26,0x35,0x34,0x36,0x33,0x32,
  0x16,0x15,0x14,0x06,0x20,0x11,0x2c,0x55,0x23,0x17,0x2b,0x30,
  0x50,0x30,0x33,0x49,0x27,0x2c,0x23,0x2a,0x5a,0x20,0x0a,0x41,
  0x8d,0x31,0x39,0x85,0x71,0x2c,0x1b,0x2d,0x3b,0x2d,0x29,0x27,
  0x32,0x92,0x15,0x1d,0x1d,0x15,0x14,0x1d,0x1d,0x9d,0x15,0x1d,
  0x1d,0x15,0x14,0x1d,0x1d,0x07,0x4c,0x01,0x0c,0x08,0x17,0x4e,
  0x34,0x34,0x4e,0x2c,0x2e,0x4f,0x31,0x35,0x4c,0x1b,0x04,0x04,
  0x52,0x15,0x10,0x14,0x14,0xf4,0x28,0x3f,0x15,0x12,0x3a,0x2f,
  0x29,0x39,0x38,0xfe,0x27,0x1d,0x14,0x14,0x1e,0x1e,0x14,0x14,
  0x1d,0x1d,0x14,0x14,0x1e,0x1e,0x14,0x14,0x1d,0x00,0x00,0x04,
  0x00,0x00,0xff,0x3c,0x02,0x69,0x01,0x9f,0x00,0x2d,0x00,0x39,
  0x00,0x45,0x00,0x51,0x00,0x00,0x17,0x26,0x26,0x35,0x34,0x36,
  0x36,0x37,0x36,0x36,0x37,0x26,0x26,0x35,0x34,0x36,0x36,0x33,
  0x32,0x16,0x16,0x15,0x14,0x06,0x07,0x16,0x16,0x33,0x32,0x16,
  0x15,0x14,0x06,0x23,0x22,0x26,0x27,0x06,0x06,0x07,0x06,0x06,
  0x15,0x14,0x16,0x17,0x13,0x14,0x16,0x17,0x36,0x36,0x35,0x34,
  0x26,0x23,0x22,0x06,0x13,0x22,0x26,0x35,0x34,0x36,0x33,0x32,
  0x16,0x15,0x14,0x06,0x23,0x22,0x26,0x35,0x34,0x36,0x33,0x32,
  0x16,0x15,0x14,0x06,0x35,0x1e,0x17,0x25,0x3c,0x21,0x16,0x2d,
  0x16,0x17,0x2b,0x30,0x50,0x30,0x33,0x49,0x27,0x2c,0x23,0x2a,
  0x5a,0x20,0x15,0x13,0x1c,0x16,0x41,0x8d,0x31,0x2e,0x58,0x1e,
  0x1e,0x28,0x14,0x0b,0x7e,0x2c,0x1b,0x2d,0x3b,0x2d,0x29,0x27,
  0x32,0x92,0x15,0x1d,0x1d,0x15,0x14,0x1d,0x1d,0x9d,0x15,0x1d,
  0x1d,0x15,0x14,0x1d,0x1d,0xa6,0x1d,0x3d,0x1d,0x2a,0x2f,0x19,
  0x05,0x03,0x08,0x05,0x17,0x4e,0x34,0x34,0x4e,0x2c,0x2e,0x4f,
  0x31,0x35,0x4c,0x1b,0x04,0x04,0x17,0x10,0x10,0x1b,0x15,0x10,
  0x10,0x10,0x05,0x04,0x10,0x1b,0x17,0x28,0x11,0x01,0x70,0x28,
  0x3f,0x15,0x12,0x3a,0x2f,0x29,0x39,0x38,0xfe,0x27,0x1d,0x14,
  0x14,0x1e,0x1e,0x14,0x14,0x1d,0x1d,0x14,0x14,0x1e,0x1e,0x14,
  0x14,0x1d,0x00,0x01,0x00,0x1e,0xff,0xeb,0x03,0x37,0x02,0xca,
  0x00,0x1a,0x00,0x00,0x05,0x22,0x26,0x35,0x34,0x36,0x37,0x17,
  0x06,0x06,0x15,0x14,0x16,0x16,0x33,0x32,0x3e,0x02,0x27,0x03,
  0x33,0x13,0x16,0x0e,0x02,0x01,0x86,0xb2,0xb6,0x12,0x0a,0x4b,
  0x06,0x0f,0x35,0x84,0x77,0x63,0x80,0x47,0x1b,0x02,0x13,0x51,
  0x14,0x02,0x1e,0x5a,0xac,0x15,0x5e,0x6d,0x25,0x53,0x25,0x13,
  0x16,0x43,0x1a,0x34,0x3f,0x1d,0x0f,0x21,0x35,0x26,0x02,0x02,
  0xfe,0x07,0x35,0x55,0x3c,0x20,0x00,0x01,0x00,0x1e,0xff,0xeb,
  0x03,0xcc,0x02,0xca,0x00,0x25,0x00,0x00,0x05,0x22,0x26,0x35,
  0x34,0x36,0x37,0x17,0x06,0x06,0x15,0x14,0x16,0x16,0x33,0x32,
  0x3e,0x02,0x27,0x03,0x33,0x13,0x1e,0x02,0x33,0x32,0x16,0x15,
  0x14,0x06,0x23,0x22,0x26,0x27,0x06,0x06,0x01,0x86,0xb2,0xb6,
  0x12,0x0a,0x4b,0x06,0x0f,0x35,0x84,0x77,0x62,0x80,0x47,0x1c,
  0x02,0x13,0x51,0x14,0x02,0x1d,0x32,0x1e,0x15,0x13,0x1c,0x16,
  0x3c,0x3f,0x0c,0x2d,0xbe,0x15,0x5e,0x6d,0x25,0x53,0x25,0x13,
  0x16,0x43,0x1a,0x34,0x3f,0x1d,0x0f,0x21,0x35,0x26,0x02,0x02,
  0xfe,0x07,0x33,0x3a,0x17,0x17,0x10,0x10,0x1b,0x2e,0x1f,0x33,
  0x2a,0x00,0x00,0x01,0x00,0x00,0xff,0xfb,0x02,0x2e,0x02,0xc3,
  0x00,0x2e,0x00,0x00,0x15,0x37,0x33,0x32,0x36,0x36,0x35,0x34,
  0x2e,0x04,0x35,0x34,0x36,0x37,0x3e,0x02,0x37,0x17,0x06,0x06,
  0x07,0x1e,0x02,0x17,0x1e,0x02,0x33,0x32,0x16,0x15,0x14,0x06,
  0x23,0x22,0x26,0x26,0x27,0x0e,0x02,0x23,0x0a,0x4d,0x53,0x50,
  0x19,0x24,0x38,0x3f,0x38,0x24,0x0b,0x0a,0x1b,0x69,0x88,0x47,
  0x22,0x58,0xa9,0x3f,0x37,0x60,0x52,0x22,0x15,0x38,0x37,0x11,
  0x15,0x13,0x1c,0x16,0x18,0x3f,0x40,0x18,0x14,0x3c,0x60,0x4a,
  0x05,0x52,0x12,0x1e,0x10,0x18,0x3a,0x3d,0x3c,0x32,0x25,0x08,
  0x17,0x28,0x0b,0x1d,0x3f,0x43,0x23,0x4a,0x2c,0x52,0x2c,0x2f,
  0x58,0x65,0x40,0x27,0x24,0x0b,0x17,0x10,0x10,0x1b,0x0d,0x25,
  0x24,0x1d,0x26,0x13,0x00,0x01,0x00,0x00,0xff,0xfb,0x01,0xa6,
  0x02,0xc3,0x00,0x21,0x00,0x00,0x15,0x37,0x33,0x32,0x3e,0x02,
  0x35,0x34,0x26,0x27,0x2e,0x02,0x35,0x34,0x36,0x37,0x36,0x36,
  0x37,0x17,0x0e,0x02,0x07,0x16,0x16,0x15,0x14,0x0e,0x02,0x23,
  0x0a,0x5e,0x3b,0x45,0x21,0x0b,0x23,0x36,0x25,0x4a,0x30,0x0b,
  0x0a,0x28,0xab,0x80,0x22,0x5b,0x73,0x4b,0x20,0x75,0x7d,0x10,
  0x34,0x68,0x58,0x05,0x52,0x0d,0x15,0x19,0x0d,0x17,0x44,0x36,
  0x26,0x3a,0x28,0x09,0x17,0x28,0x0b,0x2b,0x57,0x40,0x4a,0x2c,
  0x39,0x2b,0x16,0x5f,0x97,0x4d,0x16,0x34,0x2e,0x1d,0x00,0x01,
  0x00,0x1e,0xff,0xeb,0x03,0x77,0x02,0xc3,0x00,0x2d,0x00,0x00,
  0x05,0x22,0x26,0x35,0x34,0x36,0x37,0x17,0x06,0x06,0x15,0x14,
  0x16,0x16,0x33,0x32,0x3e,0x02,0x35,0x34,0x26,0x27,0x2e,0x02,
  0x35,0x34,0x36,0x37,0x36,0x36,0x37,0x17,0x0e,0x02,0x07,0x16,
  0x16,0x15,0x14,0x0e,0x03,0x01,0x86,0xb2,0xb6,0x12,0x0a,0x4b,
  0x06,0x0f,0x35,0x84,0x77,0x62,0x7f,0x47,0x1d,0x23,0x36,0x25,
  0x4a,0x30,0x0b,0x0a,0x28,0xab,0x80,0x22,0x5b,0x73,0x4b,0x20,
  0x75,0x7d,0x0e,0x2f,0x5c,0x9c,0x15,0x5e,0x6d,0x25,0x53,0x25,
  0x13,0x16,0x43,0x1a,0x34,0x3f,0x1d,0x0c,0x16,0x21,0x15,0x17,
  0x44,0x36,0x26,0x3a,0x28,0x09,0x17,0x28,0x0b,0x2b,0x57,0x40,
  0x4a,0x2c,0x39,0x2b,0x16,0x5f,0x97,0x4d,0x17,0x30,0x2a,0x21,
  0x13,0x00,0x00,0x01,0x00,0x1e,0xff,0xeb,0x04,0x01,0x02,0xc3,
  0x00,0x3a,0x00,0x00,0x05,0x22,0x26,0x35,0x34,0x36,0x37,0x17,
  0x06,0x06,0x15,0x14,0x16,0x16,0x33,0x32,0x36,0x36,0x35,0x34,
  0x2e,0x04,0x35,0x34,0x36,0x37,0x3e,0x02,0x37,0x17,0x06,0x06,
  0x07,0x1e,0x02,0x17,0x1e,0x02,0x33,0x32,0x16,0x15,0x14,0x06,
  0x23,0x22,0x26,0x26,0x27,0x0e,0x03,0x01,0x86,0xb2,0xb6,0x12,
  0x0a,0x4b,0x06,0x0f,0x35,0x84,0x77,0x7d,0x8e,0x3b,0x24,0x38,
  0x3f,0x38,0x24,0x0b,0x0a,0x1b,0x69,0x88,0x47,0x22,0x58,0xa9,
  0x3f,0x37,0x60,0x52,0x22,0x15,0x38,0x37,0x11,0x15,0x13,0x1c,
  0x16,0x18,0x40,0x3f,0x18,0x11,0x38,0x5d,0x8e,0x15,0x5e,0x6d,
  0x25,0x53,0x25,0x13,0x16,0x43,0x1a,0x34,0x3f,0x1d,0x1a,0x26,
  0x10,0x18,0x3a,0x3d,0x3c,0x32,0x25,0x08,0x17,0x28,0x0b,0x1d,
  0x3f,0x43,0x23,0x4a,0x2c,0x52,0x2c,0x2f,0x58,0x65,0x40,0x27,
  0x24,0x0b,0x17,0x10,0x10,0x1b,0x0d,0x25,0x24,0x16,0x26,0x1b,
  0x0f,0x00,0x00,0x01,0x00,0x37,0xff,0xf1,0x03,0xc8,0x02,0x3b,
  0x00,0x2b,0x00,0x00,0x05,0x22,0x2e,0x02,0x27,0x37,0x1e,0x02,
  0x33,0x32,0x36,0x35,0x34,0x26,0x26,0x27,0x2e,0x02,0x35,0x34,
  0x3e,0x02,0x37,0x17,0x0e,0x02,0x15,0x14,0x16,0x16,0x17,0x1e,
  0x03,0x15,0x14,0x06,0x06,0x02,0x22,0x30,0x81,0x8b,0x80,0x2f,
  0x06,0x43,0xa1,0xad,0x54,0xa4,0xb8,0x24,0x65,0x62,0x6b,0x82,
  0x3a,0x3c,0x69,0x86,0x4a,0x10,0x5c,0x8b,0x4d,0x29,0x5e,0x4f,
  0x5f,0x78,0x44,0x1a,0x5a,0xba,0x0f,0x02,0x04,0x08,0x05,0x50,
  0x04,0x08,0x05,0x19,0x2b,0x12,0x25,0x1d,0x06,0x07,0x16,0x2c,
  0x26,0x29,0x47,0x3b,0x2f,0x11,0x48,0x15,0x35,0x36,0x17,0x0e,
  0x11,0x0c,0x07,0x07,0x1c,0x27,0x32,0x1d,0x3e,0x46,0x1c,0x00,
  0x00,0x01,0x00,0x37,0xff,0xf1,0x04,0x75,0x02,0x3b,0x00,0x39,
  0x00,0x00,0x05,0x22,0x2e,0x02,0x27,0x37,0x1e,0x02,0x33,0x32,
  0x36,0x35,0x34,0x26,0x26,0x27,0x2e,0x02,0x35,0x34,0x3e,0x02,
  0x37,0x17,0x0e,0x02,0x15,0x14,0x16,0x16,0x17,0x1e,0x03,0x15,
  0x14,0x07,0x16,0x16,0x33,0x32,0x16,0x15,0x14,0x06,0x23,0x22,
  0x26,0x26,0x27,0x06,0x06,0x02,0x22,0x30,0x81,0x8b,0x80,0x2f,
  0x06,0x43,0xa1,0xad,0x54,0xa4,0xb8,0x24,0x65,0x62,0x6b,0x82,
  0x3a,0x3c,0x69,0x86,0x4a,0x10,0x5c,0x8b,0x4d,0x29,0x5e,0x4f,
  0x5f,0x78,0x44,0x1a,0x07,0x23,0x49,0x20,0x15,0x13,0x1c,0x16,
  0x16,0x40,0x44,0x1d,0x31,0xb3,0x0f,0x02,0x04,0x08,0x05,0x50,
  0x04,0x08,0x05,0x19,0x2b,0x12,0x25,0x1d,0x06,0x07,0x16,0x2c,
  0x26,0x29,0x47,0x3b,0x2f,0x11,0x48,0x15,0x35,0x36,0x17,0x0e,
  0x11,0x0c,0x07,0x07,0x1c,0x27,0x32,0x1d,0x19,0x15,0x0e,0x08,
  0x17,0x10,0x10,0x1b,0x07,0x13,0x10,0x1d,0x17,0x00,0x00,0x01,
  0x00,0x00,0xff,0xfb,0x03,0x78,0x02,0x3b,0x00,0x34,0x00,0x00,
  0x15,0x37,0x21,0x32,0x36,0x36,0x35,0x34,0x26,0x26,0x27,0x2e,
  0x02,0x35,0x34,0x3e,0x02,0x37,0x17,0x0e,0x02,0x15,0x14,0x16,
  0x16,0x17,0x1e,0x03,0x15,0x14,0x07,0x31,0x16,0x16,0x33,0x32,
  0x16,0x15,0x14,0x06,0x23,0x22,0x26,0x26,0x27,0x06,0x06,0x23,
  0x0a,0x01,0x19,0x6e,0x9b,0x53,0x24,0x65,0x62,0x6b,0x82,0x3a,
  0x3c,0x69,0x86,0x4a,0x10,0x5c,0x8b,0x4d,0x29,0x5e,0x4f,0x5f,
  0x78,0x44,0x1a,0x07,0x23,0x4b,0x20,0x15,0x13,0x1c,0x16,0x16,
  0x42,0x46,0x1d,0x31,0xb2,0x85,0x05,0x52,0x05,0x19,0x1c,0x12,
  0x25,0x1d,0x06,0x07,0x16,0x2c,0x26,0x29,0x47,0x3b,0x2f,0x11,
  0x48,0x15,0x35,0x36,0x17,0x0e,0x11,0x0c,0x07,0x07,0x1c,0x27,
  0x32,0x1d,0x19,0x14,0x0e,0x09,0x17,0x10,0x10,0x1b,0x08,0x13,
  0x11,0x1a,0x12,0x00,0x00,0x01,0x00,0x00,0xff,0xfb,0x02,0xc9,
  0x02,0x3b,0x00,0x25,0x00,0x00,0x15,0x37,0x21,0x32,0x36,0x36,
  0x35,0x34,0x26,0x26,0x27,0x2e,0x02,0x35,0x34,0x3e,0x02,0x37,
  0x17,0x0e,0x02,0x15,0x14,0x16,0x16,0x17,0x1e,0x03,0x15,0x14,
  0x06,0x06,0x23,0x0a,0x01,0x19,0x6e,0x9b,0x53,0x24,0x65,0x62,
  0x6b,0x82,0x3a,0x3c,0x69,0x86,0x4a,0x10,0x5c,0x8b,0x4d,0x29,
  0x5e,0x4f,0x5f,0x78,0x44,0x1a,0x5a,0xba,0x92,0x05,0x52,0x05,
  0x19,0x1c,0x12,0x25,0x1d,0x06,0x07,0x16,0x2c,0x26,0x29,0x47,
  0x3b,0x2f,0x11,0x48,0x15,0x35,0x36,0x17,0x0e,0x11,0x0c,0x07,
  0x07,0x1c,0x27,0x32,0x1d,0x3e,0x41,0x17,0x00,0x01,0x00,0x1e,
  0xff,0x18,0x02,0x79,0x02,0xca,0x00,0x1a,0x00,0x00,0x17,0x34,
  0x36,0x37,0x17,0x06,0x06,0x15,0x14,0x16,0x33,0x32,0x36,0x36,
  0x27,0x03,0x33,0x13,0x16,0x0e,0x02,0x23,0x22,0x2e,0x02,0x1e,
  0x14,0x16,0x48,0x10,0x10,0x6f,0x5a,0x62,0x69,0x26,0x05,0x13,
  0x53,0x11,0x03,0x1b,0x47,0x7f,0x62,0x35,0x64,0x50,0x2f,0x01,
  0x24,0x58,0x35,0x1c,0x2a,0x46,0x1e,0x49,0x53,0x4b,0x9c,0x78,
  0x02,0x01,0xfd,0xea,0x54,0x95,0x72,0x41,0x1c,0x38,0x57,0x00,
  0x00,0x01,0x00,0x1e,0xff,0x18,0x03,0x0c,0x02,0xca,0x00,0x27,
  0x00,0x00,0x17,0x34,0x36,0x37,0x17,0x06,0x06,0x15,0x14,0x16,
  0x16,0x33,0x32,0x36,0x36,0x27,0x03,0x33,0x13,0x1e,0x02,0x33,
  0x32,0x16,0x15,0x14,0x06,0x23,0x22,0x26,0x27,0x0e,0x03,0x23,
  0x22,0x26,0x26,0x1e,0x14,0x16,0x48,0x10,0x10,0x36,0x57,0x32,
  0x62,0x6e,0x2c,0x03,0x16,0x53,0x10,0x02,0x1d,0x32,0x1e,0x15,
  0x13,0x1c,0x16,0x25,0x2f,0x0e,0x07,0x29,0x4e,0x79,0x57,0x46,
  0x7a,0x4c,0x01,0x24,0x58,0x35,0x1c,0x2a,0x46,0x1e,0x33,0x46,
  0x23,0x45,0x71,0x43,0x02,0x67,0xfe,0x05,0x33,0x39,0x16,0x17,
  0x10,0x10,0x1b,0x17,0x11,0x32,0x5f,0x4d,0x2d,0x37,0x67,0x00,
  0x00,0x01,0x00,0x00,0xff,0xfb,0x01,0x5e,0x02,0xca,0x00,0x17,
  0x00,0x00,0x15,0x37,0x32,0x36,0x36,0x27,0x03,0x33,0x13,0x1e,
  0x02,0x33,0x32,0x16,0x15,0x14,0x06,0x23,0x22,0x26,0x27,0x06,
  0x06,0x09,0x39,0x2e,0x07,0x02,0x11,0x53,0x10,0x02,0x1d,0x32,
  0x1e,0x15,0x13,0x1c,0x16,0x33,0x3c,0x0d,0x14,0x53,0x05,0x52,
  0x16,0x38,0x32,0x01,0xfd,0xfe,0x05,0x33,0x39,0x16,0x17,0x10,
  0x10,0x1b,0x27,0x1c,0x21,0x22,0x00,0x01,0xfe,0xb6,0xff,0xfb,
  0x01,0x0e,0x02,0xca,0x00,0x1d,0x00,0x00,0x17,0x22,0x26,0x26,
  0x27,0x0e,0x02,0x23,0x22,0x26,0x27,0x37,0x16,0x3e,0x02,0x37,
  0x03,0x33,0x13,0x1e,0x02,0x33,0x32,0x16,0x15,0x14,0x06,0xdc,
  0x46,0x52,0x26,0x06,0x1f,0x5a,0x61,0x2b,0x1b,0x37,0x0b,0x0b,
  0x44,0x77,0x5b,0x35,0x03,0x0e,0x52,0x14,0x02,0x0f,0x35,0x39,
  0x15,0x13,0x1c,0x05,0x1b,0x39,0x2d,0x37,0x38,0x12,0x09,0x02,
  0x4f,0x09,0x0b,0x36,0x6d,0x57,0x01,0x79,0xfd,0xfd,0x31,0x35,
  0x14,0x17,0x10,0x10,0x1b,0x00,0x00,0x01,0x00,0x00,0xff,0xfb,
  0x00,0xca,0x02,0xca,0x00,0x0b,0x00,0x00,0x15,0x37,0x32,0x36,
  0x36,0x27,0x03,0x33,0x13,0x16,0x06,0x06,0x09,0x39,0x2e,0x07,
  0x02,0x13,0x51,0x14,0x03,0x19,0x57,0x05,0x52,0x16,0x38,0x32,
  0x01,0xfd,0xfe,0x0c,0x47,0x62,0x32,0x00,0x00,0x02,0xff,0x08,
  0x00,0x00,0x00,0x9a,0x02,0xca,0x00,0x18,0x00,0x22,0x00,0x00,
  0x37,0x14,0x06,0x06,0x23,0x23,0x35,0x3e,0x02,0x35,0x34,0x26,
  0x26,0x27,0x37,0x1e,0x02,0x15,0x14,0x06,0x07,0x16,0x16,0x05,
  0x33,0x32,0x36,0x35,0x34,0x26,0x27,0x06,0x06,0x9a,0x1c,0x4a,
  0x46,0xe6,0x67,0x79,0x36,0x06,0x08,0x04,0x56,0x03,0x07,0x04,
  0x17,0x1a,0x2f,0x2c,0xfe,0xe5,0x7e,0x33,0x20,0x1d,0x1a,0x1c,
  0x4d,0x87,0x1d,0x3f,0x2b,0x51,0x4a,0x8c,0x98,0x59,0x16,0x3e,
  0x3e,0x16,0x0a,0x14,0x41,0x40,0x15,0x40,0x76,0x38,0x31,0x52,
  0x5d,0x25,0x18,0x12,0x2f,0x1d,0x2a,0x4e,0x00,0x01,0x00,0x14,
  0xfe,0x77,0x01,0xbc,0x01,0x7e,0x00,0x24,0x00,0x00,0x13,0x2e,
  0x02,0x35,0x34,0x3e,0x02,0x16,0x17,0x36,0x26,0x26,0x23,0x22,
  0x07,0x27,0x36,0x36,0x33,0x32,0x1e,0x02,0x15,0x14,0x06,0x07,
  0x26,0x26,0x06,0x15,0x14,0x16,0x16,0x17,0x4a,0x11,0x19,0x0c,
  0x2c,0x4a,0x5b,0x61,0x2b,0x04,0x19,0x34,0x26,0x49,0x35,0x3e,
  0x26,0x67,0x34,0x33,0x46,0x29,0x13,0x1a,0x0b,0x5a,0x8a,0x4d,
  0x0c,0x16,0x0f,0xfe,0x77,0x42,0x7e,0x6a,0x22,0x3d,0x51,0x2d,
  0x10,0x05,0x0a,0x2e,0x4f,0x31,0x64,0x22,0x51,0x42,0x2b,0x45,
  0x4f,0x24,0x25,0x49,0x10,0x1b,0x03,0x3a,0x43,0x25,0x66,0x71,
  0x37,0x00,0x00,0x02,0x00,0x3c,0xff,0xf7,0x03,0x4c,0x01,0x66,
  0x00,0x1d,0x00,0x2d,0x00,0x00,0x05,0x22,0x26,0x27,0x37,0x16,
  0x16,0x33,0x32,0x36,0x36,0x37,0x3e,0x02,0x33,0x32,0x1e,0x02,
  0x15,0x14,0x06,0x06,0x23,0x22,0x26,0x27,0x06,0x06,0x37,0x06,
  0x07,0x16,0x16,0x33,0x32,0x36,0x35,0x34,0x26,0x26,0x23,0x22,
  0x06,0x06,0x01,0x17,0x37,0x6f,0x35,0x0b,0x2f,0x68,0x2b,0x33,
  0x5e,0x4d,0x19,0x1d,0x39,0x39,0x1c,0x22,0x3a,0x2c,0x19,0x2a,
  0x41,0x23,0x1e,0x5d,0x46,0x2d,0x77,0xdd,0x06,0x06,0x2c,0x47,
  0x18,0x2b,0x24,0x1c,0x2b,0x18,0x12,0x22,0x24,0x09,0x0f,0x08,
  0x46,0x04,0x05,0x12,0x38,0x37,0x40,0x42,0x18,0x23,0x3a,0x45,
  0x22,0x3c,0x47,0x1f,0x16,0x2d,0x2c,0x20,0xa0,0x0d,0x0b,0x1a,
  0x13,0x26,0x1f,0x1d,0x3a,0x26,0x14,0x36,0x00,0x02,0x00,0x3c,
  0xff,0xed,0x03,0xf6,0x01,0x6a,0x00,0x28,0x00,0x35,0x00,0x00,
  0x05,0x22,0x26,0x27,0x06,0x06,0x23,0x22,0x26,0x27,0x37,0x16,
  0x16,0x33,0x32,0x36,0x36,0x37,0x3e,0x02,0x33,0x32,0x16,0x16,
  0x17,0x1e,0x02,0x33,0x32,0x16,0x15,0x14,0x06,0x23,0x22,0x26,
  0x27,0x06,0x06,0x03,0x06,0x06,0x07,0x16,0x16,0x33,0x32,0x36,
  0x27,0x2e,0x02,0x02,0xdc,0x32,0x6a,0x24,0x2e,0x89,0x4e,0x37,
  0x6f,0x35,0x0b,0x2f,0x68,0x2b,0x33,0x5d,0x4d,0x1a,0x1f,0x41,
  0x3d,0x17,0x21,0x34,0x2e,0x18,0x17,0x25,0x29,0x1a,0x15,0x13,
  0x1c,0x16,0x27,0x41,0x13,0x13,0x39,0x4f,0x16,0x35,0x1f,0x22,
  0x54,0x21,0x23,0x21,0x12,0x0c,0x1a,0x22,0x13,0x40,0x36,0x3f,
  0x2d,0x0f,0x08,0x46,0x04,0x05,0x13,0x37,0x37,0x40,0x44,0x1a,
  0x1d,0x45,0x3c,0x37,0x37,0x11,0x17,0x10,0x10,0x1b,0x19,0x1a,
  0x22,0x1f,0x01,0x2d,0x01,0x2e,0x3f,0x39,0x35,0x32,0x2d,0x1e,
  0x3a,0x26,0x00,0x02,0x00,0x0a,0xfe,0x77,0x02,0x64,0x01,0x6a,
  0x00,0x2a,0x00,0x37,0x00,0x00,0x13,0x2e,0x02,0x35,0x34,0x3e,
  0x03,0x33,0x32,0x16,0x16,0x17,0x1e,0x02,0x33,0x32,0x16,0x15,
  0x14,0x06,0x23,0x22,0x26,0x27,0x06,0x06,0x23,0x22,0x26,0x26,
  0x27,0x06,0x06,0x15,0x14,0x1e,0x02,0x17,0x13,0x32,0x36,0x27,
  0x26,0x26,0x23,0x22,0x06,0x07,0x1e,0x02,0x4d,0x15,0x1e,0x10,
  0x30,0x4c,0x58,0x53,0x1d,0x19,0x26,0x24,0x14,0x13,0x22,0x28,
  0x1a,0x15,0x13,0x1c,0x16,0x23,0x33,0x14,0x13,0x36,0x1f,0x25,
  0x51,0x4a,0x1b,0x19,0x10,0x0c,0x13,0x17,0x0a,0xcc,0x1a,0x1a,
  0x0a,0x17,0x25,0x16,0x16,0x4f,0x20,0x16,0x3f,0x3f,0xfe,0x77,
  0x4d,0x93,0x74,0x1c,0x4a,0x7a,0x5d,0x41,0x21,0x16,0x40,0x3e,
  0x39,0x3b,0x15,0x17,0x10,0x10,0x1b,0x17,0x14,0x1d,0x1b,0x23,
  0x44,0x30,0x26,0x57,0x21,0x1c,0x57,0x62,0x61,0x27,0x01,0xb6,
  0x20,0x1f,0x49,0x49,0x27,0x25,0x2d,0x3c,0x1c,0x00,0x00,0x02,
  0x00,0x00,0xff,0xed,0x02,0x74,0x01,0x6a,0x00,0x23,0x00,0x30,
  0x00,0x00,0x15,0x37,0x32,0x36,0x36,0x37,0x3e,0x02,0x33,0x32,
  0x16,0x16,0x17,0x1e,0x02,0x33,0x32,0x16,0x15,0x14,0x06,0x23,
  0x22,0x26,0x27,0x06,0x06,0x23,0x22,0x26,0x27,0x0e,0x02,0x37,
  0x16,0x16,0x33,0x32,0x36,0x27,0x2e,0x02,0x07,0x06,0x06,0x0a,
  0x1c,0x21,0x1f,0x18,0x20,0x41,0x3c,0x17,0x21,0x34,0x2e,0x18,
  0x17,0x25,0x29,0x1a,0x15,0x13,0x1c,0x16,0x27,0x41,0x13,0x13,
  0x39,0x21,0x31,0x69,0x24,0x1a,0x2f,0x32,0xa1,0x22,0x54,0x21,
  0x23,0x21,0x12,0x0c,0x1a,0x22,0x17,0x16,0x34,0x05,0x52,0x18,
  0x38,0x2f,0x40,0x44,0x1a,0x1d,0x45,0x3c,0x37,0x37,0x11,0x17,
  0x10,0x10,0x1b,0x19,0x1a,0x22,0x1f,0x3f,0x34,0x2e,0x2b,0x0c,
  0xb1,0x39,0x35,0x32,0x2d,0x1e,0x3a,0x26,0x01,0x01,0x2e,0x00,
  0x00,0x02,0x00,0x00,0xff,0xfb,0x01,0xd1,0x01,0x66,0x00,0x17,
  0x00,0x27,0x00,0x00,0x15,0x37,0x32,0x36,0x36,0x37,0x3e,0x02,
  0x33,0x32,0x1e,0x02,0x15,0x14,0x06,0x06,0x23,0x22,0x26,0x27,
  0x06,0x06,0x37,0x06,0x07,0x16,0x16,0x33,0x32,0x36,0x35,0x34,
  0x26,0x26,0x23,0x22,0x06,0x06,0x0a,0x1c,0x26,0x24,0x15,0x1d,
  0x39,0x39,0x1c,0x22,0x3a,0x2c,0x19,0x2a,0x41,0x23,0x1d,0x59,
  0x43,0x20,0x40,0x91,0x06,0x05,0x2b,0x47,0x18,0x2b,0x24,0x1c,
  0x2b,0x18,0x12,0x22,0x24,0x05,0x52,0x18,0x38,0x2f,0x40,0x42,
  0x18,0x23,0x3a,0x45,0x22,0x3c,0x47,0x1f,0x14,0x2a,0x2e,0x15,
  0x9c,0x0d,0x0c,0x19,0x13,0x26,0x1f,0x1d,0x3a,0x26,0x14,0x36,
  0x00,0x01,0x00,0x1e,0xff,0x1a,0x02,0x7b,0x01,0x3e,0x00,0x1f,
  0x00,0x00,0x17,0x34,0x36,0x37,0x17,0x06,0x06,0x15,0x14,0x16,
  0x16,0x33,0x32,0x3e,0x02,0x35,0x34,0x26,0x27,0x37,0x16,0x16,
  0x15,0x14,0x0e,0x02,0x23,0x22,0x26,0x26,0x1e,0x14,0x16,0x48,
  0x10,0x10,0x36,0x5e,0x3b,0x43,0x5b,0x36,0x17,0x1d,0x27,0x4b,
  0x1d,0x2d,0x1e,0x48,0x7b,0x5c,0x4e,0x83,0x4f,0x01,0x24,0x58,
  0x35,0x1c,0x2a,0x46,0x1e,0x34,0x44,0x22,0x24,0x3b,0x48,0x23,
  0x26,0x6c,0x50,0x26,0x3a,0x7f,0x44,0x30,0x68,0x58,0x37,0x30,
  0x66,0x00,0x00,0x01,0x00,0x1e,0xff,0x18,0x03,0x0c,0x01,0x1c,
  0x00,0x2b,0x00,0x00,0x17,0x34,0x36,0x37,0x17,0x06,0x06,0x15,
  0x14,0x16,0x16,0x33,0x32,0x36,0x36,0x35,0x34,0x26,0x27,0x37,
  0x16,0x16,0x17,0x1e,0x02,0x33,0x32,0x16,0x15,0x14,0x06,0x23,
  0x22,0x26,0x27,0x0e,0x03,0x23,0x22,0x26,0x26,0x1e,0x14,0x16,
  0x48,0x10,0x10,0x37,0x5d,0x38,0x5b,0x67,0x2b,0x1d,0x11,0x51,
  0x10,0x0d,0x04,0x0b,0x24,0x2f,0x19,0x15,0x13,0x1c,0x16,0x1f,
  0x2f,0x10,0x05,0x24,0x49,0x78,0x59,0x4b,0x81,0x4f,0x01,0x24,
  0x58,0x35,0x1c,0x2a,0x46,0x1e,0x37,0x45,0x20,0x33,0x50,0x2d,
  0x42,0x6f,0x3b,0x16,0x39,0x33,0x10,0x25,0x23,0x0b,0x17,0x10,
  0x10,0x1b,0x11,0x0d,0x31,0x5c,0x49,0x2b,0x32,0x67,0xff,0xff,
  0x00,0x0f,0xff,0xf8,0x02,0x73,0x01,0xf3,0x02,0x06,0x00,0x56,
  0x00,0x00,0x00,0x02,0x00,0x1e,0xff,0xfb,0x02,0x18,0x02,0x04,
  0x00,0x18,0x00,0x22,0x00,0x00,0x05,0x22,0x26,0x27,0x06,0x2e,
  0x02,0x35,0x34,0x36,0x36,0x37,0x27,0x33,0x13,0x1e,0x02,0x33,
  0x32,0x16,0x15,0x14,0x06,0x25,0x14,0x16,0x16,0x32,0x37,0x27,
  0x0e,0x02,0x01,0xe6,0x41,0x5d,0x13,0x36,0x63,0x50,0x2e,0x44,
  0x74,0x46,0x03,0x51,0x10,0x03,0x1c,0x33,0x24,0x15,0x13,0x1c,
  0xfe,0x71,0x25,0x3a,0x41,0x1c,0x09,0x39,0x50,0x2a,0x05,0x2c,
  0x3b,0x0d,0x05,0x21,0x3b,0x29,0x36,0x59,0x3e,0x0c,0x4c,0xfe,
  0xb6,0x2f,0x2f,0x0f,0x17,0x10,0x10,0x1b,0xf1,0x17,0x1e,0x0e,
  0x05,0xb7,0x06,0x27,0x33,0x00,0x00,0x03,0x00,0x00,0xff,0x27,
  0x02,0x2d,0x01,0xa0,0x00,0x24,0x00,0x30,0x00,0x3f,0x00,0x00,
  0x15,0x37,0x32,0x32,0x37,0x3e,0x03,0x33,0x32,0x16,0x15,0x14,
  0x06,0x07,0x16,0x16,0x33,0x32,0x16,0x15,0x14,0x06,0x23,0x22,
  0x27,0x16,0x16,0x06,0x06,0x23,0x22,0x26,0x27,0x06,0x06,0x01,
  0x22,0x06,0x06,0x07,0x3e,0x02,0x35,0x34,0x26,0x26,0x13,0x32,
  0x36,0x35,0x34,0x26,0x26,0x23,0x22,0x06,0x07,0x1e,0x03,0x0a,
  0x13,0x24,0x12,0x04,0x28,0x3e,0x48,0x23,0x31,0x42,0x1c,0x27,
  0x28,0x55,0x30,0x15,0x13,0x1c,0x16,0x22,0x2b,0x17,0x05,0x21,
  0x43,0x33,0x57,0x7d,0x0b,0x14,0x2b,0x01,0x0c,0x14,0x38,0x2e,
  0x04,0x30,0x4b,0x2b,0x07,0x12,0x05,0x1a,0x32,0x19,0x3e,0x39,
  0x10,0x27,0x14,0x05,0x20,0x2b,0x2c,0x05,0x52,0x01,0x4b,0x7c,
  0x5a,0x31,0x53,0x46,0x2c,0x57,0x21,0x0a,0x0c,0x17,0x10,0x10,
  0x1b,0x05,0x22,0x4b,0x42,0x2a,0x6d,0x6e,0x03,0x04,0x01,0x53,
  0x40,0x70,0x4a,0x07,0x23,0x45,0x3b,0x0f,0x26,0x1b,0xfe,0x2b,
  0x1e,0x28,0x19,0x29,0x1a,0x05,0x05,0x31,0x3c,0x20,0x0b,0x00,
  0x00,0x03,0x00,0x00,0xff,0xf8,0x02,0x11,0x01,0xf3,0x00,0x1b,
  0x00,0x27,0x00,0x35,0x00,0x00,0x05,0x22,0x27,0x06,0x06,0x23,
  0x37,0x32,0x36,0x37,0x26,0x26,0x35,0x34,0x36,0x37,0x26,0x27,
  0x37,0x1e,0x04,0x15,0x14,0x06,0x06,0x01,0x14,0x16,0x17,0x36,
  0x36,0x35,0x34,0x26,0x23,0x22,0x06,0x17,0x14,0x06,0x07,0x16,
  0x33,0x32,0x36,0x35,0x34,0x26,0x26,0x27,0x14,0x01,0x81,0x57,
  0x53,0x30,0x6f,0x38,0x0a,0x27,0x42,0x1b,0x1c,0x23,0x3d,0x34,
  0x17,0x1a,0x2f,0x60,0x7d,0x49,0x23,0x0a,0x1d,0x3f,0xfe,0xe5,
  0x26,0x1d,0x2d,0x23,0x25,0x21,0x22,0x2b,0xdd,0x2b,0x24,0x2c,
  0x29,0x22,0x20,0x05,0x1e,0x25,0x08,0x2e,0x15,0x16,0x52,0x08,
  0x08,0x1d,0x49,0x2b,0x39,0x5c,0x0e,0x12,0x12,0x3e,0x46,0x6b,
  0x4f,0x3b,0x2d,0x14,0x21,0x3a,0x24,0x01,0x00,0x26,0x3e,0x17,
  0x1c,0x46,0x1b,0x20,0x35,0x36,0x2b,0x2e,0x4d,0x1d,0x0f,0x17,
  0x1b,0x06,0x1c,0x33,0x27,0x03,0xff,0xff,0x00,0x1e,0x00,0x00,
  0x01,0x77,0x01,0xd7,0x02,0x06,0x00,0x55,0x00,0x00,0x00,0x01,
  0x00,0x14,0xff,0xfb,0x02,0x11,0x01,0x48,0x00,0x25,0x00,0x00,
  0x05,0x22,0x2e,0x02,0x27,0x26,0x26,0x23,0x22,0x06,0x06,0x15,
  0x14,0x16,0x17,0x07,0x26,0x26,0x35,0x34,0x36,0x36,0x33,0x32,
  0x16,0x16,0x17,0x1e,0x03,0x33,0x32,0x16,0x15,0x14,0x06,0x01,
  0xdf,0x39,0x45,0x2b,0x20,0x12,0x04,0x1e,0x11,0x1a,0x33,0x21,
  0x11,0x0b,0x48,0x0d,0x16,0x3e,0x5e,0x2f,0x11,0x27,0x21,0x08,
  0x10,0x19,0x20,0x35,0x2b,0x15,0x13,0x1c,0x05,0x22,0x3d,0x54,
  0x31,0x0d,0x0a,0x16,0x2c,0x20,0x1c,0x33,0x20,0x14,0x23,0x3d,
  0x2b,0x37,0x4d,0x28,0x06,0x17,0x19,0x2d,0x49,0x34,0x1b,0x17,
  0x10,0x10,0x1b,0x00,0x00,0x01,0x00,0x00,0xfe,0xf3,0x01,0xe8,
  0x00,0x9c,0x00,0x1e,0x00,0x00,0x13,0x2e,0x02,0x27,0x06,0x23,
  0x37,0x32,0x36,0x36,0x37,0x17,0x06,0x16,0x16,0x17,0x34,0x36,
  0x36,0x33,0x32,0x16,0x15,0x14,0x06,0x23,0x22,0x06,0x06,0x15,
  0xfb,0x2e,0x3d,0x21,0x04,0x1e,0x4d,0x09,0x10,0x29,0x29,0x0f,
  0x43,0x0e,0x06,0x24,0x1e,0x25,0x58,0x4c,0x14,0x14,0x1b,0x15,
  0x37,0x38,0x13,0xfe,0xf3,0x20,0x66,0x73,0x31,0x22,0x52,0x07,
  0x20,0x28,0x11,0x35,0x6d,0x61,0x23,0x46,0x68,0x3a,0x17,0x10,
  0x10,0x1b,0x2d,0x5d,0x48,0x00,0x00,0x02,0x00,0x00,0xff,0x44,
  0x00,0xdb,0x01,0x93,0x00,0x0f,0x00,0x1f,0x00,0x00,0x15,0x37,
  0x32,0x36,0x36,0x35,0x34,0x26,0x27,0x37,0x1e,0x02,0x15,0x14,
  0x06,0x17,0x17,0x06,0x07,0x33,0x32,0x16,0x15,0x14,0x06,0x23,
  0x22,0x26,0x35,0x34,0x36,0x0a,0x31,0x3a,0x1a,0x23,0x16,0x51,
  0x0d,0x17,0x10,0x6b,0x18,0x1a,0x2b,0x01,0x03,0x12,0x18,0x14,
  0x17,0x13,0x1b,0x1d,0x05,0x52,0x0c,0x25,0x25,0x26,0x73,0x39,
  0x1e,0x20,0x52,0x50,0x1e,0x64,0x54,0x16,0x1a,0x18,0x25,0x11,
  0x10,0x0d,0x1c,0x1c,0x1c,0x19,0x40,0x00,0x00,0x02,0x00,0x1e,
  0x00,0x00,0x01,0x77,0x01,0xd7,0x00,0x10,0x00,0x1d,0x00,0x00,
  0x33,0x22,0x26,0x35,0x34,0x36,0x37,0x27,0x37,0x1e,0x02,0x15,
  0x14,0x0e,0x02,0x27,0x32,0x36,0x35,0x34,0x26,0x26,0x27,0x06,
  0x06,0x15,0x14,0x16,0xca,0x49,0x63,0x39,0x47,0x1d,0x34,0x34,
  0x58,0x36,0x10,0x26,0x44,0x33,0x32,0x34,0x0e,0x2a,0x2a,0x2e,
  0x33,0x35,0x4d,0x51,0x28,0x77,0x42,0x1a,0x3e,0x29,0x5e,0x6a,
  0x3b,0x17,0x3a,0x37,0x23,0x52,0x33,0x2a,0x17,0x32,0x3b,0x24,
  0x2d,0x60,0x24,0x2a,0x2a,0x00,0x00,0x03,0x00,0x0f,0xff,0xf8,
  0x02,0x73,0x01,0xf3,0x00,0x21,0x00,0x2d,0x00,0x3b,0x00,0x00,
  0x05,0x22,0x27,0x06,0x06,0x23,0x22,0x26,0x27,0x37,0x16,0x16,
  0x33,0x32,0x36,0x37,0x26,0x26,0x35,0x34,0x36,0x37,0x26,0x27,
  0x37,0x1e,0x04,0x15,0x14,0x06,0x06,0x01,0x14,0x16,0x17,0x36,
  0x36,0x35,0x34,0x26,0x23,0x22,0x06,0x17,0x14,0x06,0x07,0x16,
  0x33,0x32,0x36,0x35,0x34,0x26,0x26,0x27,0x14,0x01,0xe3,0x55,
  0x50,0x2b,0x5a,0x26,0x31,0x41,0x12,0x17,0x11,0x37,0x25,0x1d,
  0x32,0x15,0x20,0x26,0x3d,0x34,0x17,0x1a,0x2f,0x60,0x7d,0x49,
  0x23,0x0a,0x1d,0x3f,0xfe,0xe5,0x28,0x1f,0x28,0x24,0x25,0x21,
  0x22,0x2b,0xdd,0x2b,0x22,0x2b,0x28,0x22,0x20,0x05,0x1e,0x25,
  0x08,0x2b,0x15,0x16,0x18,0x07,0x43,0x05,0x0e,0x07,0x07,0x1e,
  0x4d,0x2e,0x39,0x5d,0x0d,0x12,0x12,0x3e,0x46,0x6b,0x4f,0x3b,
  0x2d,0x14,0x21,0x3a,0x24,0x01,0x00,0x28,0x3f,0x17,0x1e,0x47,
  0x1b,0x20,0x35,0x36,0x2a,0x2f,0x4d,0x1d,0x0f,0x17,0x1b,0x06,
  0x1c,0x33,0x27,0x03,0x00,0x03,0x00,0x0f,0xff,0x27,0x02,0x98,
  0x01,0xa0,0x00,0x28,0x00,0x34,0x00,0x43,0x00,0x00,0x17,0x22,
  0x26,0x27,0x37,0x16,0x16,0x33,0x32,0x33,0x3e,0x03,0x33,0x32,
  0x16,0x15,0x14,0x06,0x07,0x16,0x16,0x33,0x32,0x16,0x15,0x14,
  0x06,0x23,0x22,0x27,0x16,0x16,0x06,0x06,0x23,0x22,0x26,0x27,
  0x06,0x13,0x22,0x06,0x06,0x07,0x3e,0x02,0x35,0x34,0x26,0x26,
  0x13,0x32,0x36,0x35,0x34,0x26,0x26,0x23,0x22,0x06,0x07,0x1e,
  0x03,0x98,0x26,0x42,0x21,0x17,0x22,0x3e,0x22,0x0b,0x0b,0x03,
  0x27,0x3c,0x47,0x24,0x31,0x46,0x1c,0x27,0x28,0x55,0x30,0x15,
  0x13,0x1c,0x16,0x22,0x2b,0x17,0x05,0x21,0x43,0x33,0x56,0x7c,
  0x0c,0x15,0xdd,0x14,0x36,0x2c,0x04,0x30,0x4b,0x2b,0x09,0x14,
  0x09,0x1a,0x32,0x19,0x3e,0x39,0x11,0x26,0x15,0x06,0x20,0x2b,
  0x2c,0x05,0x10,0x0f,0x43,0x0b,0x09,0x4c,0x7e,0x5b,0x32,0x56,
  0x4f,0x25,0x53,0x21,0x09,0x0c,0x17,0x10,0x10,0x1b,0x05,0x22,
  0x4b,0x42,0x2a,0x6a,0x6c,0x02,0x01,0x53,0x40,0x71,0x49,0x07,
  0x23,0x40,0x34,0x15,0x2a,0x1d,0xfe,0x2b,0x1e,0x28,0x19,0x29,
  0x1a,0x05,0x04,0x32,0x3c,0x20,0x0b,0x00,0x00,0x03,0x00,0x0f,
  0xff,0xf8,0x02,0xe8,0x01,0xf3,0x00,0x2d,0x00,0x39,0x00,0x47,
  0x00,0x00,0x05,0x22,0x27,0x06,0x06,0x23,0x22,0x26,0x27,0x37,
  0x16,0x16,0x33,0x32,0x36,0x37,0x26,0x26,0x35,0x34,0x36,0x37,
  0x26,0x27,0x37,0x1e,0x04,0x15,0x14,0x07,0x16,0x16,0x33,0x32,
  0x16,0x15,0x14,0x06,0x23,0x22,0x26,0x27,0x06,0x01,0x14,0x16,
  0x17,0x36,0x36,0x35,0x34,0x26,0x23,0x22,0x06,0x17,0x14,0x06,
  0x07,0x16,0x33,0x32,0x36,0x35,0x34,0x26,0x26,0x27,0x14,0x01,
  0xe3,0x55,0x50,0x2b,0x5a,0x26,0x31,0x41,0x12,0x17,0x11,0x37,
  0x25,0x1d,0x32,0x15,0x20,0x26,0x3d,0x34,0x17,0x1a,0x2f,0x60,
  0x7d,0x49,0x23,0x0a,0x04,0x13,0x29,0x15,0x15,0x13,0x1c,0x16,
  0x1e,0x45,0x22,0x20,0xfe,0xeb,0x28,0x1f,0x28,0x24,0x25,0x21,
  0x22,0x2b,0xdd,0x2b,0x22,0x2b,0x28,0x22,0x20,0x05,0x1e,0x25,
  0x08,0x2b,0x15,0x16,0x18,0x07,0x43,0x05,0x0e,0x07,0x07,0x1e,
  0x4d,0x2e,0x39,0x5d,0x0d,0x12,0x12,0x3e,0x46,0x6b,0x4f,0x3b,
  0x2d,0x14,0x14,0x11,0x02,0x03,0x17,0x10,0x10,0x1b,0x07,0x05,
  0x0f,0x01,0x00,0x28,0x3f,0x17,0x1e,0x47,0x1b,0x20,0x35,0x36,
  0x2a,0x2f,0x4d,0x1d,0x0f,0x17,0x1b,0x06,0x1c,0x33,0x27,0x03,
  0xff,0xff,0x00,0x00,0xff,0x27,0x02,0x2d,0x01,0xa0,0x02,0x06,
  0x00,0x4f,0x00,0x00,0x00,0x03,0x00,0x00,0xff,0xf8,0x02,0x55,
  0x01,0xf3,0x00,0x27,0x00,0x33,0x00,0x41,0x00,0x00,0x05,0x22,
  0x27,0x06,0x06,0x23,0x37,0x32,0x36,0x37,0x26,0x26,0x35,0x34,
  0x36,0x37,0x26,0x27,0x37,0x1e,0x04,0x15,0x14,0x07,0x16,0x16,
  0x33,0x32,0x16,0x15,0x14,0x06,0x23,0x22,0x26,0x27,0x06,0x01,
  0x14,0x16,0x17,0x36,0x36,0x35,0x34,0x26,0x23,0x22,0x06,0x17,
  0x14,0x06,0x07,0x16,0x33,0x32,0x36,0x35,0x34,0x26,0x26,0x27,
  0x14,0x01,0x50,0x53,0x50,0x29,0x59,0x2b,0x0c,0x1b,0x2a,0x12,
  0x1f,0x26,0x3d,0x34,0x17,0x1a,0x2f,0x60,0x7d,0x49,0x23,0x0a,
  0x04,0x13,0x29,0x15,0x15,0x13,0x1c,0x16,0x1e,0x45,0x22,0x20,
  0xfe,0xeb,0x28,0x1f,0x28,0x24,0x25,0x21,0x22,0x2b,0xdd,0x28,
  0x21,0x29,0x26,0x22,0x20,0x05,0x1e,0x25,0x08,0x29,0x13,0x13,
  0x52,0x04,0x04,0x1e,0x4d,0x2e,0x39,0x5d,0x0d,0x12,0x12,0x3e,
  0x46,0x6b,0x4f,0x3b,0x2d,0x14,0x14,0x11,0x02,0x03,0x17,0x10,
  0x10,0x1b,0x07,0x05,0x0f,0x01,0x00,0x28,0x3f,0x17,0x1e,0x47,
  0x1b,0x20,0x35,0x36,0x2a,0x2f,0x4e,0x1e,0x0d,0x17,0x1b,0x06,
  0x1c,0x33,0x27,0x03,0x00,0x02,0x00,0x28,0xff,0x1a,0x01,0x88,
  0x01,0x51,0x00,0x16,0x00,0x25,0x00,0x00,0x17,0x27,0x3e,0x02,
  0x37,0x06,0x06,0x23,0x22,0x26,0x35,0x34,0x3e,0x02,0x33,0x32,
  0x16,0x16,0x15,0x14,0x06,0x03,0x14,0x16,0x33,0x32,0x37,0x34,
  0x35,0x34,0x26,0x26,0x23,0x22,0x06,0x06,0x3a,0x12,0x40,0x68,
  0x4a,0x12,0x12,0x28,0x13,0x4c,0x53,0x18,0x2c,0x3e,0x26,0x36,
  0x47,0x23,0xa9,0x50,0x28,0x31,0x2b,0x27,0x16,0x28,0x1c,0x17,
  0x25,0x15,0xe6,0x52,0x08,0x20,0x3c,0x32,0x05,0x05,0x3f,0x40,
  0x26,0x4d,0x40,0x27,0x46,0x71,0x3f,0x8c,0xa2,0x01,0x5e,0x1f,
  0x25,0x0c,0x06,0x08,0x2a,0x48,0x2c,0x23,0x36,0x00,0x00,0x02,
  0x00,0x28,0xff,0x19,0x01,0x88,0x01,0x51,0x00,0x19,0x00,0x28,
  0x00,0x00,0x17,0x22,0x22,0x27,0x27,0x3e,0x02,0x37,0x06,0x06,
  0x23,0x22,0x26,0x35,0x34,0x3e,0x02,0x33,0x32,0x16,0x16,0x15,
  0x14,0x06,0x03,0x14,0x16,0x33,0x32,0x37,0x34,0x35,0x34,0x26,
  0x26,0x23,0x22,0x06,0x06,0x46,0x09,0x06,0x09,0x06,0x42,0x6b,
  0x4a,0x10,0x13,0x29,0x14,0x4c,0x53,0x18,0x2c,0x3e,0x26,0x36,
  0x47,0x23,0xa8,0x51,0x28,0x31,0x2b,0x27,0x16,0x28,0x1c,0x17,
  0x25,0x15,0xe7,0x01,0x4e,0x02,0x1c,0x41,0x3c,0x06,0x05,0x3f,
  0x40,0x26,0x4d,0x40,0x27,0x46,0x71,0x3f,0x97,0xab,0x01,0x72,
  0x1f,0x25,0x0c,0x07,0x07,0x2a,0x48,0x2c,0x23,0x36,0x00,0x02,
  0x00,0x28,0xff,0x1a,0x02,0x0a,0x01,0x51,0x00,0x1c,0x00,0x29,
  0x00,0x00,0x17,0x27,0x3e,0x02,0x37,0x23,0x22,0x26,0x26,0x35,
  0x34,0x36,0x36,0x33,0x32,0x16,0x15,0x14,0x15,0x33,0x32,0x16,
  0x15,0x14,0x06,0x23,0x23,0x06,0x03,0x33,0x36,0x35,0x34,0x26,
  0x23,0x22,0x06,0x06,0x15,0x14,0x16,0x3a,0x12,0x3e,0x67,0x4a,
  0x12,0x40,0x2d,0x4d,0x2f,0x2c,0x4d,0x2f,0x45,0x5b,0x5a,0x15,
  0x13,0x1c,0x16,0x5c,0x33,0x3a,0x2a,0x01,0x32,0x28,0x15,0x24,
  0x17,0x3f,0xe6,0x52,0x08,0x1f,0x38,0x30,0x1a,0x37,0x2d,0x38,
  0x62,0x3e,0x79,0x7d,0x07,0x07,0x17,0x10,0x10,0x1b,0xc2,0x01,
  0x14,0x0a,0x0a,0x44,0x5a,0x20,0x36,0x20,0x23,0x19,0x00,0x02,
  0x00,0x28,0xff,0x18,0x02,0x0a,0x01,0x4b,0x00,0x20,0x00,0x2b,
  0x00,0x00,0x25,0x32,0x16,0x15,0x14,0x06,0x23,0x23,0x0e,0x02,
  0x23,0x22,0x22,0x27,0x27,0x3e,0x02,0x37,0x23,0x22,0x26,0x26,
  0x35,0x34,0x3e,0x02,0x33,0x32,0x16,0x17,0x23,0x33,0x34,0x26,
  0x23,0x22,0x06,0x06,0x15,0x14,0x16,0x01,0xe2,0x15,0x13,0x1c,
  0x16,0x51,0x0d,0x59,0x88,0x53,0x09,0x06,0x09,0x06,0x4d,0x6e,
  0x43,0x0d,0x4a,0x2d,0x4d,0x2f,0x1a,0x2d,0x3d,0x24,0x43,0x5e,
  0x03,0x7d,0x2b,0x34,0x26,0x15,0x24,0x17,0x3f,0x4d,0x17,0x10,
  0x10,0x1b,0x53,0x63,0x2d,0x01,0x4f,0x03,0x17,0x3d,0x3c,0x1a,
  0x37,0x2d,0x26,0x4a,0x3d,0x25,0x7a,0x84,0x53,0x5a,0x20,0x34,
  0x1d,0x23,0x19,0x00,0x00,0x02,0x00,0x40,0xfe,0xee,0x02,0x0a,
  0x01,0x4b,0x00,0x1c,0x00,0x27,0x00,0x00,0x01,0x27,0x34,0x26,
  0x27,0x23,0x22,0x26,0x26,0x35,0x34,0x3e,0x02,0x33,0x32,0x16,
  0x17,0x33,0x32,0x16,0x15,0x14,0x06,0x23,0x23,0x06,0x14,0x06,
  0x03,0x33,0x34,0x26,0x23,0x22,0x06,0x06,0x15,0x14,0x16,0x01,
  0x8a,0x4b,0x02,0x01,0x53,0x2d,0x4d,0x2f,0x1a,0x2d,0x3d,0x24,
  0x43,0x5e,0x03,0x56,0x15,0x13,0x1c,0x16,0x4c,0x01,0x01,0x7b,
  0x2d,0x36,0x26,0x15,0x24,0x17,0x3f,0xfe,0xee,0x05,0x37,0x8e,
  0x43,0x1a,0x37,0x2d,0x26,0x4a,0x3d,0x25,0x7a,0x84,0x17,0x10,
  0x10,0x1b,0x2a,0x62,0x5d,0x01,0x3b,0x53,0x5a,0x20,0x34,0x1d,
  0x23,0x19,0x00,0x01,0x00,0x1e,0xff,0x18,0x02,0xe8,0x01,0xa3,
  0x00,0x36,0x00,0x00,0x17,0x34,0x36,0x37,0x17,0x06,0x06,0x15,
  0x14,0x16,0x16,0x33,0x32,0x3e,0x02,0x35,0x34,0x2e,0x03,0x35,
  0x34,0x3e,0x02,0x33,0x32,0x16,0x17,0x07,0x26,0x26,0x23,0x22,
  0x0e,0x02,0x15,0x14,0x1e,0x04,0x15,0x14,0x0e,0x02,0x23,0x22,
  0x26,0x26,0x1e,0x14,0x16,0x48,0x10,0x10,0x3a,0x63,0x3e,0x48,
  0x6c,0x48,0x23,0x30,0x46,0x46,0x30,0x29,0x47,0x58,0x2f,0x2a,
  0x3c,0x0d,0x21,0x11,0x2a,0x17,0x1d,0x3b,0x31,0x1e,0x23,0x38,
  0x3f,0x38,0x23,0x32,0x62,0x8d,0x5c,0x54,0x86,0x4e,0x01,0x24,
  0x58,0x35,0x1c,0x2a,0x46,0x1e,0x33,0x46,0x23,0x1f,0x30,0x34,
  0x14,0x11,0x19,0x19,0x21,0x32,0x25,0x29,0x51,0x44,0x29,0x17,
  0x0a,0x47,0x08,0x0e,0x18,0x28,0x30,0x18,0x11,0x1c,0x18,0x19,
  0x1d,0x26,0x1a,0x25,0x56,0x4b,0x30,0x32,0x67,0x00,0x00,0x01,
  0x00,0x1e,0xff,0x18,0x03,0x12,0x00,0xb0,0x00,0x27,0x00,0x00,
  0x17,0x34,0x36,0x37,0x17,0x06,0x06,0x15,0x14,0x16,0x16,0x33,
  0x32,0x36,0x36,0x35,0x34,0x26,0x27,0x37,0x16,0x16,0x33,0x32,
  0x16,0x15,0x14,0x06,0x23,0x23,0x16,0x16,0x15,0x14,0x06,0x06,
  0x23,0x22,0x26,0x26,0x1e,0x14,0x16,0x48,0x10,0x10,0x41,0x6b,
  0x40,0x4d,0x7f,0x4c,0x50,0x48,0x13,0x68,0x74,0x1f,0x15,0x13,
  0x1c,0x16,0x25,0x02,0x02,0x5a,0xa9,0x76,0x4f,0x87,0x52,0x01,
  0x24,0x58,0x35,0x1c,0x2a,0x46,0x1e,0x37,0x46,0x20,0x24,0x3b,
  0x24,0x1a,0x26,0x14,0x53,0x28,0x1e,0x17,0x10,0x10,0x1b,0x09,
  0x0b,0x09,0x31,0x5b,0x3a,0x33,0x66,0x00,0x00,0x01,0x00,0x20,
  0xff,0xeb,0x03,0x8b,0x01,0xc5,0x00,0x26,0x00,0x00,0x05,0x22,
  0x26,0x35,0x34,0x36,0x36,0x37,0x3e,0x03,0x33,0x32,0x16,0x16,
  0x17,0x07,0x26,0x26,0x27,0x06,0x06,0x07,0x0e,0x02,0x15,0x14,
  0x16,0x33,0x32,0x36,0x37,0x07,0x0e,0x03,0x01,0xd7,0xe1,0xd6,
  0x26,0x33,0x14,0x19,0x22,0x1d,0x21,0x17,0x21,0x38,0x30,0x15,
  0x43,0x12,0x32,0x1d,0x02,0x20,0x27,0x18,0x2b,0x1a,0xb0,0xb7,
  0x9a,0xe2,0x37,0x0e,0x1b,0x5c,0x74,0x7e,0x15,0x50,0x4e,0x25,
  0x3a,0x30,0x14,0x1a,0x36,0x2d,0x1c,0x32,0x53,0x33,0x2d,0x2c,
  0x56,0x19,0x0a,0x4a,0x2c,0x1c,0x21,0x1b,0x12,0x23,0x31,0x1a,
  0x08,0x4e,0x07,0x0e,0x0b,0x06,0x00,0x01,0x00,0x00,0xfe,0xec,
  0x02,0x57,0x00,0x4b,0x00,0x1f,0x00,0x00,0x01,0x22,0x2e,0x02,
  0x35,0x34,0x24,0x21,0x32,0x16,0x15,0x14,0x06,0x23,0x22,0x0e,
  0x02,0x15,0x14,0x16,0x16,0x33,0x32,0x36,0x36,0x37,0x07,0x0e,
  0x02,0x01,0xb7,0x5b,0x9f,0x79,0x44,0x01,0x16,0x01,0x19,0x15,
  0x13,0x1c,0x16,0x64,0xaa,0x7f,0x47,0x4e,0x9f,0x7a,0x30,0x33,
  0x22,0x16,0x0a,0x10,0x21,0x34,0xfe,0xec,0x15,0x2b,0x3d,0x27,
  0x53,0x68,0x17,0x10,0x10,0x1b,0x0d,0x18,0x24,0x18,0x17,0x2f,
  0x1f,0x01,0x02,0x01,0x45,0x02,0x03,0x01,0x00,0x01,0x00,0x1e,
  0xff,0x18,0x01,0x3c,0x00,0xb0,0x00,0x0f,0x00,0x00,0x05,0x07,
  0x22,0x26,0x26,0x35,0x34,0x36,0x37,0x17,0x06,0x06,0x15,0x14,
  0x16,0x16,0x01,0x3c,0x03,0x4b,0x81,0x4f,0x14,0x16,0x48,0x10,
  0x10,0x37,0x5d,0x96,0x52,0x37,0x67,0x49,0x24,0x58,0x35,0x1c,
  0x2a,0x46,0x1e,0x33,0x46,0x23,0x00,0x01,0x00,0x00,0xff,0xfb,
  0x01,0x40,0x00,0x4d,0x00,0x08,0x00,0x00,0x15,0x37,0x21,0x32,
  0x16,0x15,0x14,0x06,0x23,0x0a,0x01,0x0e,0x15,0x13,0x1c,0x16,
  0x05,0x52,0x17,0x10,0x10,0x1b,0xff,0xff,0x00,0x00,0xff,0xfb,
  0x01,0xa4,0x00,0x4d,0x00,0x06,0x00,0x67,0x00,0x00,0x00,0x01,
  0x00,0x00,0xff,0xfb,0x01,0xa4,0x00,0x4d,0x00,0x08,0x00,0x00,
  0x15,0x37,0x21,0x32,0x16,0x15,0x14,0x06,0x23,0x0a,0x01,0x72,
  0x15,0x13,0x1c,0x16,0x05,0x52,0x17,0x10,0x10,0x1b,0x00,0x01,
  0x00,0x48,0xff,0x19,0x00,0xad,0x00,0x4d,0x00,0x0b,0x00,0x00,
  0x17,0x36,0x2e,0x02,0x27,0x37,0x1e,0x02,0x06,0x07,0x5d,0x02,
  0x01,0x05,0x0a,0x07,0x51,0x07,0x08,0x05,0x01,0x02,0xe7,0x2f,
  0x46,0x3f,0x47,0x2f,0x0a,0x30,0x49,0x43,0x49,0x2f,0x00,0x02,
  0x00,0x14,0xff,0xfc,0x00,0xb7,0x00,0xe3,0x00,0x10,0x00,0x1b,
  0x00,0x00,0x33,0x27,0x32,0x37,0x06,0x23,0x22,0x35,0x34,0x36,
  0x33,0x32,0x16,0x15,0x14,0x06,0x27,0x37,0x14,0x16,0x33,0x32,
  0x37,0x35,0x34,0x26,0x23,0x22,0x17,0x03,0x4b,0x13,0x06,0x06,
  0x4a,0x2d,0x21,0x24,0x29,0x4c,0x40,0x2a,0x08,0x0d,0x09,0x08,
  0x0b,0x08,0x13,0x2a,0x26,0x01,0x3a,0x26,0x34,0x37,0x2f,0x3b,
  0x46,0x04,0x8f,0x0b,0x06,0x01,0x01,0x17,0x1c,0x00,0xff,0xff,
  0x00,0x14,0xff,0xfa,0x01,0x4b,0x00,0xbd,0x00,0x07,0x01,0x47,
  0x00,0x00,0xfd,0xa3,0x00,0x01,0x00,0x14,0xff,0xf7,0x01,0x46,
  0x01,0x0e,0x00,0x2b,0x00,0x00,0x37,0x34,0x36,0x37,0x17,0x06,
  0x15,0x14,0x16,0x33,0x32,0x36,0x36,0x35,0x34,0x2e,0x02,0x35,
  0x34,0x36,0x36,0x33,0x32,0x16,0x17,0x07,0x26,0x26,0x23,0x22,
  0x06,0x15,0x14,0x1e,0x02,0x15,0x14,0x06,0x06,0x23,0x22,0x26,
  0x14,0x0a,0x0b,0x2e,0x10,0x2c,0x22,0x24,0x2f,0x17,0x1c,0x26,
  0x1c,0x20,0x31,0x1b,0x12,0x1d,0x0a,0x15,0x08,0x12,0x0a,0x15,
  0x25,0x1e,0x26,0x1e,0x26,0x48,0x34,0x34,0x4b,0x5d,0x11,0x28,
  0x18,0x11,0x24,0x1a,0x19,0x1c,0x13,0x18,0x08,0x05,0x09,0x0d,
  0x1a,0x16,0x19,0x2e,0x1f,0x0c,0x08,0x2b,0x04,0x08,0x1f,0x0f,
  0x07,0x0c,0x0f,0x16,0x12,0x16,0x33,0x23,0x32,0x00,0xff,0xff,
  0x00,0xcc,0x00,0xd0,0x01,0x71,0x01,0x74,0x00,0x07,0x00,0x7c,
  0x00,0x8b,0x00,0x00,0xff,0xff,0x00,0xc9,0xff,0xfc,0x01,0x73,
  0x02,0xa9,0x00,0x07,0x00,0x7d,0x00,0x96,0x00,0x00,0xff,0xff,
  0x00,0x53,0xff,0xfc,0x01,0xe9,0x02,0xa9,0x00,0x06,0x00,0x7e,
  0x20,0x00,0x00,0x01,0x00,0x23,0xff,0xfc,0x02,0x19,0x02,0xab,
  0x00,0x33,0x00,0x00,0x37,0x07,0x34,0x2e,0x04,0x27,0x37,0x16,
  0x16,0x17,0x17,0x16,0x16,0x33,0x32,0x36,0x36,0x37,0x17,0x06,
  0x06,0x15,0x14,0x33,0x32,0x36,0x35,0x34,0x26,0x27,0x37,0x16,
  0x16,0x15,0x14,0x06,0x23,0x22,0x27,0x06,0x06,0x23,0x22,0x26,
  0x27,0x1e,0x03,0xcd,0x52,0x05,0x0a,0x0f,0x13,0x18,0x0f,0x4f,
  0x08,0x0e,0x06,0x07,0x07,0x2b,0x0e,0x11,0x1d,0x16,0x07,0x46,
  0x04,0x0b,0x3a,0x23,0x1a,0x13,0x08,0x44,0x13,0x0f,0x49,0x3f,
  0x42,0x19,0x0e,0x2d,0x1a,0x13,0x1e,0x0b,0x0a,0x0f,0x09,0x05,
  0x06,0x0a,0x0c,0x52,0x78,0x8c,0x8e,0x7c,0x2b,0x16,0x18,0x36,
  0x1e,0x19,0x19,0x12,0x18,0x41,0x3d,0x09,0x1c,0x3c,0x0a,0x27,
  0x20,0x16,0x17,0x35,0x13,0x19,0x28,0x44,0x17,0x38,0x41,0x27,
  0x15,0x16,0x0a,0x08,0x44,0x87,0x78,0x5c,0xff,0xff,0x00,0x50,
  0xff,0xfb,0x01,0xed,0x02,0xaa,0x00,0x06,0x00,0x7f,0x19,0x00,
  0xff,0xff,0x00,0x55,0xff,0xfb,0x01,0xe7,0x02,0x03,0x00,0x06,
  0x00,0x80,0x14,0x00,0xff,0xff,0x00,0x4a,0xff,0xfb,0x01,0xf2,
  0x02,0xaa,0x00,0x06,0x00,0x81,0x36,0x00,0x00,0x01,0x00,0x11,
  0xff,0xfa,0x02,0x2b,0x02,0xb3,0x00,0x14,0x00,0x00,0x17,0x2e,
  0x03,0x27,0x37,0x1e,0x02,0x17,0x3e,0x02,0x37,0x17,0x0e,0x03,
  0x07,0xf3,0x12,0x33,0x3c,0x40,0x21,0x50,0x22,0x47,0x3e,0x15,
  0x18,0x42,0x46,0x20,0x4e,0x21,0x47,0x42,0x33,0x0d,0x06,0x46,
  0xa9,0xb3,0xad,0x4b,0x1f,0x54,0xb5,0xb7,0x54,0x58,0xbd,0xb3,
  0x47,0x20,0x48,0xae,0xb2,0xa2,0x3c,0x00,0x00,0x01,0x00,0x11,
  0xff,0xf0,0x02,0x2b,0x02,0xa9,0x00,0x14,0x00,0x00,0x01,0x1e,
  0x03,0x17,0x07,0x2e,0x02,0x27,0x0e,0x02,0x07,0x27,0x3e,0x03,
  0x37,0x01,0x49,0x12,0x33,0x3c,0x40,0x21,0x50,0x22,0x47,0x3e,
  0x15,0x18,0x42,0x46,0x20,0x4e,0x21,0x47,0x42,0x33,0x0d,0x02,
  0xa9,0x46,0xa9,0xb3,0xad,0x4b,0x1f,0x54,0xb5,0xb7,0x54,0x58,
  0xbd,0xb3,0x47,0x20,0x48,0xae,0xb2,0xa2,0x3c,0x00,0xff,0xff,
  0x00,0x57,0xff,0xfb,0x01,0xe5,0x02,0xa7,0x00,0x06,0x00,0x82,
  0x39,0x00,0xff,0xff,0x00,0xcc,0x00,0xd0,0x01,0x71,0x01,0x74,
  0x00,0x07,0x00,0x7c,0x00,0x8b,0x00,0x00,0xff,0xff,0x00,0x53,
  0xff,0xfc,0x01,0xe9,0x02,0xa9,0x00,0x06,0x00,0x7e,0x20,0x00,
  0x00,0x01,0x00,0x51,0x00,0x00,0x01,0xec,0x02,0xa6,0x00,0x2c,
  0x00,0x00,0x33,0x27,0x34,0x2e,0x03,0x27,0x37,0x16,0x16,0x17,
  0x16,0x17,0x26,0x26,0x35,0x34,0x36,0x33,0x32,0x17,0x07,0x26,
  0x26,0x23,0x22,0x06,0x15,0x14,0x16,0x17,0x36,0x36,0x37,0x17,
  0x06,0x06,0x23,0x22,0x26,0x27,0x1e,0x02,0xf6,0x4c,0x07,0x0f,
  0x15,0x1d,0x11,0x50,0x0c,0x14,0x08,0x22,0x34,0x0f,0x12,0x46,
  0x3b,0x22,0x1e,0x08,0x0c,0x19,0x0e,0x1b,0x1f,0x1f,0x14,0x1d,
  0x2a,0x18,0x10,0x2b,0x59,0x38,0x12,0x32,0x18,0x0c,0x0f,0x07,
  0x04,0x14,0x69,0x91,0xa2,0x9d,0x3f,0x16,0x2a,0x5d,0x30,0x06,
  0x01,0x10,0x28,0x17,0x2f,0x40,0x0a,0x4a,0x03,0x04,0x11,0x13,
  0x14,0x25,0x0d,0x06,0x11,0x0c,0x43,0x17,0x16,0x02,0x02,0x56,
  0xa5,0x85,0x00,0x02,0x00,0x4f,0x00,0x00,0x01,0xee,0x02,0xa8,
  0x00,0x18,0x00,0x2e,0x00,0x00,0x33,0x22,0x26,0x35,0x34,0x3e,
  0x02,0x37,0x26,0x27,0x37,0x1e,0x02,0x15,0x14,0x06,0x06,0x23,
  0x22,0x26,0x27,0x06,0x06,0x37,0x14,0x16,0x33,0x32,0x36,0x35,
  0x34,0x26,0x27,0x0e,0x02,0x15,0x14,0x16,0x33,0x32,0x36,0x35,
  0x35,0x37,0xcb,0x36,0x46,0x20,0x34,0x3c,0x1c,0x14,0x17,0x42,
  0x4f,0x60,0x2d,0x1e,0x3b,0x2c,0x1d,0x28,0x0b,0x09,0x27,0x4f,
  0x12,0x18,0x1a,0x26,0x38,0x44,0x22,0x42,0x2c,0x1c,0x20,0x1b,
  0x0e,0x3d,0x51,0x5c,0x39,0x73,0x6b,0x5c,0x21,0x1a,0x19,0x34,
  0x56,0xb4,0xa9,0x48,0x2c,0x4f,0x32,0x17,0x10,0x10,0x17,0x8c,
  0x1f,0x20,0x24,0x39,0x48,0xb3,0x63,0x2b,0x75,0x7e,0x39,0x34,
  0x30,0x22,0x18,0x0d,0x05,0x00,0xff,0xff,0x00,0x65,0xff,0xfe,
  0x01,0xd7,0x02,0xa6,0x00,0x06,0x00,0x83,0x4c,0x00,0xff,0xff,
  0x00,0x11,0xff,0xfa,0x02,0x2b,0x02,0xb3,0x02,0x06,0x00,0x73,
  0x00,0x00,0x00,0x01,0x00,0x41,0x00,0xd0,0x00,0xe6,0x01,0x74,
  0x00,0x07,0x00,0x00,0x37,0x26,0x26,0x27,0x37,0x16,0x16,0x17,
  0x9c,0x1a,0x26,0x1b,0x48,0x1b,0x30,0x12,0xd0,0x1c,0x26,0x16,
  0x4c,0x14,0x30,0x17,0x00,0x01,0x00,0x33,0xff,0xfc,0x00,0xdd,
  0x02,0xa9,0x00,0x0e,0x00,0x00,0x37,0x07,0x34,0x2e,0x04,0x27,
  0x37,0x1e,0x04,0xdd,0x52,0x05,0x0a,0x0f,0x13,0x18,0x0f,0x4f,
  0x13,0x1e,0x15,0x0d,0x07,0x06,0x0a,0x0c,0x52,0x78,0x8c,0x8e,
  0x7c,0x2b,0x16,0x3a,0x99,0xa4,0x99,0x76,0x00,0x01,0x00,0x33,
  0xff,0xfc,0x01,0xc9,0x02,0xa9,0x00,0x1e,0x00,0x00,0x37,0x07,
  0x34,0x2e,0x04,0x27,0x37,0x16,0x16,0x17,0x16,0x33,0x32,0x36,
  0x36,0x37,0x17,0x0e,0x02,0x23,0x22,0x26,0x27,0x1e,0x03,0xdd,
  0x52,0x05,0x0a,0x0f,0x13,0x18,0x0f,0x4f,0x08,0x0f,0x06,0x2e,
  0x35,0x21,0x36,0x25,0x07,0x44,0x05,0x36,0x54,0x34,0x18,0x2c,
  0x13,0x0c,0x11,0x0b,0x05,0x06,0x0a,0x0c,0x52,0x78,0x8c,0x8e,
  0x7c,0x2b,0x16,0x18,0x39,0x1f,0x11,0x0d,0x36,0x3b,0x0d,0x4c,
  0x54,0x22,0x06,0x05,0x46,0x93,0x84,0x65,0x00,0x01,0x00,0x37,
  0xff,0xfb,0x01,0xd4,0x02,0xaa,0x00,0x23,0x00,0x00,0x25,0x17,
  0x06,0x06,0x23,0x22,0x26,0x35,0x34,0x36,0x37,0x26,0x26,0x35,
  0x34,0x36,0x36,0x37,0x17,0x06,0x06,0x15,0x14,0x16,0x16,0x37,
  0x17,0x0e,0x02,0x15,0x14,0x16,0x33,0x32,0x36,0x01,0xbd,0x17,
  0x2a,0x58,0x40,0x67,0x74,0x2b,0x42,0x2e,0x3e,0x34,0x6d,0x54,
  0x1c,0x63,0x5d,0x2b,0x4c,0x32,0x07,0x48,0x4b,0x1c,0x53,0x3e,
  0x32,0x58,0x6b,0x46,0x15,0x15,0x52,0x46,0x22,0x5f,0x32,0x0a,
  0x3c,0x2e,0x2a,0x5b,0x50,0x1b,0x4d,0x22,0x53,0x29,0x13,0x1c,
  0x09,0x0b,0x48,0x25,0x42,0x36,0x16,0x2b,0x23,0x18,0x00,0x02,
  0x00,0x41,0xff,0xfb,0x01,0xd3,0x02,0x03,0x00,0x0f,0x00,0x1f,
  0x00,0x00,0x05,0x22,0x26,0x26,0x35,0x34,0x36,0x36,0x33,0x32,
  0x16,0x16,0x15,0x14,0x06,0x06,0x27,0x32,0x36,0x36,0x35,0x34,
  0x26,0x26,0x23,0x22,0x06,0x06,0x15,0x14,0x16,0x16,0x01,0x0a,
  0x4e,0x57,0x24,0x33,0x5a,0x3c,0x3c,0x5b,0x32,0x23,0x58,0x4e,
  0x34,0x34,0x11,0x1b,0x35,0x29,0x28,0x36,0x1b,0x11,0x34,0x05,
  0x3f,0x6c,0x43,0x4c,0x80,0x4e,0x4e,0x80,0x4c,0x43,0x6c,0x3f,
  0x51,0x2b,0x42,0x22,0x37,0x61,0x3e,0x3e,0x61,0x37,0x22,0x42,
  0x2b,0x00,0x00,0x01,0x00,0x14,0xff,0xfb,0x01,0xbc,0x02,0xaa,
  0x00,0x15,0x00,0x00,0x05,0x2e,0x03,0x27,0x06,0x22,0x26,0x27,
  0x37,0x16,0x16,0x32,0x36,0x37,0x14,0x1e,0x03,0x17,0x01,0x6e,
  0x04,0x14,0x16,0x11,0x01,0x30,0x68,0x5f,0x23,0x0f,0x25,0x61,
  0x63,0x53,0x17,0x0b,0x11,0x13,0x11,0x06,0x05,0x1c,0x72,0x9c,
  0xb8,0x63,0x06,0x11,0x13,0x4c,0x0f,0x0e,0x08,0x06,0x39,0x96,
  0xa0,0x96,0x74,0x1d,0x00,0x02,0x00,0x1e,0xff,0xfb,0x01,0xac,
  0x02,0xa7,0x00,0x15,0x00,0x21,0x00,0x00,0x05,0x26,0x26,0x27,
  0x06,0x23,0x06,0x26,0x35,0x34,0x36,0x36,0x33,0x32,0x1e,0x02,
  0x17,0x1e,0x02,0x17,0x01,0x14,0x16,0x33,0x32,0x37,0x26,0x26,
  0x23,0x22,0x06,0x06,0x01,0x61,0x15,0x15,0x07,0x30,0x2e,0x4e,
  0x66,0x2d,0x50,0x35,0x33,0x3f,0x22,0x11,0x05,0x05,0x0b,0x13,
  0x0f,0xfe,0xbe,0x42,0x33,0x23,0x27,0x0a,0x29,0x31,0x1b,0x29,
  0x17,0x05,0x58,0xad,0x4f,0x0e,0x01,0x53,0x4d,0x32,0x5b,0x3a,
  0x30,0x53,0x6a,0x3a,0x3d,0x85,0x80,0x36,0x01,0xe4,0x2f,0x2e,
  0x0a,0x5a,0x64,0x21,0x32,0x00,0x00,0x01,0x00,0x19,0xff,0xfe,
  0x01,0x8b,0x02,0xa6,0x00,0x21,0x00,0x00,0x17,0x27,0x36,0x36,
  0x37,0x2e,0x02,0x35,0x34,0x36,0x36,0x33,0x32,0x16,0x17,0x07,
  0x26,0x26,0x23,0x22,0x06,0x06,0x15,0x14,0x16,0x16,0x17,0x36,
  0x37,0x17,0x0e,0x02,0x62,0x49,0x29,0x58,0x36,0x25,0x41,0x29,
  0x2e,0x54,0x39,0x19,0x2f,0x16,0x0d,0x14,0x2a,0x13,0x2a,0x2d,
  0x12,0x22,0x36,0x1d,0x2b,0x33,0x25,0x47,0x71,0x53,0x02,0x1d,
  0x5b,0x8f,0x37,0x0f,0x33,0x4a,0x30,0x32,0x4e,0x2e,0x08,0x08,
  0x4b,0x06,0x07,0x22,0x2d,0x13,0x1f,0x34,0x27,0x0b,0x24,0x1d,
  0x40,0x30,0x7b,0x87,0xff,0xff,0x00,0x47,0x00,0x00,0x01,0xf5,
  0x02,0xab,0x00,0x06,0x00,0x86,0x15,0x00,0xff,0xff,0x00,0x5c,
  0x00,0x00,0x01,0xe1,0x02,0xab,0x00,0x06,0x00,0x87,0x3e,0x00,
  0x00,0x01,0x00,0x32,0x00,0x00,0x01,0xe0,0x02,0xab,0x00,0x24,
  0x00,0x00,0x33,0x2e,0x02,0x27,0x2e,0x02,0x35,0x34,0x36,0x36,
  0x33,0x32,0x16,0x17,0x36,0x36,0x37,0x17,0x06,0x06,0x07,0x07,
  0x26,0x26,0x23,0x22,0x06,0x15,0x14,0x16,0x17,0x1e,0x02,0x15,
  0x92,0x03,0x13,0x17,0x0a,0x07,0x13,0x0f,0x2d,0x47,0x28,0x2e,
  0x50,0x19,0x0c,0x1d,0x0e,0x44,0x22,0x2c,0x11,0x38,0x12,0x3f,
  0x2e,0x1c,0x2a,0x1a,0x0b,0x0a,0x16,0x10,0x42,0x64,0x52,0x28,
  0x1e,0x4f,0x51,0x21,0x31,0x4b,0x2c,0x3d,0x38,0x28,0x3e,0x13,
  0x21,0x39,0x76,0x49,0x09,0x5b,0x6c,0x2e,0x29,0x28,0x67,0x38,
  0x2f,0x5c,0x62,0x3b,0x00,0x01,0x00,0x1e,0x00,0x00,0x01,0xa3,
  0x02,0xab,0x00,0x17,0x00,0x00,0x37,0x34,0x3e,0x02,0x37,0x17,
  0x0e,0x03,0x07,0x16,0x16,0x33,0x32,0x36,0x37,0x15,0x06,0x06,
  0x23,0x22,0x26,0x1e,0x2e,0x50,0x66,0x37,0x41,0x32,0x5b,0x48,
  0x2e,0x05,0x21,0x49,0x24,0x2f,0x56,0x1e,0x21,0x57,0x2f,0x3a,
  0x75,0x12,0x4f,0xa6,0xab,0xa8,0x51,0x2a,0x46,0x98,0x95,0x87,
  0x35,0x03,0x04,0x06,0x04,0x49,0x05,0x07,0x09,0x00,0x00,0x01,
  0x00,0x00,0xff,0x68,0x00,0xd7,0x00,0xb4,0x00,0x0d,0x00,0x00,
  0x17,0x27,0x36,0x36,0x37,0x26,0x26,0x27,0x37,0x16,0x16,0x07,
  0x06,0x06,0x1c,0x1c,0x38,0x59,0x14,0x12,0x1d,0x11,0x1e,0x23,
  0x31,0x09,0x0e,0x5f,0x98,0x27,0x21,0x5e,0x3f,0x0b,0x10,0x07,
  0x45,0x10,0x37,0x2f,0x51,0x64,0x00,0x01,0x00,0x1e,0x01,0x52,
  0x00,0xf5,0x02,0x9e,0x00,0x0d,0x00,0x00,0x13,0x17,0x06,0x06,
  0x07,0x16,0x16,0x17,0x07,0x26,0x26,0x37,0x36,0x36,0xd9,0x1c,
  0x37,0x5a,0x14,0x12,0x1e,0x10,0x1e,0x23,0x31,0x09,0x0e,0x5f,
  0x02,0x9e,0x27,0x21,0x5e,0x3f,0x0b,0x10,0x07,0x45,0x10,0x37,
  0x2f,0x51,0x64,0x00,0x00,0x01,0xff,0xee,0xff,0xe4,0x00,0x12,
  0x02,0x7f,0x00,0x03,0x00,0x00,0x07,0x11,0x33,0x11,0x12,0x24,
  0x1c,0x02,0x9b,0xfd,0x65,0x00,0x00,0x01,0xff,0x90,0xff,0xe4,
  0x00,0x74,0x02,0xee,0x00,0x0e,0x00,0x00,0x07,0x11,0x07,0x27,
  0x37,0x27,0x37,0x17,0x37,0x17,0x07,0x17,0x07,0x27,0x11,0x10,
  0x47,0x19,0x56,0x4b,0x1a,0x4b,0x4f,0x19,0x4f,0x5b,0x1a,0x46,
  0x1c,0x02,0x79,0x47,0x19,0x56,0x4b,0x1a,0x4b,0x4f,0x1a,0x4e,
  0x5b,0x1a,0x46,0xfd,0x8d,0x00,0x00,0x01,0x00,0x28,0x00,0x00,
  0x01,0x17,0x00,0x4d,0x00,0x03,0x00,0x00,0x33,0x37,0x33,0x07,
  0x28,0x09,0xe6,0x09,0x4d,0x4d,0x00,0x01,0x00,0x5a,0xff,0xfc,
  0x00,0xda,0x00,0xdf,0x00,0x11,0x00,0x00,0x17,0x22,0x26,0x26,
  0x35,0x34,0x36,0x36,0x37,0x17,0x06,0x06,0x07,0x16,0x16,0x15,
  0x14,0x06,0x9f,0x0d,0x20,0x18,0x14,0x1f,0x0e,0x3c,0x0f,0x19,
  0x01,0x17,0x15,0x1c,0x04,0x0b,0x1d,0x1a,0x18,0x38,0x39,0x18,
  0x1f,0x1c,0x3c,0x08,0x06,0x19,0x0e,0x16,0x21,0x00,0x00,0x02,
  0x00,0x48,0xff,0xf2,0x00,0xea,0x01,0xf4,0x00,0x08,0x00,0x14,
  0x00,0x00,0x37,0x27,0x36,0x36,0x37,0x33,0x06,0x06,0x07,0x03,
  0x22,0x26,0x35,0x34,0x36,0x33,0x32,0x16,0x15,0x14,0x06,0x5a,
  0x07,0x0e,0x30,0x18,0x41,0x0e,0x1c,0x08,0x33,0x19,0x24,0x24,
  0x19,0x1a,0x25,0x25,0xff,0x0b,0x35,0x7f,0x36,0x39,0x87,0x35,
  0xfe,0xf3,0x20,0x24,0x25,0x1e,0x1e,0x25,0x24,0x20,0x00,0x01,
  0x00,0x5a,0xff,0x84,0x00,0xda,0x00,0x67,0x00,0x11,0x00,0x00,
  0x37,0x32,0x16,0x15,0x14,0x06,0x07,0x16,0x16,0x17,0x07,0x2e,
  0x02,0x35,0x34,0x36,0x36,0x9f,0x1f,0x1c,0x15,0x17,0x01,0x19,
  0x0f,0x3c,0x0e,0x1f,0x14,0x18,0x20,0x67,0x21,0x16,0x0d,0x1a,
  0x06,0x08,0x3c,0x1c,0x1f,0x18,0x39,0x39,0x17,0x1b,0x1c,0x0b,
  0x00,0x02,0x00,0x48,0xff,0xf8,0x00,0xea,0x01,0xfa,0x00,0x0b,
  0x00,0x14,0x00,0x00,0x13,0x32,0x16,0x15,0x14,0x06,0x23,0x22,
  0x26,0x35,0x34,0x36,0x03,0x33,0x16,0x16,0x17,0x23,0x26,0x26,
  0x27,0x85,0x1a,0x25,0x25,0x1a,0x19,0x24,0x24,0x12,0x5e,0x08,
  0x1c,0x0e,0x41,0x18,0x30,0x0e,0x01,0xfa,0x20,0x24,0x25,0x1e,
  0x1e,0x25,0x24,0x20,0xfe,0xf3,0x34,0x88,0x39,0x36,0x7f,0x35,
  0xff,0xff,0x00,0x1b,0xff,0xfc,0x01,0x06,0x00,0xcd,0x00,0x07,
  0x00,0xdd,0x00,0x00,0xfd,0xc6,0x00,0x01,0x00,0x5a,0xff,0xdd,
  0x01,0xee,0x02,0xac,0x00,0x29,0x00,0x00,0x05,0x22,0x26,0x26,
  0x35,0x34,0x2e,0x04,0x35,0x34,0x36,0x36,0x33,0x32,0x16,0x17,
  0x07,0x26,0x26,0x23,0x22,0x06,0x15,0x14,0x1e,0x02,0x17,0x16,
  0x16,0x17,0x36,0x36,0x33,0x32,0x16,0x15,0x14,0x06,0x01,0x57,
  0x1a,0x33,0x20,0x15,0x21,0x24,0x21,0x15,0x3a,0x5c,0x33,0x48,
  0x6f,0x14,0x47,0x0d,0x45,0x32,0x33,0x4a,0x15,0x21,0x25,0x10,
  0x0f,0x15,0x01,0x09,0x1e,0x10,0x23,0x23,0x39,0x23,0x1b,0x36,
  0x2a,0x47,0x58,0x38,0x28,0x2a,0x3f,0x33,0x3e,0x52,0x29,0x4f,
  0x54,0x1a,0x33,0x35,0x32,0x32,0x25,0x30,0x27,0x2d,0x22,0x20,
  0x5d,0x44,0x11,0x11,0x31,0x21,0x2c,0x2e,0x00,0x01,0x00,0x1e,
  0xff,0x40,0x01,0x20,0x00,0x9f,0x00,0x08,0x00,0x00,0x17,0x27,
  0x3e,0x02,0x37,0x17,0x06,0x06,0x54,0x36,0x1b,0x47,0x4b,0x1f,
  0x36,0x34,0x69,0xc0,0x18,0x3f,0x7e,0x6a,0x20,0x30,0x3a,0x9c,
  0x00,0x02,0x00,0x0c,0xff,0xf2,0x01,0x98,0x02,0xd4,0x00,0x1f,
  0x00,0x2b,0x00,0x00,0x37,0x35,0x34,0x26,0x26,0x27,0x2e,0x02,
  0x35,0x34,0x36,0x33,0x32,0x16,0x17,0x07,0x26,0x26,0x23,0x22,
  0x06,0x15,0x14,0x16,0x16,0x17,0x1e,0x02,0x15,0x15,0x07,0x22,
  0x26,0x35,0x34,0x36,0x33,0x32,0x16,0x15,0x14,0x06,0xd2,0x0c,
  0x22,0x22,0x24,0x35,0x1d,0x68,0x5f,0x3c,0x61,0x28,0x1f,0x22,
  0x4c,0x32,0x3a,0x3f,0x12,0x2c,0x26,0x21,0x24,0x0f,0x27,0x19,
  0x24,0x24,0x19,0x1b,0x23,0x23,0xc9,0x11,0x1d,0x29,0x2a,0x1c,
  0x1e,0x35,0x3f,0x2d,0x51,0x5e,0x1c,0x15,0x46,0x11,0x19,0x34,
  0x30,0x1e,0x2a,0x2c,0x21,0x1b,0x32,0x37,0x26,0x1b,0xd7,0x20,
  0x24,0x25,0x1e,0x1e,0x25,0x24,0x20,0x00,0x00,0x06,0x00,0x14,
  0xff,0x1c,0x01,0x7b,0x02,0xc0,0x00,0x3a,0x00,0x48,0x00,0x56,
  0x00,0x62,0x00,0x70,0x00,0x7e,0x00,0x00,0x05,0x26,0x26,0x27,
  0x26,0x35,0x34,0x34,0x37,0x06,0x22,0x23,0x22,0x26,0x35,0x34,
  0x36,0x33,0x32,0x32,0x17,0x26,0x34,0x35,0x34,0x36,0x37,0x36,
  0x36,0x37,0x33,0x06,0x06,0x07,0x16,0x15,0x14,0x14,0x07,0x36,
  0x32,0x33,0x32,0x16,0x15,0x14,0x06,0x23,0x22,0x22,0x27,0x16,
  0x14,0x15,0x14,0x07,0x16,0x16,0x17,0x03,0x36,0x35,0x34,0x26,
  0x23,0x22,0x06,0x15,0x14,0x17,0x36,0x33,0x32,0x07,0x32,0x37,
  0x26,0x35,0x34,0x37,0x26,0x23,0x22,0x06,0x15,0x14,0x16,0x17,
  0x32,0x36,0x35,0x34,0x26,0x23,0x22,0x06,0x15,0x14,0x16,0x37,
  0x32,0x36,0x35,0x34,0x26,0x23,0x22,0x07,0x16,0x15,0x14,0x07,
  0x16,0x07,0x32,0x36,0x35,0x34,0x27,0x06,0x23,0x22,0x27,0x06,
  0x15,0x14,0x16,0x01,0x28,0x34,0x41,0x0f,0x31,0x01,0x04,0x06,
  0x04,0x25,0x2d,0x2e,0x24,0x04,0x07,0x03,0x01,0x19,0x16,0x0f,
  0x42,0x35,0x53,0x32,0x41,0x0e,0x1c,0x01,0x03,0x07,0x03,0x24,
  0x2e,0x2d,0x25,0x03,0x07,0x03,0x01,0x1b,0x0f,0x3f,0x31,0x8b,
  0x08,0x1a,0x19,0x19,0x1a,0x07,0x13,0x16,0x19,0x74,0x0c,0x0b,
  0x0d,0x0e,0x0b,0x0c,0x15,0x1f,0x1f,0x70,0x17,0x1b,0x1e,0x15,
  0x15,0x1e,0x1e,0x76,0x14,0x1f,0x1f,0x15,0x0f,0x0c,0x0d,0x0c,
  0x0d,0x50,0x19,0x1a,0x06,0x16,0x1a,0x18,0x13,0x05,0x1a,0xe4,
  0x3c,0x94,0x51,0x11,0x3b,0x03,0x07,0x03,0x01,0x2c,0x25,0x26,
  0x2c,0x01,0x03,0x07,0x04,0x1b,0x28,0x09,0x54,0x9b,0x40,0x43,
  0xa2,0x55,0x17,0x2a,0x04,0x06,0x04,0x01,0x2c,0x26,0x25,0x2c,
  0x01,0x03,0x07,0x03,0x28,0x18,0x51,0x9a,0x42,0x02,0x0d,0x0c,
  0x0f,0x15,0x1f,0x1f,0x14,0x0d,0x0c,0x0b,0x84,0x05,0x15,0x18,
  0x19,0x15,0x06,0x1a,0x19,0x19,0x1a,0x01,0x20,0x12,0x16,0x1f,
  0x1d,0x16,0x16,0x1e,0x01,0x1a,0x19,0x19,0x1a,0x08,0x14,0x18,
  0x17,0x13,0x08,0x5d,0x1f,0x15,0x0d,0x0b,0x0f,0x0c,0x0b,0x0b,
  0x14,0x1f,0x00,0x06,0x00,0x32,0xff,0x1c,0x01,0x99,0x02,0xc0,
  0x00,0x3a,0x00,0x48,0x00,0x56,0x00,0x62,0x00,0x70,0x00,0x7f,
  0x00,0x00,0x17,0x36,0x36,0x37,0x26,0x35,0x34,0x34,0x37,0x06,
  0x22,0x23,0x22,0x26,0x35,0x34,0x36,0x33,0x32,0x32,0x17,0x26,
  0x34,0x35,0x34,0x37,0x26,0x26,0x27,0x33,0x16,0x16,0x17,0x16,
  0x16,0x15,0x14,0x14,0x07,0x36,0x32,0x33,0x32,0x16,0x15,0x14,
  0x06,0x23,0x22,0x22,0x27,0x16,0x14,0x15,0x14,0x07,0x06,0x06,
  0x07,0x13,0x36,0x33,0x32,0x17,0x36,0x35,0x34,0x26,0x23,0x22,
  0x06,0x15,0x14,0x07,0x32,0x37,0x26,0x35,0x34,0x37,0x26,0x23,
  0x22,0x06,0x15,0x14,0x16,0x17,0x32,0x36,0x35,0x34,0x26,0x23,
  0x22,0x06,0x15,0x14,0x16,0x37,0x32,0x36,0x35,0x34,0x26,0x23,
  0x22,0x07,0x16,0x15,0x14,0x07,0x16,0x07,0x32,0x36,0x35,0x34,
  0x27,0x06,0x23,0x22,0x26,0x27,0x06,0x15,0x14,0x16,0x33,0x31,
  0x3f,0x0f,0x1b,0x01,0x03,0x07,0x03,0x25,0x2d,0x2e,0x24,0x03,
  0x07,0x03,0x01,0x1c,0x0e,0x41,0x32,0x53,0x35,0x42,0x0f,0x16,
  0x19,0x01,0x03,0x07,0x04,0x24,0x2e,0x2d,0x25,0x04,0x06,0x04,
  0x01,0x31,0x0f,0x41,0x34,0x39,0x14,0x1a,0x16,0x13,0x07,0x1a,
  0x19,0x19,0x1a,0x2b,0x0d,0x0e,0x0c,0x0d,0x0d,0x0e,0x15,0x1f,
  0x1f,0x74,0x17,0x1d,0x1e,0x15,0x15,0x1e,0x1c,0x72,0x14,0x1f,
  0x1f,0x15,0x0c,0x0b,0x0e,0x0d,0x0d,0x54,0x19,0x1a,0x05,0x12,
  0x19,0x0d,0x18,0x0b,0x06,0x1a,0xe4,0x42,0x9a,0x51,0x18,0x28,
  0x03,0x07,0x03,0x01,0x2c,0x25,0x26,0x2c,0x01,0x04,0x06,0x04,
  0x2a,0x17,0x55,0xa2,0x43,0x40,0x9b,0x54,0x09,0x28,0x1b,0x04,
  0x07,0x03,0x01,0x2c,0x26,0x25,0x2c,0x01,0x03,0x07,0x03,0x3b,
  0x11,0x51,0x94,0x3c,0x02,0x0d,0x0e,0x0b,0x0b,0x0e,0x14,0x1f,
  0x1f,0x15,0x0e,0x83,0x08,0x12,0x18,0x17,0x15,0x08,0x1a,0x19,
  0x19,0x1a,0x01,0x1e,0x16,0x16,0x1d,0x1f,0x16,0x12,0x20,0x01,
  0x1a,0x19,0x19,0x1a,0x06,0x14,0x1a,0x18,0x15,0x05,0x5d,0x1f,
  0x14,0x0a,0x0c,0x0c,0x08,0x07,0x0a,0x0e,0x15,0x1f,0x00,0x01,
  0x00,0x0a,0xff,0xff,0x01,0xe8,0x01,0xca,0x00,0x0e,0x00,0x00,
  0x05,0x27,0x07,0x27,0x37,0x27,0x37,0x17,0x37,0x33,0x17,0x37,
  0x17,0x07,0x17,0x01,0x93,0x9d,0x96,0x06,0x47,0x97,0x02,0xb5,
  0x35,0x07,0x32,0xb7,0x02,0x99,0x49,0x01,0x78,0x77,0x04,0xb5,
  0x5e,0x08,0x04,0xaf,0xaf,0x04,0x08,0x5c,0xb8,0x00,0x00,0x0c,
  0x00,0x27,0xff,0x38,0x03,0xc1,0x02,0xd2,0x00,0x0f,0x00,0x12,
  0x00,0x15,0x00,0x1d,0x00,0x20,0x00,0x2c,0x00,0x2f,0x00,0x32,
  0x00,0x3e,0x00,0x41,0x00,0x44,0x00,0x47,0x00,0x00,0x17,0x35,
  0x27,0x37,0x35,0x33,0x37,0x17,0x33,0x15,0x17,0x07,0x15,0x23,
  0x07,0x27,0x13,0x07,0x33,0x05,0x15,0x37,0x13,0x33,0x37,0x35,
  0x27,0x23,0x07,0x15,0x01,0x23,0x17,0x01,0x22,0x26,0x35,0x34,
  0x36,0x33,0x32,0x16,0x15,0x14,0x06,0x25,0x17,0x35,0x05,0x27,
  0x15,0x25,0x32,0x36,0x35,0x34,0x26,0x23,0x22,0x06,0x15,0x14,
  0x16,0x05,0x33,0x27,0x05,0x35,0x07,0x07,0x37,0x23,0xae,0x87,
  0x87,0xbe,0x87,0x87,0xc1,0x86,0x86,0xbe,0x88,0x88,0x87,0x4b,
  0x96,0xfe,0x9a,0x69,0x3d,0xea,0xa5,0xa5,0xea,0xa6,0x02,0x35,
  0x6a,0x6a,0xfe,0xe6,0x27,0x38,0x38,0x27,0x27,0x38,0x38,0xfe,
  0x4a,0x49,0x02,0xd6,0x49,0xfe,0xb9,0x19,0x22,0x22,0x19,0x19,
  0x22,0x22,0xfe,0xfe,0x68,0x68,0x02,0x35,0x65,0xb5,0x49,0x92,
  0x40,0xbf,0x87,0x87,0xbe,0x87,0x87,0xc1,0x86,0x86,0xbe,0x88,
  0x88,0x02,0xd6,0x4b,0x2a,0x69,0x69,0xfd,0xcb,0xa5,0xec,0xa4,
  0xa6,0xe8,0x01,0x8e,0x6a,0xfe,0xf1,0x38,0x27,0x27,0x38,0x38,
  0x27,0x27,0x38,0x5f,0x49,0x92,0x49,0x49,0x92,0x0e,0x24,0x17,
  0x19,0x23,0x23,0x19,0x17,0x24,0xe0,0x68,0x68,0x65,0x65,0x75,
  0x49,0x00,0x00,0x02,0x00,0x28,0x00,0x00,0x02,0x38,0x02,0xca,
  0x00,0x1c,0x00,0x33,0x00,0x00,0x33,0x37,0x3e,0x02,0x37,0x35,
  0x26,0x26,0x35,0x34,0x3e,0x02,0x37,0x1e,0x03,0x15,0x14,0x06,
  0x07,0x15,0x14,0x16,0x16,0x17,0x17,0x25,0x21,0x26,0x26,0x35,
  0x35,0x36,0x36,0x35,0x34,0x26,0x26,0x27,0x0e,0x02,0x15,0x14,
  0x16,0x17,0x15,0x14,0x06,0x3f,0x01,0x16,0x19,0x0b,0x01,0x2d,
  0x26,0x30,0x4f,0x5c,0x2b,0x30,0x5e,0x4e,0x2e,0x24,0x2e,0x0a,
  0x18,0x16,0x01,0xfe,0x74,0x01,0x37,0x19,0x0e,0x20,0x28,0x3b,
  0x57,0x2b,0x2a,0x54,0x39,0x27,0x1f,0x10,0x4e,0x0c,0x1b,0x2d,
  0x27,0xb6,0x18,0x39,0x32,0x2a,0x43,0x31,0x21,0x09,0x0a,0x22,
  0x31,0x40,0x28,0x32,0x3b,0x18,0xb7,0x27,0x2b,0x1a,0x0c,0x51,
  0x40,0x15,0x3f,0x3a,0xda,0x11,0x26,0x22,0x21,0x35,0x25,0x08,
  0x08,0x23,0x33,0x22,0x22,0x2a,0x11,0xd8,0x2d,0x48,0x00,0x08,
  0x00,0x64,0xfe,0xb7,0x04,0xf6,0x03,0x4a,0x00,0x33,0x00,0x3e,
  0x00,0x4a,0x00,0x56,0x00,0x78,0x00,0x84,0x00,0x90,0x00,0x9b,
  0x00,0x00,0x05,0x22,0x26,0x35,0x34,0x37,0x26,0x26,0x35,0x34,
  0x36,0x37,0x26,0x35,0x34,0x36,0x33,0x32,0x17,0x36,0x36,0x33,
  0x32,0x16,0x17,0x36,0x33,0x32,0x16,0x15,0x14,0x07,0x16,0x16,
  0x15,0x14,0x06,0x07,0x16,0x15,0x14,0x06,0x23,0x22,0x27,0x06,
  0x06,0x23,0x22,0x26,0x27,0x06,0x01,0x22,0x06,0x07,0x16,0x17,
  0x21,0x36,0x37,0x26,0x26,0x05,0x32,0x36,0x35,0x34,0x26,0x23,
  0x22,0x06,0x15,0x14,0x16,0x21,0x32,0x36,0x35,0x34,0x26,0x23,
  0x22,0x06,0x15,0x14,0x16,0x17,0x22,0x27,0x06,0x06,0x15,0x14,
  0x16,0x17,0x36,0x33,0x32,0x16,0x17,0x21,0x36,0x36,0x33,0x32,
  0x17,0x36,0x36,0x35,0x34,0x26,0x27,0x06,0x23,0x22,0x26,0x27,
  0x21,0x06,0x06,0x03,0x32,0x36,0x35,0x34,0x26,0x23,0x22,0x06,
  0x15,0x14,0x16,0x21,0x32,0x36,0x35,0x34,0x26,0x23,0x22,0x06,
  0x15,0x14,0x16,0x05,0x32,0x36,0x37,0x26,0x27,0x21,0x06,0x07,
  0x16,0x16,0x01,0x27,0x27,0x38,0x0d,0x38,0x39,0x3a,0x39,0x09,
  0x37,0x28,0x16,0x14,0x4c,0xaf,0x5b,0x5b,0xb2,0x4d,0x15,0x19,
  0x28,0x37,0x0d,0x38,0x37,0x36,0x36,0x10,0x38,0x27,0x1a,0x16,
  0x4d,0xb1,0x5b,0x5d,0xb3,0x4a,0x17,0x01,0x6e,0x4f,0x9c,0x44,
  0x05,0x03,0x02,0x52,0x03,0x04,0x45,0x9c,0x01,0x35,0x1b,0x21,
  0x25,0x16,0x18,0x24,0x25,0xfd,0x0e,0x17,0x24,0x24,0x18,0x16,
  0x25,0x21,0x1b,0x19,0x16,0x32,0x31,0x30,0x30,0x15,0x17,0x1f,
  0x33,0x09,0x02,0x5e,0x09,0x33,0x1f,0x16,0x14,0x30,0x2f,0x31,
  0x32,0x15,0x17,0x1f,0x32,0x0a,0xfd,0xae,0x0a,0x32,0x25,0x1b,
  0x21,0x25,0x16,0x18,0x24,0x25,0x03,0x2a,0x17,0x24,0x24,0x18,
  0x16,0x25,0x21,0xfe,0x94,0x51,0x9c,0x45,0x03,0x03,0xfd,0xa2,
  0x02,0x03,0x46,0x9f,0xe6,0x37,0x28,0x1a,0x15,0x4d,0xb1,0x5b,
  0x5c,0xb4,0x4d,0x13,0x16,0x27,0x38,0x0a,0x37,0x37,0x38,0x38,
  0x0c,0x38,0x27,0x1a,0x15,0x4d,0xb0,0x5a,0x5a,0xae,0x4c,0x17,
  0x1d,0x28,0x37,0x0d,0x38,0x38,0x39,0x38,0x0e,0x03,0xfa,0x30,
  0x2f,0x09,0x0a,0x09,0x08,0x30,0x31,0xc8,0x25,0x16,0x1a,0x22,
  0x24,0x18,0x1b,0x20,0x20,0x1b,0x18,0x24,0x22,0x1a,0x16,0x25,
  0x24,0x0d,0x46,0x9f,0x51,0x50,0x9d,0x45,0x0b,0x27,0x1d,0x1d,
  0x27,0x0a,0x44,0x9c,0x50,0x51,0x9f,0x45,0x0b,0x26,0x1d,0x1d,
  0x26,0xfd,0x16,0x25,0x16,0x1b,0x20,0x22,0x19,0x1b,0x20,0x20,
  0x1b,0x19,0x22,0x20,0x1b,0x16,0x25,0x51,0x31,0x30,0x07,0x08,
  0x06,0x06,0x32,0x32,0xff,0xff,0x00,0x64,0xfe,0xb7,0x04,0xf6,
  0x03,0x4a,0x02,0x06,0x00,0x9a,0x00,0x00,0xff,0xff,0x00,0x64,
  0xfe,0xb7,0x04,0xf6,0x03,0x4a,0x02,0x06,0x00,0x9a,0x00,0x00,
  0xff,0xff,0x00,0x4f,0x01,0xa7,0x01,0xee,0x04,0x4f,0x02,0x07,
  0x00,0x79,0x00,0x00,0x01,0xa7,0xff,0xff,0x00,0x58,0x01,0xa7,
  0x01,0xf7,0x04,0x4f,0x00,0x07,0x00,0x79,0x00,0x09,0x01,0xa7,
  0xff,0xff,0x00,0xe9,0x01,0xa7,0x02,0x88,0x04,0x4f,0x00,0x07,
  0x00,0x79,0x00,0x9a,0x01,0xa7,0x00,0x01,0x00,0x13,0xfe,0xf8,
  0x05,0xcc,0xff,0xe8,0x00,0x4b,0x00,0x00,0x01,0x27,0x36,0x36,
  0x35,0x34,0x26,0x23,0x22,0x0e,0x03,0x23,0x22,0x2e,0x03,0x27,
  0x06,0x06,0x23,0x22,0x2e,0x02,0x23,0x22,0x06,0x07,0x06,0x23,
  0x22,0x26,0x27,0x26,0x36,0x37,0x17,0x06,0x06,0x15,0x14,0x16,
  0x33,0x32,0x36,0x37,0x36,0x36,0x33,0x32,0x1e,0x02,0x33,0x32,
  0x36,0x37,0x1e,0x04,0x33,0x32,0x3e,0x02,0x37,0x36,0x16,0x15,
  0x14,0x06,0x05,0x88,0x25,0x0e,0x1f,0x08,0x09,0x07,0x4a,0x73,
  0x8b,0x92,0x43,0x2b,0x6b,0x71,0x66,0x50,0x14,0x0e,0x29,0x0c,
  0x16,0x1f,0x15,0x10,0x06,0x08,0x11,0x14,0x25,0x31,0x23,0x2b,
  0x02,0x01,0x06,0x07,0x38,0x05,0x05,0x0d,0x0d,0x0e,0x13,0x16,
  0x14,0x22,0x16,0x14,0x1c,0x14,0x13,0x0b,0x0e,0x12,0x07,0x14,
  0x50,0x69,0x75,0x73,0x31,0x60,0xb5,0x99,0x6c,0x16,0x22,0x20,
  0x23,0xfe,0xf8,0x18,0x0e,0x30,0x1b,0x08,0x0c,0x03,0x05,0x06,
  0x03,0x01,0x02,0x03,0x04,0x02,0x23,0x12,0x18,0x1f,0x18,0x1f,
  0x22,0x40,0x35,0x2c,0x12,0x2f,0x16,0x01,0x10,0x1e,0x0d,0x16,
  0x1b,0x20,0x28,0x26,0x1e,0x19,0x20,0x19,0x24,0x0f,0x03,0x04,
  0x04,0x02,0x01,0x04,0x06,0x06,0x02,0x03,0x32,0x20,0x22,0x4b,
  0xff,0xff,0x00,0x13,0xfe,0xf8,0x05,0xcc,0xff,0xe8,0x02,0x06,
  0x00,0xa0,0x00,0x00,0xff,0xff,0x00,0x13,0xfe,0xf8,0x05,0xcc,
  0xff,0xe8,0x02,0x06,0x00,0xa0,0x00,0x00,0xff,0xff,0x00,0x13,
  0xfe,0xf8,0x05,0xcc,0xff,0xe8,0x00,0x06,0x00,0xa0,0x00,0x00,
  0x00,0x01,0x00,0x0a,0xff,0x4e,0x07,0xeb,0x01,0x7f,0x00,0x52,
  0x00,0x00,0x17,0x27,0x3e,0x03,0x33,0x32,0x04,0x17,0x26,0x26,
  0x35,0x34,0x36,0x36,0x33,0x32,0x1e,0x03,0x33,0x32,0x36,0x36,
  0x37,0x17,0x0e,0x02,0x15,0x14,0x16,0x16,0x33,0x32,0x36,0x35,
  0x34,0x26,0x27,0x37,0x1e,0x02,0x15,0x14,0x06,0x23,0x22,0x26,
  0x27,0x06,0x06,0x23,0x22,0x26,0x26,0x27,0x26,0x26,0x23,0x22,
  0x06,0x06,0x15,0x14,0x16,0x17,0x07,0x26,0x26,0x27,0x2e,0x03,
  0x23,0x22,0x0e,0x02,0x23,0x19,0x3e,0x9e,0xad,0xab,0x4a,0xb5,
  0x01,0x0d,0x40,0x0a,0x0c,0x2c,0x45,0x24,0x1d,0x3c,0x3e,0x3c,
  0x3b,0x1c,0x1a,0x2d,0x24,0x0d,0x4c,0x03,0x08,0x07,0x0c,0x27,
  0x28,0x2c,0x33,0x23,0x16,0x51,0x0d,0x17,0x10,0x5c,0x50,0x37,
  0x4c,0x0e,0x16,0x3f,0x1e,0x29,0x42,0x39,0x1e,0x23,0x3b,0x16,
  0x0e,0x23,0x18,0x31,0x2e,0x20,0x0d,0x2a,0x0b,0x1e,0x76,0x98,
  0xa5,0x4e,0x46,0xa8,0xac,0x9f,0xb2,0x41,0x15,0x1c,0x12,0x08,
  0x0a,0x0a,0x14,0x2c,0x17,0x2e,0x51,0x32,0x1e,0x2c,0x2d,0x1e,
  0x1d,0x58,0x58,0x0e,0x12,0x34,0x33,0x10,0x0f,0x18,0x0f,0x22,
  0x34,0x26,0x73,0x39,0x1e,0x20,0x52,0x50,0x1e,0x5d,0x5b,0x24,
  0x1e,0x24,0x1e,0x1a,0x29,0x15,0x19,0x26,0x15,0x2b,0x21,0x2b,
  0x50,0x14,0x40,0x08,0x18,0x07,0x06,0x09,0x07,0x03,0x07,0x0f,
  0x18,0x00,0x00,0x01,0x00,0x0a,0xff,0x4e,0x08,0x1b,0x01,0x7f,
  0x00,0x54,0x00,0x00,0x17,0x27,0x3e,0x03,0x33,0x32,0x16,0x16,
  0x17,0x26,0x26,0x35,0x34,0x36,0x36,0x33,0x32,0x1e,0x03,0x33,
  0x32,0x36,0x36,0x37,0x17,0x0e,0x02,0x15,0x14,0x16,0x16,0x33,
  0x32,0x36,0x35,0x34,0x26,0x27,0x37,0x1e,0x02,0x15,0x14,0x06,
  0x23,0x22,0x26,0x27,0x06,0x06,0x23,0x22,0x26,0x26,0x27,0x26,
  0x26,0x23,0x22,0x06,0x06,0x15,0x14,0x16,0x17,0x07,0x26,0x26,
  0x27,0x2e,0x04,0x23,0x22,0x0e,0x02,0x23,0x19,0x3e,0x9e,0xad,
  0xab,0x4a,0x79,0xde,0xad,0x2e,0x0a,0x0c,0x2c,0x45,0x24,0x1d,
  0x3c,0x3e,0x3c,0x3b,0x1c,0x1a,0x2d,0x24,0x0d,0x4c,0x03,0x08,
  0x07,0x0c,0x27,0x28,0x2c,0x33,0x23,0x16,0x51,0x0d,0x17,0x10,
  0x5c,0x50,0x37,0x4c,0x0e,0x16,0x3f,0x1e,0x29,0x42,0x39,0x1e,
  0x23,0x3b,0x16,0x0e,0x23,0x18,0x31,0x2e,0x20,0x0d,0x2a,0x0b,
  0x18,0x60,0x7e,0x8d,0x8e,0x3e,0x46,0xa8,0xac,0x9f,0xb2,0x41,
  0x15,0x1c,0x12,0x08,0x05,0x09,0x06,0x13,0x2d,0x17,0x2e,0x51,
  0x32,0x1e,0x2c,0x2d,0x1e,0x1d,0x58,0x58,0x0e,0x12,0x34,0x33,
  0x10,0x0f,0x18,0x0f,0x22,0x34,0x26,0x73,0x39,0x1e,0x20,0x52,
  0x50,0x1e,0x5d,0x5b,0x24,0x1e,0x24,0x1e,0x1a,0x29,0x15,0x19,
  0x26,0x15,0x2b,0x21,0x2b,0x50,0x14,0x40,0x08,0x18,0x07,0x05,
  0x08,0x06,0x04,0x02,0x07,0x0f,0x18,0x00,0x00,0x01,0x00,0x0a,
  0xff,0x4e,0x0a,0x57,0x01,0x7f,0x00,0x5d,0x00,0x00,0x17,0x27,
  0x3e,0x05,0x33,0x32,0x1e,0x04,0x17,0x26,0x26,0x35,0x34,0x36,
  0x36,0x33,0x32,0x1e,0x03,0x33,0x32,0x36,0x36,0x37,0x17,0x0e,
  0x02,0x15,0x14,0x16,0x16,0x33,0x32,0x36,0x35,0x34,0x26,0x27,
  0x37,0x1e,0x02,0x15,0x14,0x06,0x23,0x22,0x26,0x27,0x06,0x06,
  0x23,0x22,0x26,0x26,0x27,0x26,0x26,0x23,0x22,0x06,0x06,0x15,
  0x14,0x16,0x17,0x07,0x26,0x26,0x27,0x2e,0x06,0x23,0x22,0x0e,
  0x04,0x23,0x19,0x29,0x8e,0xb2,0xbf,0xb7,0x9a,0x31,0x3e,0x99,
  0xa6,0xa3,0x91,0x72,0x20,0x0b,0x0c,0x2c,0x45,0x24,0x1d,0x3c,
  0x3e,0x3c,0x3b,0x1c,0x1a,0x2d,0x24,0x0d,0x4c,0x03,0x08,0x07,
  0x0c,0x27,0x28,0x2c,0x33,0x23,0x16,0x51,0x0d,0x17,0x10,0x5c,
  0x50,0x37,0x4c,0x0e,0x16,0x3f,0x1e,0x29,0x42,0x39,0x1e,0x23,
  0x3b,0x16,0x0e,0x23,0x18,0x31,0x2e,0x20,0x0d,0x2a,0x0b,0x11,
  0x59,0x7f,0x96,0x9d,0x97,0x7f,0x2d,0x2f,0x96,0xb6,0xbf,0xb1,
  0x8f,0xb2,0x41,0x0e,0x16,0x10,0x0c,0x08,0x03,0x01,0x03,0x03,
  0x05,0x06,0x03,0x14,0x2c,0x18,0x2e,0x51,0x32,0x1e,0x2c,0x2d,
  0x1e,0x1d,0x58,0x58,0x0e,0x12,0x34,0x33,0x10,0x0f,0x18,0x0f,
  0x22,0x34,0x26,0x73,0x39,0x1e,0x20,0x52,0x50,0x1e,0x5d,0x5b,
  0x24,0x1e,0x24,0x1e,0x1a,0x29,0x15,0x19,0x26,0x15,0x2b,0x21,
  0x2b,0x50,0x14,0x40,0x08,0x18,0x07,0x03,0x06,0x05,0x05,0x03,
  0x02,0x01,0x03,0x06,0x0a,0x0f,0x12,0x00,0x00,0x01,0x00,0x0a,
  0xff,0x4e,0x0c,0x93,0x01,0x7f,0x00,0x61,0x00,0x00,0x17,0x27,
  0x3e,0x06,0x33,0x32,0x1e,0x05,0x17,0x26,0x26,0x35,0x34,0x36,
  0x36,0x33,0x32,0x1e,0x03,0x33,0x32,0x36,0x36,0x37,0x17,0x0e,
  0x02,0x15,0x14,0x16,0x16,0x33,0x32,0x36,0x35,0x34,0x26,0x27,
  0x37,0x1e,0x02,0x15,0x14,0x06,0x23,0x22,0x26,0x27,0x06,0x06,
  0x23,0x22,0x26,0x26,0x27,0x26,0x26,0x23,0x22,0x06,0x06,0x15,
  0x14,0x16,0x17,0x07,0x26,0x26,0x27,0x2e,0x07,0x23,0x22,0x0e,
  0x05,0x23,0x19,0x23,0x8e,0xbb,0xd4,0xd6,0xc2,0x98,0x2a,0x36,
  0xa1,0xc3,0xd0,0xca,0xb2,0x86,0x23,0x0a,0x0d,0x2c,0x45,0x24,
  0x1d,0x3c,0x3e,0x3c,0x3b,0x1c,0x1a,0x2d,0x24,0x0d,0x4c,0x03,
  0x08,0x07,0x0c,0x27,0x28,0x2c,0x33,0x23,0x16,0x51,0x0d,0x17,
  0x10,0x5c,0x50,0x37,0x4c,0x0e,0x16,0x3f,0x1e,0x29,0x42,0x39,
  0x1e,0x23,0x3b,0x16,0x0e,0x23,0x18,0x31,0x2e,0x20,0x0d,0x2a,
  0x0b,0x0f,0x65,0x97,0xb8,0xc6,0xc4,0xaf,0x88,0x27,0x28,0x95,
  0xc0,0xd5,0xd4,0xbc,0x8e,0xb2,0x41,0x0c,0x13,0x10,0x0c,0x08,
  0x05,0x03,0x01,0x02,0x02,0x04,0x04,0x06,0x03,0x14,0x2d,0x18,
  0x2e,0x51,0x32,0x1e,0x2c,0x2d,0x1e,0x1d,0x58,0x58,0x0e,0x12,
  0x34,0x33,0x10,0x0f,0x18,0x0f,0x22,0x34,0x26,0x73,0x39,0x1e,
  0x20,0x52,0x50,0x1e,0x5d,0x5b,0x24,0x1e,0x24,0x1e,0x1a,0x29,
  0x15,0x19,0x26,0x15,0x2b,0x21,0x2b,0x50,0x14,0x40,0x08,0x18,
  0x07,0x03,0x05,0x05,0x04,0x03,0x03,0x01,0x01,0x02,0x05,0x07,
  0x0a,0x0d,0x11,0x00,0x00,0x02,0x00,0x14,0xff,0x8f,0x05,0x08,
  0x00,0x70,0x00,0x1c,0x00,0x26,0x00,0x00,0x05,0x22,0x26,0x26,
  0x27,0x06,0x06,0x23,0x21,0x27,0x21,0x32,0x36,0x37,0x17,0x06,
  0x06,0x15,0x14,0x16,0x17,0x36,0x36,0x33,0x32,0x16,0x15,0x14,
  0x06,0x27,0x22,0x06,0x07,0x32,0x33,0x32,0x36,0x35,0x34,0x04,
  0x4b,0x18,0x41,0x36,0x0a,0x0f,0x28,0x13,0xfc,0xba,0x0e,0x03,
  0x58,0x1c,0x14,0x0a,0x43,0x04,0x05,0x0c,0x10,0x25,0x57,0x33,
  0x30,0x2d,0x5b,0x0e,0x19,0x34,0x13,0x06,0x06,0x44,0x2e,0x71,
  0x06,0x0f,0x0e,0x14,0x08,0x4d,0x22,0x2d,0x08,0x0d,0x18,0x06,
  0x07,0x10,0x05,0x40,0x4d,0x3f,0x26,0x35,0x47,0x94,0x30,0x1a,
  0x1d,0x11,0x1c,0x00,0x00,0x02,0x00,0x14,0xff,0x8f,0x05,0x08,
  0x00,0x70,0x00,0x1c,0x00,0x26,0x00,0x00,0x05,0x22,0x26,0x26,
  0x27,0x06,0x06,0x23,0x21,0x27,0x21,0x32,0x36,0x37,0x17,0x06,
  0x06,0x15,0x14,0x16,0x17,0x36,0x36,0x33,0x32,0x16,0x15,0x14,
  0x06,0x27,0x22,0x06,0x07,0x32,0x33,0x32,0x36,0x35,0x34,0x04,
  0x4b,0x18,0x41,0x36,0x0a,0x0f,0x28,0x13,0xfc,0xba,0x0e,0x03,
  0x58,0x1c,0x14,0x0a,0x43,0x04,0x05,0x0c,0x10,0x25,0x57,0x33,
  0x30,0x2d,0x5b,0x0e,0x19,0x34,0x13,0x06,0x06,0x44,0x2e,0x71,
  0x06,0x0f,0x0e,0x14,0x08,0x4d,0x22,0x2d,0x08,0x0d,0x18,0x06,
  0x07,0x10,0x05,0x40,0x4d,0x3f,0x26,0x35,0x47,0x94,0x30,0x1a,
  0x1d,0x11,0x1c,0x00,0x00,0x02,0x00,0x14,0xff,0x8f,0x05,0xdd,
  0x00,0x70,0x00,0x1c,0x00,0x26,0x00,0x00,0x05,0x22,0x26,0x26,
  0x27,0x06,0x06,0x23,0x21,0x27,0x21,0x32,0x36,0x37,0x17,0x06,
  0x06,0x15,0x14,0x16,0x17,0x36,0x36,0x33,0x32,0x16,0x15,0x14,
  0x06,0x27,0x22,0x06,0x07,0x32,0x33,0x32,0x36,0x35,0x34,0x05,
  0x20,0x18,0x41,0x36,0x0a,0x0f,0x28,0x13,0xfb,0xe5,0x0e,0x04,
  0x2d,0x1c,0x14,0x0a,0x43,0x04,0x05,0x0c,0x10,0x25,0x57,0x33,
  0x30,0x2d,0x5b,0x0e,0x19,0x34,0x13,0x06,0x06,0x44,0x2e,0x71,
  0x06,0x0f,0x0e,0x14,0x08,0x4d,0x22,0x2d,0x08,0x0d,0x18,0x06,
  0x07,0x10,0x05,0x40,0x4d,0x3f,0x26,0x35,0x47,0x94,0x30,0x1a,
  0x1d,0x11,0x1c,0x00,0x00,0x01,0x00,0x14,0xff,0x90,0x04,0x62,
  0x00,0x91,0x00,0x16,0x00,0x00,0x17,0x27,0x21,0x34,0x36,0x36,
  0x37,0x15,0x06,0x06,0x15,0x14,0x16,0x33,0x32,0x36,0x36,0x37,
  0x07,0x0e,0x02,0x23,0x22,0x0e,0x03,0x58,0x21,0x4b,0x40,0x2c,
  0x33,0x29,0x1c,0x0b,0x25,0x27,0x0d,0x0c,0x16,0x3e,0x42,0x1b,
  0x70,0x4d,0x29,0x48,0x37,0x0c,0x4b,0x07,0x27,0x15,0x13,0x13,
  0x03,0x05,0x03,0x49,0x07,0x07,0x01,0x00,0xff,0xff,0x00,0x14,
  0xff,0x90,0x04,0x62,0x00,0x91,0x02,0x06,0x00,0xab,0x00,0x00,
  0x00,0x01,0x00,0x14,0xff,0x90,0x05,0x66,0x00,0x91,0x00,0x16,
  0x00,0x00,0x17,0x27,0x21,0x34,0x36,0x36,0x37,0x15,0x06,0x06,
  0x15,0x14,0x16,0x33,0x32,0x36,0x36,0x37,0x07,0x0e,0x02,0x23,
  0x22,0x0e,0x04,0x5c,0x21,0x4b,0x40,0x2c,0x33,0x29,0x1c,0x0b,
  0x25,0x27,0x0d,0x0c,0x16,0x3e,0x42,0x1b,0x70,0x4d,0x29,0x48,
  0x37,0x0c,0x4b,0x07,0x27,0x15,0x13,0x13,0x03,0x05,0x03,0x49,
  0x07,0x07,0x01,0x00,0x00,0x02,0x00,0x14,0xff,0x8c,0x04,0x3b,
  0x00,0x7d,0x00,0x11,0x00,0x1c,0x00,0x00,0x17,0x22,0x26,0x27,
  0x26,0x35,0x34,0x36,0x36,0x33,0x32,0x16,0x15,0x14,0x06,0x07,
  0x05,0x07,0x25,0x14,0x17,0x36,0x36,0x35,0x34,0x26,0x23,0x22,
  0x06,0xcb,0x28,0x48,0x1a,0x2d,0x24,0x3c,0x23,0x31,0x39,0x0c,
  0x09,0x03,0x4f,0x0e,0xfc,0x2c,0x4d,0x08,0x0d,0x1c,0x11,0x15,
  0x20,0x74,0x0f,0x13,0x21,0x36,0x23,0x36,0x1f,0x39,0x2c,0x12,
  0x1f,0x0e,0x01,0x4c,0x82,0x2d,0x07,0x0a,0x19,0x0f,0x16,0x14,
  0x16,0x00,0xff,0xff,0x00,0x14,0xff,0x8c,0x04,0x3b,0x00,0x7d,
  0x02,0x06,0x00,0xae,0x00,0x00,0x00,0x02,0x00,0x14,0xff,0xeb,
  0x03,0x7e,0x01,0x4b,0x00,0x1a,0x00,0x27,0x00,0x00,0x05,0x22,
  0x26,0x26,0x35,0x34,0x36,0x36,0x33,0x32,0x16,0x16,0x15,0x14,
  0x06,0x07,0x16,0x33,0x32,0x3e,0x02,0x37,0x17,0x0e,0x02,0x25,
  0x14,0x16,0x16,0x17,0x36,0x36,0x35,0x34,0x26,0x23,0x22,0x06,
  0x01,0xd4,0xa1,0xc6,0x59,0x35,0x56,0x31,0x37,0x49,0x25,0x0c,
  0x0a,0x2a,0x31,0x60,0x85,0x5d,0x44,0x1e,0x20,0x21,0x65,0xa4,
  0xfe,0x0c,0x1e,0x4c,0x43,0x0f,0x09,0x34,0x2b,0x31,0x35,0x15,
  0x22,0x4d,0x3f,0x35,0x50,0x2d,0x2e,0x4c,0x2e,0x1b,0x33,0x15,
  0x02,0x0a,0x14,0x1b,0x12,0x4b,0x15,0x26,0x18,0xb6,0x16,0x25,
  0x1a,0x07,0x1a,0x29,0x11,0x30,0x30,0x37,0x00,0x01,0x00,0x1e,
  0x02,0x23,0x04,0xa7,0x02,0xd5,0x00,0x19,0x00,0x00,0x13,0x27,
  0x3e,0x02,0x33,0x32,0x1e,0x02,0x33,0x32,0x36,0x37,0x17,0x0e,
  0x02,0x23,0x22,0x2e,0x02,0x23,0x22,0x06,0x58,0x3a,0x15,0x27,
  0x32,0x25,0x20,0x52,0x7a,0xb0,0x7d,0x91,0xe6,0x52,0x14,0x3e,
  0x9d,0xb0,0x5b,0x7e,0xb2,0x79,0x4d,0x18,0x1b,0x23,0x02,0x23,
  0x1b,0x2f,0x44,0x24,0x16,0x1c,0x16,0x1a,0x1f,0x40,0x18,0x20,
  0x0f,0x14,0x1b,0x14,0x29,0x00,0x00,0x03,0x00,0x32,0xff,0xe6,
  0x01,0xb1,0x02,0xaf,0x00,0x03,0x00,0x0b,0x00,0x13,0x00,0x00,
  0x17,0x27,0x01,0x17,0x05,0x26,0x26,0x27,0x37,0x16,0x16,0x17,
  0x13,0x26,0x26,0x27,0x37,0x16,0x16,0x17,0x72,0x40,0x01,0x3d,
  0x42,0xfe,0xeb,0x18,0x22,0x19,0x47,0x18,0x2c,0x10,0x7d,0x18,
  0x22,0x19,0x47,0x18,0x2c,0x10,0x1a,0x1a,0x02,0xaf,0x1d,0x81,
  0x19,0x22,0x14,0x4c,0x13,0x2c,0x14,0xfd,0x9c,0x19,0x22,0x14,
  0x4c,0x13,0x2c,0x14,0x00,0x04,0x00,0x32,0xff,0xe6,0x02,0x61,
  0x02,0xaf,0x00,0x03,0x00,0x0b,0x00,0x13,0x00,0x1b,0x00,0x00,
  0x17,0x27,0x01,0x17,0x05,0x26,0x26,0x27,0x37,0x16,0x16,0x17,
  0x13,0x26,0x26,0x27,0x37,0x16,0x16,0x17,0x17,0x26,0x26,0x27,
  0x37,0x16,0x16,0x17,0x72,0x40,0x01,0x3d,0x42,0xfe,0xeb,0x18,
  0x22,0x19,0x47,0x18,0x2c,0x10,0x7d,0x18,0x22,0x19,0x47,0x18,
  0x2c,0x10,0x70,0x18,0x22,0x19,0x47,0x18,0x2c,0x10,0x1a,0x1a,
  0x02,0xaf,0x1d,0x81,0x19,0x22,0x14,0x4c,0x13,0x2c,0x14,0xfd,
  0x9c,0x19,0x22,0x14,0x4c,0x13,0x2c,0x14,0x48,0x19,0x22,0x14,
  0x4c,0x13,0x2c,0x14,0x00,0x05,0x00,0x32,0xff,0xe6,0x03,0x19,
  0x02,0xaf,0x00,0x03,0x00,0x0b,0x00,0x13,0x00,0x1b,0x00,0x23,
  0x00,0x00,0x17,0x27,0x01,0x17,0x05,0x26,0x26,0x27,0x37,0x16,
  0x16,0x17,0x13,0x26,0x26,0x27,0x37,0x16,0x16,0x17,0x17,0x26,
  0x26,0x27,0x37,0x16,0x16,0x17,0x17,0x26,0x26,0x27,0x37,0x16,
  0x16,0x17,0x72,0x40,0x01,0x3d,0x42,0xfe,0xeb,0x18,0x22,0x19,
  0x47,0x18,0x2c,0x10,0x7d,0x18,0x22,0x19,0x47,0x18,0x2c,0x10,
  0x70,0x18,0x22,0x19,0x47,0x18,0x2c,0x10,0x70,0x18,0x22,0x19,
  0x47,0x18,0x2c,0x10,0x1a,0x1a,0x02,0xaf,0x1d,0x81,0x19,0x22,
  0x14,0x4c,0x13,0x2c,0x14,0xfd,0x9c,0x19,0x22,0x14,0x4c,0x13,
  0x2c,0x14,0x48,0x19,0x22,0x14,0x4c,0x13,0x2c,0x14,0x48,0x19,
  0x22,0x14,0x4c,0x13,0x2c,0x14,0x00,0x01,0x00,0x0a,0x00,0x00,
  0x02,0x5a,0x02,0xb2,0x00,0x07,0x00,0x00,0x21,0x01,0x33,0x13,
  0x13,0x33,0x15,0x27,0x01,0x19,0xfe,0xf1,0x4e,0xc8,0x8c,0xae,
  0x84,0x02,0xb2,0xfe,0x04,0x01,0x13,0x4a,0x01,0x00,0xff,0xff,
  0x00,0x0a,0x00,0x00,0x02,0x5a,0x02,0xbf,0x02,0x26,0x00,0xb6,
  0x00,0x00,0x00,0x07,0x00,0xed,0x00,0xcd,0xff,0x72,0x00,0x02,
  0x00,0x0a,0x00,0x00,0x02,0x5a,0x02,0xbd,0x00,0x1f,0x00,0x27,
  0x00,0x00,0x01,0x17,0x06,0x06,0x23,0x22,0x26,0x35,0x34,0x36,
  0x37,0x26,0x26,0x35,0x34,0x37,0x17,0x06,0x06,0x15,0x14,0x16,
  0x37,0x17,0x06,0x06,0x15,0x14,0x16,0x33,0x32,0x36,0x03,0x01,
  0x33,0x13,0x13,0x33,0x15,0x27,0x01,0x63,0x04,0x0d,0x1d,0x14,
  0x2b,0x27,0x0e,0x15,0x0c,0x11,0x62,0x06,0x1c,0x1f,0x18,0x11,
  0x03,0x1c,0x11,0x15,0x0c,0x13,0x1c,0x40,0xfe,0xf1,0x4e,0xc8,
  0x8c,0xae,0x84,0x02,0x03,0x2a,0x07,0x09,0x22,0x16,0x0c,0x20,
  0x0f,0x06,0x15,0x12,0x39,0x1b,0x2e,0x04,0x1a,0x0a,0x0a,0x08,
  0x06,0x28,0x0d,0x1a,0x07,0x0a,0x07,0x0a,0xfe,0x02,0x02,0xb2,
  0xfe,0x04,0x01,0x13,0x4a,0x01,0xff,0xff,0x00,0x1e,0xff,0xfb,
  0x04,0xc3,0x03,0xdd,0x00,0x27,0x00,0x05,0x04,0x16,0x00,0x00,
  0x00,0x26,0x00,0xba,0x00,0x00,0x00,0x27,0x01,0x1a,0x01,0xd0,
  0x00,0x0f,0x00,0x07,0x01,0x42,0x02,0x1c,0x00,0xd7,0x00,0x02,
  0x00,0x1e,0xff,0xfb,0x03,0xdc,0x02,0xca,0x00,0x2e,0x00,0x38,
  0x00,0x00,0x05,0x22,0x26,0x27,0x06,0x2e,0x02,0x35,0x34,0x36,
  0x36,0x37,0x27,0x33,0x13,0x1e,0x02,0x33,0x32,0x36,0x36,0x27,
  0x03,0x33,0x13,0x1e,0x02,0x33,0x32,0x36,0x36,0x27,0x03,0x33,
  0x13,0x16,0x06,0x06,0x23,0x22,0x26,0x27,0x06,0x06,0x25,0x27,
  0x0e,0x02,0x15,0x14,0x16,0x16,0x32,0x01,0xe6,0x41,0x5d,0x13,
  0x35,0x64,0x4f,0x2f,0x44,0x74,0x46,0x03,0x51,0x10,0x03,0x1c,
  0x33,0x24,0x39,0x2d,0x07,0x02,0x0d,0x53,0x0c,0x02,0x1d,0x32,
  0x1e,0x38,0x2e,0x07,0x02,0x13,0x51,0x14,0x03,0x19,0x57,0x5a,
  0x33,0x3b,0x0e,0x13,0x54,0xfe,0xfa,0x09,0x39,0x50,0x2a,0x25,
  0x3a,0x41,0x05,0x2d,0x3a,0x0d,0x05,0x21,0x3b,0x29,0x36,0x5a,
  0x3e,0x0b,0x4c,0xfe,0xb6,0x2f,0x2f,0x0f,0x16,0x38,0x32,0x01,
  0x6b,0xfe,0x97,0x33,0x39,0x16,0x16,0x38,0x32,0x01,0xfd,0xfe,
  0x0c,0x47,0x62,0x32,0x27,0x1c,0x21,0x22,0xb3,0xb7,0x06,0x28,
  0x32,0x19,0x18,0x1d,0x0e,0x00,0x00,0x26,0x00,0x08,0xfe,0xbe,
  0x26,0x13,0x03,0x10,0x00,0x12,0x00,0x25,0x00,0x38,0x00,0x3c,
  0x00,0x47,0x00,0x52,0x00,0x5d,0x00,0x61,0x00,0x65,0x00,0x8a,
  0x00,0x8e,0x00,0x92,0x00,0x96,0x00,0xb8,0x00,0xe4,0x01,0x06,
  0x01,0x1b,0x01,0x40,0x01,0x65,0x01,0x7a,0x01,0x86,0x01,0x8a,
  0x01,0xf3,0x02,0x47,0x02,0xa0,0x02,0xa8,0x02,0xb5,0x02,0xc1,
  0x02,0xcd,0x02,0xd1,0x02,0xd5,0x02,0xd9,0x02,0xdd,0x02,0xe9,
  0x02,0xf5,0x03,0x01,0x03,0x05,0x03,0x09,0x00,0x00,0x01,0x22,
  0x26,0x26,0x27,0x37,0x16,0x16,0x17,0x3e,0x02,0x33,0x32,0x16,
  0x15,0x14,0x06,0x06,0x21,0x22,0x26,0x26,0x27,0x37,0x16,0x16,
  0x17,0x3e,0x02,0x33,0x32,0x16,0x15,0x14,0x06,0x06,0x21,0x22,
  0x26,0x26,0x27,0x37,0x16,0x16,0x17,0x3e,0x02,0x33,0x32,0x16,
  0x15,0x14,0x06,0x06,0x25,0x35,0x37,0x15,0x25,0x22,0x06,0x07,
  0x16,0x33,0x32,0x36,0x35,0x34,0x26,0x21,0x22,0x06,0x07,0x16,
  0x33,0x32,0x36,0x35,0x34,0x26,0x21,0x22,0x06,0x07,0x16,0x33,
  0x32,0x36,0x35,0x34,0x26,0x05,0x35,0x37,0x15,0x05,0x35,0x37,
  0x15,0x05,0x22,0x26,0x35,0x34,0x37,0x37,0x06,0x15,0x14,0x33,
  0x32,0x36,0x37,0x35,0x37,0x15,0x14,0x16,0x33,0x32,0x36,0x35,
  0x34,0x26,0x27,0x37,0x16,0x16,0x15,0x14,0x06,0x23,0x22,0x27,
  0x06,0x06,0x01,0x03,0x33,0x13,0x21,0x03,0x33,0x13,0x21,0x03,
  0x33,0x13,0x05,0x27,0x3e,0x02,0x35,0x34,0x26,0x27,0x37,0x16,
  0x16,0x17,0x16,0x16,0x33,0x32,0x36,0x36,0x27,0x03,0x33,0x13,
  0x16,0x06,0x06,0x23,0x22,0x26,0x27,0x0e,0x03,0x25,0x22,0x26,
  0x27,0x06,0x26,0x26,0x35,0x34,0x36,0x36,0x37,0x27,0x33,0x13,
  0x16,0x16,0x33,0x32,0x36,0x36,0x27,0x03,0x33,0x13,0x16,0x16,
  0x33,0x32,0x36,0x36,0x27,0x03,0x33,0x13,0x16,0x06,0x06,0x23,
  0x22,0x26,0x27,0x06,0x06,0x05,0x27,0x3e,0x02,0x35,0x34,0x26,
  0x27,0x37,0x16,0x16,0x17,0x16,0x16,0x33,0x32,0x36,0x36,0x27,
  0x03,0x33,0x13,0x16,0x06,0x06,0x23,0x22,0x26,0x27,0x0e,0x03,
  0x01,0x27,0x32,0x36,0x37,0x26,0x26,0x23,0x22,0x07,0x27,0x36,
  0x36,0x33,0x32,0x16,0x16,0x17,0x0e,0x02,0x05,0x22,0x26,0x35,
  0x34,0x37,0x37,0x06,0x15,0x14,0x33,0x32,0x36,0x37,0x35,0x37,
  0x15,0x14,0x16,0x33,0x32,0x36,0x35,0x34,0x26,0x27,0x37,0x16,
  0x16,0x15,0x14,0x06,0x23,0x22,0x27,0x06,0x06,0x21,0x22,0x26,
  0x35,0x34,0x37,0x37,0x06,0x15,0x14,0x33,0x32,0x36,0x37,0x35,
  0x37,0x15,0x14,0x16,0x33,0x32,0x36,0x35,0x34,0x26,0x27,0x37,
  0x16,0x16,0x15,0x14,0x06,0x23,0x22,0x27,0x06,0x06,0x25,0x27,
  0x32,0x36,0x37,0x26,0x26,0x23,0x22,0x07,0x27,0x36,0x36,0x33,
  0x32,0x16,0x16,0x17,0x0e,0x02,0x05,0x22,0x26,0x35,0x34,0x36,
  0x33,0x32,0x16,0x15,0x14,0x06,0x05,0x27,0x33,0x17,0x01,0x2e,
  0x02,0x35,0x34,0x3e,0x03,0x33,0x32,0x16,0x16,0x17,0x1e,0x02,
  0x33,0x21,0x32,0x3e,0x02,0x37,0x17,0x06,0x06,0x15,0x14,0x16,
  0x33,0x32,0x3e,0x02,0x37,0x17,0x0e,0x02,0x15,0x14,0x16,0x33,
  0x32,0x36,0x35,0x34,0x26,0x27,0x37,0x1e,0x02,0x33,0x32,0x36,
  0x35,0x34,0x26,0x27,0x37,0x1e,0x02,0x15,0x14,0x06,0x23,0x22,
  0x26,0x27,0x06,0x06,0x23,0x22,0x27,0x06,0x06,0x23,0x22,0x26,
  0x27,0x06,0x06,0x23,0x21,0x22,0x26,0x27,0x06,0x06,0x23,0x06,
  0x26,0x27,0x06,0x06,0x15,0x14,0x1e,0x02,0x17,0x05,0x2e,0x02,
  0x35,0x34,0x3e,0x03,0x33,0x32,0x16,0x16,0x17,0x1e,0x02,0x33,
  0x32,0x3e,0x02,0x37,0x17,0x06,0x06,0x15,0x14,0x1e,0x02,0x33,
  0x33,0x32,0x36,0x37,0x26,0x26,0x23,0x22,0x06,0x07,0x27,0x36,
  0x33,0x32,0x1e,0x02,0x33,0x33,0x17,0x22,0x0e,0x03,0x23,0x23,
  0x22,0x26,0x26,0x27,0x06,0x06,0x23,0x22,0x26,0x27,0x06,0x06,
  0x23,0x06,0x26,0x27,0x06,0x06,0x15,0x14,0x1e,0x02,0x17,0x01,
  0x34,0x36,0x37,0x17,0x06,0x15,0x14,0x16,0x16,0x33,0x32,0x36,
  0x36,0x35,0x34,0x26,0x27,0x37,0x16,0x16,0x17,0x16,0x16,0x33,
  0x32,0x36,0x36,0x37,0x3e,0x02,0x33,0x32,0x16,0x17,0x1e,0x02,
  0x33,0x32,0x36,0x37,0x26,0x26,0x23,0x22,0x06,0x07,0x27,0x36,
  0x33,0x32,0x1e,0x02,0x33,0x33,0x17,0x22,0x0e,0x03,0x23,0x22,
  0x26,0x27,0x06,0x06,0x23,0x22,0x26,0x27,0x0e,0x02,0x23,0x22,
  0x26,0x27,0x0e,0x03,0x23,0x22,0x26,0x26,0x25,0x27,0x06,0x06,
  0x15,0x14,0x16,0x16,0x25,0x16,0x16,0x33,0x32,0x36,0x27,0x2e,
  0x02,0x23,0x06,0x06,0x05,0x32,0x36,0x27,0x26,0x26,0x23,0x22,
  0x06,0x07,0x16,0x16,0x21,0x32,0x36,0x27,0x26,0x26,0x23,0x22,
  0x06,0x07,0x16,0x16,0x07,0x35,0x37,0x15,0x05,0x35,0x37,0x15,
  0x05,0x35,0x37,0x15,0x05,0x35,0x37,0x15,0x05,0x22,0x26,0x35,
  0x34,0x36,0x33,0x32,0x16,0x15,0x14,0x06,0x05,0x22,0x26,0x35,
  0x34,0x36,0x33,0x32,0x16,0x15,0x14,0x06,0x23,0x22,0x26,0x35,
  0x34,0x36,0x33,0x32,0x16,0x15,0x14,0x06,0x05,0x35,0x37,0x15,
  0x05,0x35,0x37,0x15,0x14,0xb8,0x12,0x31,0x2b,0x0b,0x06,0x07,
  0x17,0x0d,0x0b,0x21,0x2c,0x1d,0x1a,0x2e,0x14,0x32,0xfb,0xcd,
  0x12,0x30,0x2c,0x0a,0x05,0x08,0x16,0x0d,0x0c,0x20,0x2d,0x1d,
  0x1a,0x2d,0x13,0x33,0xf7,0x19,0x12,0x30,0x2c,0x0b,0x06,0x07,
  0x17,0x0d,0x0b,0x21,0x2c,0x1e,0x19,0x2e,0x14,0x32,0x0a,0x81,
  0xb3,0x01,0x83,0x14,0x24,0x10,0x11,0x0d,0x2d,0x1c,0x13,0xfb,
  0xf1,0x15,0x24,0x0f,0x10,0x0d,0x2e,0x1c,0x13,0xf7,0x3b,0x14,
  0x24,0x10,0x11,0x0d,0x2e,0x1c,0x14,0xfd,0x7c,0xb3,0x08,0x05,
  0xb3,0x03,0xc3,0x20,0x15,0x05,0x28,0x05,0x14,0x0c,0x10,0x01,
  0x26,0x09,0x0e,0x0f,0x09,0x06,0x06,0x24,0x08,0x0b,0x1e,0x1f,
  0x1a,0x10,0x06,0x21,0xf5,0x00,0x10,0x40,0x10,0x08,0x78,0x10,
  0x41,0x10,0x03,0xc2,0x10,0x41,0x10,0xf0,0xb0,0x17,0x4e,0x57,
  0x24,0x22,0x15,0x3a,0x16,0x20,0x09,0x0a,0x25,0x1f,0x2d,0x24,
  0x06,0x01,0x10,0x41,0x10,0x03,0x14,0x46,0x48,0x1f,0x28,0x0d,
  0x08,0x33,0x45,0x48,0x0c,0xe8,0x34,0x4b,0x0f,0x39,0x66,0x40,
  0x37,0x5c,0x38,0x02,0x41,0x0c,0x03,0x31,0x2b,0x2d,0x25,0x05,
  0x02,0x0a,0x42,0x0a,0x02,0x32,0x25,0x2d,0x24,0x06,0x02,0x0f,
  0x41,0x10,0x02,0x14,0x45,0x48,0x29,0x30,0x0a,0x10,0x43,0xfb,
  0x79,0x17,0x4d,0x58,0x23,0x22,0x15,0x3b,0x16,0x1f,0x09,0x0b,
  0x24,0x1f,0x2d,0x25,0x06,0x02,0x0f,0x41,0x10,0x02,0x14,0x46,
  0x48,0x1e,0x29,0x0c,0x09,0x33,0x44,0x48,0xfe,0x41,0x0a,0x2b,
  0x3e,0x10,0x0e,0x24,0x0a,0x0f,0x15,0x19,0x09,0x20,0x13,0x0c,
  0x2b,0x2d,0x10,0x07,0x2c,0x45,0x01,0xb2,0x20,0x15,0x05,0x28,
  0x05,0x14,0x0c,0x10,0x01,0x26,0x09,0x0f,0x0e,0x0a,0x07,0x05,
  0x24,0x07,0x0b,0x1e,0x1f,0x19,0x10,0x07,0x21,0xf7,0x32,0x20,
  0x15,0x05,0x28,0x05,0x14,0x0c,0x0f,0x02,0x26,0x09,0x0e,0x0f,
  0x09,0x06,0x06,0x24,0x08,0x0b,0x1e,0x1f,0x1a,0x10,0x07,0x21,
  0x1d,0xcc,0x0a,0x2b,0x3e,0x10,0x0e,0x24,0x0a,0x10,0x14,0x1a,
  0x09,0x20,0x14,0x0c,0x2b,0x2d,0x0f,0x06,0x2c,0x46,0xe5,0x84,
  0x11,0x17,0x17,0x11,0x10,0x17,0x17,0x01,0x26,0x05,0x2c,0x05,
  0x0a,0x8e,0x12,0x18,0x0c,0x26,0x3d,0x46,0x43,0x17,0x14,0x1e,
  0x1d,0x10,0x10,0x1b,0x1f,0x16,0x0b,0xd0,0x19,0x20,0x16,0x13,
  0x0d,0x3c,0x05,0x0d,0x1e,0x29,0x17,0x1f,0x14,0x10,0x09,0x3d,
  0x03,0x07,0x05,0x1a,0x2f,0x28,0x24,0x04,0x06,0x3b,0x06,0x13,
  0x2c,0x2c,0x3a,0x30,0x1c,0x12,0x41,0x0a,0x13,0x0d,0x56,0x59,
  0x2d,0x3b,0x0d,0x10,0x41,0x27,0x4e,0x16,0x13,0x35,0x31,0x19,
  0x39,0x0d,0x15,0x3d,0x2d,0xf4,0x30,0x1d,0x29,0x0f,0x0f,0x2c,
  0x18,0x2d,0x62,0x21,0x14,0x0c,0x09,0x0f,0x12,0x09,0xea,0x9f,
  0x12,0x18,0x0c,0x26,0x3d,0x46,0x43,0x17,0x14,0x1e,0x1d,0x10,
  0x10,0x1b,0x1f,0x16,0x28,0x2c,0x17,0x0f,0x0a,0x3f,0x05,0x0c,
  0x03,0x15,0x32,0x2e,0xd7,0x53,0x9b,0x40,0x1f,0x5b,0x36,0x14,
  0x1f,0x15,0x0d,0x2d,0x28,0x34,0x4f,0x40,0x3a,0x1f,0x11,0x05,
  0x29,0x43,0x43,0x51,0x6c,0x4b,0xd8,0x34,0x3b,0x1b,0x06,0x18,
  0x44,0x3e,0x1d,0x29,0x0f,0x0f,0x2c,0x18,0x2d,0x62,0x21,0x14,
  0x0c,0x09,0x0f,0x12,0x09,0x08,0x01,0x10,0x12,0x39,0x19,0x2c,
  0x4a,0x2d,0x49,0x52,0x22,0x17,0x0d,0x40,0x0d,0x0a,0x04,0x0d,
  0x33,0x1f,0x16,0x1b,0x19,0x13,0x19,0x34,0x30,0x13,0x27,0x37,
  0x1e,0x12,0x1e,0x20,0x15,0x53,0x9a,0x40,0x1f,0x5b,0x36,0x14,
  0x1e,0x16,0x0d,0x2d,0x28,0x35,0x4f,0x3f,0x3a,0x1f,0x11,0x06,
  0x29,0x44,0x43,0x51,0x6c,0x4b,0x1f,0x33,0x10,0x0f,0x2e,0x1a,
  0x28,0x53,0x1d,0x15,0x25,0x29,0x1a,0x19,0x25,0x0d,0x04,0x1d,
  0x3a,0x60,0x48,0x3c,0x67,0x3f,0x09,0x8f,0x08,0x45,0x4a,0x32,
  0x47,0xf9,0x5a,0x1b,0x44,0x1a,0x1c,0x1a,0x0e,0x0a,0x15,0x1b,
  0x12,0x12,0x2a,0x0a,0xe0,0x15,0x14,0x07,0x13,0x1e,0x11,0x12,
  0x3f,0x19,0x1a,0x52,0xea,0xfc,0x15,0x14,0x07,0x13,0x1e,0x11,
  0x12,0x3f,0x19,0x1a,0x52,0x73,0xb3,0x03,0x10,0xb3,0x0c,0x93,
  0xb3,0x03,0x66,0xb3,0x0f,0x4d,0x11,0x17,0x17,0x11,0x10,0x17,
  0x17,0xdc,0xca,0x11,0x17,0x17,0x11,0x10,0x17,0x17,0x7d,0x11,
  0x17,0x17,0x11,0x10,0x17,0x17,0x23,0x32,0xb3,0xe2,0xfc,0xb3,
  0x02,0x79,0x03,0x05,0x02,0x29,0x01,0x03,0x01,0x18,0x31,0x20,
  0x20,0x26,0x13,0x26,0x18,0x03,0x05,0x02,0x29,0x01,0x03,0x01,
  0x18,0x31,0x20,0x20,0x26,0x13,0x26,0x18,0x03,0x05,0x02,0x29,
  0x01,0x03,0x01,0x18,0x31,0x20,0x20,0x26,0x13,0x26,0x18,0x15,
  0x2c,0x35,0x2d,0x23,0x25,0x1d,0x01,0x15,0x0f,0x11,0x0e,0x25,
  0x1d,0x01,0x15,0x0f,0x11,0x0e,0x25,0x1d,0x01,0x15,0x0f,0x11,
  0x0e,0xb9,0x2d,0x35,0x2e,0x34,0x2d,0x35,0x2e,0x7b,0x2a,0x18,
  0x0f,0x1b,0x0b,0x1c,0x12,0x1d,0x18,0x26,0x18,0x0f,0x31,0x0c,
  0x10,0x11,0x0e,0x0e,0x1b,0x0e,0x0b,0x0f,0x27,0x10,0x1a,0x2b,
  0x0f,0x13,0x16,0xfe,0x1b,0x02,0x3b,0xfd,0xc5,0x02,0x3b,0xfd,
  0xc5,0x02,0x3b,0xfd,0xc5,0xba,0x3d,0x1a,0x46,0x4e,0x25,0x27,
  0x51,0x24,0x1d,0x2a,0x4f,0x1d,0x23,0x18,0x11,0x2d,0x28,0x01,
  0x97,0xfe,0x70,0x39,0x4e,0x28,0x14,0x0f,0x2d,0x49,0x37,0x24,
  0xae,0x24,0x2e,0x0d,0x10,0x36,0x2b,0x2b,0x48,0x32,0x09,0x3d,
  0xfe,0xf8,0x39,0x1e,0x11,0x2d,0x28,0x01,0x22,0xfe,0xe0,0x3e,
  0x2a,0x11,0x2d,0x28,0x01,0x97,0xfe,0x70,0x39,0x4e,0x28,0x1f,
  0x17,0x1b,0x1b,0xb6,0x3d,0x1a,0x46,0x4e,0x25,0x27,0x51,0x24,
  0x1d,0x2a,0x4f,0x1d,0x23,0x18,0x11,0x2d,0x28,0x01,0x97,0xfe,
  0x70,0x39,0x4e,0x28,0x14,0x0f,0x2d,0x49,0x37,0x24,0x02,0x5b,
  0x26,0x1e,0x10,0x07,0x0a,0x15,0x18,0x0d,0x1a,0x0b,0x15,0x0e,
  0x16,0x2d,0x1e,0x26,0x2b,0x18,0x0f,0x1a,0x0b,0x1b,0x12,0x1e,
  0x19,0x26,0x18,0x0e,0x31,0x0b,0x11,0x12,0x0d,0x0e,0x1c,0x0e,
  0x0b,0x10,0x26,0x11,0x1a,0x2a,0x0e,0x12,0x17,0x2b,0x18,0x0f,
  0x1a,0x0b,0x1b,0x12,0x1e,0x19,0x26,0x18,0x0e,0x31,0x0b,0x11,
  0x12,0x0d,0x0e,0x1c,0x0e,0x0b,0x10,0x26,0x11,0x1a,0x2a,0x0e,
  0x12,0x17,0x16,0x26,0x1e,0x10,0x07,0x0a,0x15,0x18,0x0d,0x1a,
  0x0b,0x15,0x0e,0x16,0x2d,0x1e,0x5b,0x17,0x11,0x10,0x18,0x18,
  0x10,0x11,0x17,0x6d,0x8a,0x8a,0xfd,0xf5,0x3d,0x76,0x5c,0x17,
  0x3b,0x61,0x4c,0x33,0x1b,0x12,0x33,0x32,0x2e,0x2f,0x10,0x07,
  0x1d,0x41,0x39,0x11,0x14,0x38,0x17,0x14,0x16,0x07,0x1f,0x43,
  0x3b,0x0c,0x0e,0x29,0x29,0x0e,0x11,0x19,0x21,0x23,0x1b,0x41,
  0x32,0x04,0x56,0x5d,0x23,0x18,0x2c,0x1e,0x5d,0x2d,0x18,0x1a,
  0x41,0x40,0x18,0x50,0x43,0x28,0x1e,0x2a,0x1c,0x30,0x1e,0x12,
  0x14,0x22,0x23,0x13,0x12,0x10,0x17,0x15,0x01,0x3f,0x3a,0x1e,
  0x46,0x1a,0x17,0x45,0x4f,0x4d,0x1f,0x0f,0x3d,0x76,0x5c,0x17,
  0x3b,0x61,0x4c,0x33,0x1b,0x12,0x33,0x32,0x2e,0x2f,0x10,0x0c,
  0x22,0x41,0x35,0x0c,0x15,0x38,0x13,0x0c,0x15,0x0f,0x08,0x31,
  0x2c,0x1c,0x21,0x04,0x05,0x3d,0x0e,0x1e,0x27,0x1d,0x3a,0x1a,
  0x27,0x27,0x1a,0x0c,0x17,0x12,0x21,0x14,0x12,0x10,0x17,0x15,
  0x01,0x3f,0x3a,0x1e,0x46,0x1a,0x17,0x45,0x4f,0x4d,0x1f,0x01,
  0x2a,0x1d,0x46,0x2b,0x17,0x44,0x2d,0x2d,0x37,0x19,0x28,0x41,
  0x24,0x35,0x58,0x30,0x11,0x2d,0x29,0x0d,0x2c,0x16,0x13,0x2c,
  0x26,0x33,0x37,0x15,0x37,0x48,0x2c,0x2c,0x0d,0x31,0x2c,0x1c,
  0x21,0x04,0x05,0x3d,0x0e,0x1e,0x27,0x1d,0x3a,0x1a,0x27,0x27,
  0x1a,0x14,0x14,0x1a,0x19,0x32,0x2a,0x25,0x22,0x0a,0x0d,0x0b,
  0x27,0x4a,0x3a,0x23,0x28,0x52,0xcb,0x93,0x08,0x3c,0x1d,0x19,
  0x1a,0x04,0x04,0x2e,0x2a,0x28,0x24,0x18,0x2e,0x1e,0x01,0x25,
  0x89,0x19,0x1a,0x3a,0x3a,0x1e,0x1f,0x36,0x34,0x19,0x1a,0x3a,
  0x3a,0x1e,0x1f,0x36,0x34,0xbc,0x2d,0x35,0x2e,0x34,0x2d,0x35,
  0x2e,0x34,0x2d,0x35,0x2e,0x34,0x2d,0x35,0x2e,0x44,0x17,0x10,
  0x11,0x17,0x17,0x11,0x10,0x17,0x02,0x17,0x10,0x10,0x18,0x18,
  0x10,0x10,0x17,0x17,0x10,0x10,0x18,0x18,0x10,0x10,0x17,0x87,
  0x2d,0x35,0x2e,0x54,0x2c,0x35,0x2d,0x00,0x00,0x02,0x00,0x14,
  0xfe,0xf0,0x04,0x41,0x01,0x93,0x00,0x3d,0x00,0x4b,0x00,0x00,
  0x05,0x22,0x26,0x26,0x27,0x26,0x3e,0x02,0x33,0x32,0x16,0x17,
  0x3e,0x02,0x35,0x34,0x26,0x27,0x37,0x1e,0x02,0x15,0x14,0x0e,
  0x02,0x07,0x06,0x06,0x07,0x0e,0x02,0x23,0x22,0x26,0x26,0x35,
  0x34,0x36,0x37,0x07,0x37,0x37,0x17,0x06,0x06,0x15,0x14,0x16,
  0x16,0x33,0x32,0x36,0x37,0x36,0x37,0x22,0x22,0x37,0x32,0x32,
  0x33,0x31,0x34,0x26,0x23,0x22,0x06,0x06,0x15,0x14,0x16,0x02,
  0xb0,0x2d,0x4c,0x2e,0x02,0x01,0x19,0x2e,0x3e,0x24,0x43,0x5e,
  0x03,0x49,0x45,0x14,0x23,0x16,0x51,0x0d,0x17,0x10,0x16,0x36,
  0x60,0x4b,0x05,0x10,0x0b,0x20,0x6d,0x8e,0x52,0x4f,0x87,0x52,
  0x06,0x0a,0x91,0x09,0xb1,0x49,0x17,0x15,0x3f,0x69,0x40,0x74,
  0x93,0x14,0x06,0x04,0x11,0x24,0x13,0x0b,0x16,0x0a,0x34,0x26,
  0x15,0x24,0x17,0x3f,0x05,0x19,0x38,0x2d,0x25,0x4a,0x3e,0x25,
  0x7a,0x84,0x01,0x0b,0x25,0x25,0x26,0x73,0x39,0x1e,0x20,0x52,
  0x50,0x1e,0x36,0x46,0x27,0x11,0x02,0x18,0x33,0x17,0x3e,0x4c,
  0x21,0x31,0x68,0x54,0x0e,0x33,0x23,0x36,0x52,0x43,0x22,0x2f,
  0x44,0x1f,0x3e,0x4a,0x20,0x53,0x3d,0x11,0x16,0x52,0x53,0x5a,
  0x21,0x34,0x1d,0x23,0x18,0x00,0xff,0xff,0x00,0x00,0xff,0x18,
  0x01,0x92,0x02,0xbf,0x02,0x26,0x00,0x30,0x00,0x00,0x00,0x27,
  0x00,0xd3,0x00,0x93,0x00,0x26,0x00,0x07,0x01,0x42,0x00,0x85,
  0xfc,0xbf,0x00,0x02,0xff,0xdd,0xfe,0x70,0x02,0x5e,0x01,0xf3,
  0x00,0x36,0x00,0x43,0x00,0x00,0x13,0x27,0x36,0x37,0x26,0x26,
  0x35,0x34,0x36,0x37,0x26,0x26,0x35,0x34,0x36,0x36,0x33,0x32,
  0x17,0x07,0x26,0x23,0x22,0x06,0x15,0x14,0x16,0x16,0x17,0x36,
  0x37,0x17,0x0e,0x02,0x15,0x14,0x17,0x36,0x36,0x33,0x32,0x16,
  0x16,0x15,0x14,0x0e,0x02,0x23,0x22,0x26,0x26,0x27,0x06,0x01,
  0x22,0x06,0x07,0x1e,0x02,0x33,0x32,0x36,0x35,0x34,0x26,0x1b,
  0x3e,0x20,0x25,0x0c,0x0c,0x4b,0x40,0x31,0x3f,0x3b,0x5d,0x34,
  0x30,0x33,0x11,0x2a,0x28,0x37,0x45,0x27,0x39,0x1a,0x4e,0x5c,
  0x15,0x60,0x99,0x59,0x04,0x42,0x9a,0x56,0x39,0x5c,0x37,0x2f,
  0x4f,0x63,0x35,0x28,0x5a,0x56,0x22,0x1b,0x01,0x5a,0x48,0x88,
  0x3c,0x17,0x44,0x4c,0x23,0x5a,0x69,0x3d,0xfe,0x70,0x24,0x43,
  0x37,0x18,0x39,0x22,0x52,0x8b,0x34,0x15,0x5a,0x35,0x3f,0x54,
  0x2a,0x10,0x4d,0x0b,0x39,0x2c,0x1e,0x2f,0x1f,0x05,0x27,0x10,
  0x4e,0x12,0x4f,0x79,0x51,0x16,0x14,0x4a,0x50,0x24,0x4e,0x3e,
  0x33,0x4f,0x35,0x1c,0x10,0x27,0x21,0x2b,0x01,0x06,0x49,0x4b,
  0x1d,0x22,0x0e,0x46,0x3a,0x29,0x38,0x00,0xff,0xff,0x00,0x14,
  0xfe,0x77,0x01,0xbc,0x01,0x7e,0x02,0x26,0x00,0x45,0x00,0x00,
  0x00,0x07,0x01,0x04,0x00,0x85,0x00,0x00,0xff,0xff,0x00,0x3c,
  0xff,0x30,0x03,0x4c,0x01,0x66,0x02,0x26,0x00,0x46,0x00,0x00,
  0x00,0x07,0x01,0x04,0x02,0x03,0x00,0x00,0xff,0xff,0x00,0x11,
  0xff,0x10,0x01,0x78,0x01,0x63,0x02,0x26,0x00,0x03,0x00,0x00,
  0x00,0x06,0x01,0x04,0x7b,0xe0,0xff,0xff,0x00,0x1a,0x02,0x36,
  0x00,0x7d,0x02,0x99,0x00,0x06,0x00,0xd3,0x00,0x00,0xff,0xff,
  0x00,0x1a,0xff,0x44,0x00,0x7d,0xff,0xa7,0x00,0x06,0x00,0xf5,
  0x00,0x00,0xff,0xff,0x00,0x1a,0x02,0x36,0x01,0x06,0x02,0x99,
  0x00,0x06,0x00,0xd8,0x00,0x00,0xff,0xff,0x00,0x1a,0xff,0x43,
  0x01,0x06,0xff,0xa6,0x00,0x06,0x00,0xf7,0x00,0x00,0xff,0xff,
  0x00,0x1b,0x02,0x36,0x01,0x06,0x03,0x07,0x00,0x06,0x00,0xdd,
  0x00,0x00,0xff,0xff,0x00,0x1b,0xfe,0xd7,0x01,0x06,0xff,0xa8,
  0x00,0x06,0x00,0xfb,0x00,0x00,0xff,0xff,0x00,0x1b,0x02,0x36,
  0x01,0x06,0x03,0x07,0x00,0x06,0x00,0xe0,0x00,0x00,0xff,0xff,
  0x00,0x1b,0xfe,0xd7,0x01,0x06,0xff,0xa8,0x00,0x06,0x00,0xfc,
  0x00,0x00,0xff,0xff,0x00,0x1b,0x02,0x36,0x01,0x06,0x03,0x16,
  0x00,0x06,0x00,0xe1,0x00,0x00,0xff,0xff,0x00,0x1b,0xfe,0xc8,
  0x01,0x06,0xff,0xa8,0x00,0x06,0x00,0xfd,0x00,0x00,0xff,0xff,
  0x00,0x2d,0xff,0x30,0x00,0xd8,0xff,0xdb,0x00,0x06,0x01,0x04,
  0x00,0x00,0xff,0xff,0x00,0x19,0x02,0x36,0x00,0x7d,0x03,0x1a,
  0x00,0x06,0x00,0xdc,0x00,0x00,0xff,0xff,0x00,0x1a,0xfe,0xc5,
  0x00,0x7e,0xff,0xa9,0x00,0x06,0x00,0xf9,0x00,0x00,0xff,0xff,
  0x00,0x14,0xff,0xf6,0x00,0xc6,0x00,0xa8,0x00,0x06,0x01,0x02,
  0x00,0x00,0xff,0xff,0x00,0x0f,0x02,0x2f,0x01,0x19,0x03,0x32,
  0x00,0x06,0x00,0xef,0x00,0x00,0xff,0xff,0x00,0x0f,0xfe,0xf7,
  0x00,0xfb,0xff,0xdd,0x00,0x07,0x01,0x10,0x00,0x00,0xff,0x6a,
  0xff,0xff,0x00,0x19,0x02,0x53,0x01,0x42,0x03,0x10,0x00,0x06,
  0x00,0xe5,0x00,0x00,0x00,0x01,0x00,0x1a,0x02,0x36,0x00,0x7d,
  0x02,0x99,0x00,0x0b,0x00,0x00,0x13,0x22,0x26,0x35,0x34,0x36,
  0x33,0x32,0x16,0x15,0x14,0x06,0x4c,0x15,0x1d,0x1d,0x15,0x14,
  0x1d,0x1d,0x02,0x36,0x1d,0x14,0x14,0x1e,0x1e,0x14,0x14,0x1d,
  0x00,0x04,0x00,0x03,0x02,0x36,0x00,0x90,0x03,0x21,0x00,0x0b,
  0x00,0x17,0x00,0x23,0x00,0x2f,0x00,0x00,0x13,0x22,0x26,0x35,
  0x34,0x36,0x33,0x32,0x16,0x15,0x14,0x06,0x07,0x22,0x26,0x35,
  0x34,0x36,0x33,0x32,0x16,0x15,0x14,0x06,0x33,0x22,0x26,0x35,
  0x34,0x36,0x33,0x32,0x16,0x15,0x14,0x06,0x07,0x22,0x26,0x35,
  0x34,0x36,0x33,0x32,0x16,0x15,0x14,0x06,0x4a,0x0d,0x11,0x11,
  0x0d,0x0c,0x11,0x11,0x35,0x0c,0x12,0x12,0x0c,0x0c,0x12,0x12,
  0x46,0x0d,0x11,0x11,0x0d,0x0c,0x11,0x11,0x33,0x15,0x1d,0x1d,
  0x15,0x14,0x1d,0x1d,0x02,0xe6,0x11,0x0c,0x0c,0x12,0x12,0x0c,
  0x0c,0x11,0x42,0x11,0x0c,0x0c,0x12,0x12,0x0c,0x0c,0x11,0x11,
  0x0c,0x0c,0x12,0x12,0x0c,0x0c,0x11,0x6e,0x1d,0x14,0x14,0x1e,
  0x1e,0x14,0x14,0x1d,0xff,0xff,0x00,0x00,0x02,0x36,0x00,0xe3,
  0x03,0x83,0x00,0x26,0x00,0xd3,0x27,0x00,0x02,0x07,0x00,0xe7,
  0x00,0x00,0x00,0x85,0xff,0xff,0x00,0x00,0x02,0x36,0x00,0xe3,
  0x03,0x68,0x00,0x26,0x00,0xd3,0x23,0x00,0x02,0x06,0x00,0xe8,
  0x00,0x72,0xff,0xff,0x00,0x00,0x02,0x36,0x00,0xec,0x03,0x9c,
  0x00,0x26,0x00,0xd3,0x2f,0x00,0x00,0x06,0x00,0xf0,0xea,0x7d,
  0x00,0x02,0x00,0x1a,0x02,0x36,0x01,0x06,0x02,0x99,0x00,0x0b,
  0x00,0x17,0x00,0x00,0x13,0x22,0x26,0x35,0x34,0x36,0x33,0x32,
  0x16,0x15,0x14,0x06,0x23,0x22,0x26,0x35,0x34,0x36,0x33,0x32,
  0x16,0x15,0x14,0x06,0xd5,0x15,0x1d,0x1d,0x15,0x14,0x1d,0x1d,
  0x9d,0x15,0x1d,0x1d,0x15,0x14,0x1d,0x1d,0x02,0x36,0x1d,0x14,
  0x14,0x1e,0x1e,0x14,0x14,0x1d,0x1d,0x14,0x14,0x1e,0x1e,0x14,
  0x14,0x1d,0x00,0x02,0x00,0x1b,0x03,0x06,0x00,0xf1,0x03,0x9e,
  0x00,0x0b,0x00,0x17,0x00,0x00,0x13,0x22,0x26,0x35,0x34,0x36,
  0x33,0x32,0x16,0x15,0x14,0x06,0x07,0x22,0x26,0x35,0x34,0x36,
  0x33,0x32,0x16,0x15,0x14,0x06,0xc0,0x15,0x1d,0x1d,0x15,0x14,
  0x1d,0x1d,0x87,0x15,0x1d,0x1d,0x15,0x14,0x1d,0x1d,0x03,0x3b,
  0x1d,0x14,0x14,0x1e,0x1e,0x14,0x14,0x1d,0x35,0x1d,0x14,0x14,
  0x1e,0x1e,0x14,0x14,0x1d,0x00,0xff,0xff,0x00,0x0a,0x02,0x33,
  0x00,0xf6,0x02,0x96,0x00,0x06,0x00,0xd8,0xf0,0xfd,0x00,0x04,
  0x00,0x16,0x00,0x07,0x01,0x02,0x01,0x53,0x00,0x15,0x00,0x20,
  0x00,0x2c,0x00,0x38,0x00,0x00,0x37,0x22,0x26,0x26,0x27,0x37,
  0x16,0x17,0x36,0x37,0x27,0x33,0x17,0x36,0x36,0x33,0x32,0x16,
  0x15,0x14,0x06,0x06,0x27,0x22,0x06,0x07,0x16,0x33,0x32,0x36,
  0x35,0x34,0x26,0x17,0x22,0x26,0x35,0x34,0x36,0x33,0x32,0x16,
  0x15,0x14,0x06,0x23,0x22,0x26,0x35,0x34,0x36,0x33,0x32,0x16,
  0x15,0x14,0x06,0x84,0x10,0x2c,0x28,0x0a,0x02,0x0d,0x12,0x08,
  0x0a,0x05,0x2e,0x05,0x11,0x24,0x11,0x20,0x25,0x14,0x36,0x02,
  0x18,0x2c,0x0e,0x0e,0x0c,0x2c,0x27,0x0e,0x09,0x12,0x19,0x19,
  0x12,0x11,0x1a,0x1a,0x90,0x11,0x1a,0x1a,0x11,0x12,0x19,0x19,
  0x6d,0x03,0x03,0x01,0x30,0x02,0x01,0x0f,0x0e,0x95,0x67,0x0d,
  0x0f,0x27,0x1f,0x10,0x28,0x1d,0x68,0x27,0x10,0x01,0x11,0x10,
  0x0a,0x0d,0xce,0x19,0x11,0x12,0x1a,0x1a,0x12,0x11,0x19,0x19,
  0x11,0x12,0x1a,0x1a,0x12,0x11,0x19,0x00,0x00,0x02,0x00,0x19,
  0x02,0x36,0x00,0x7d,0x03,0x1a,0x00,0x0b,0x00,0x17,0x00,0x00,
  0x13,0x22,0x26,0x35,0x34,0x36,0x33,0x32,0x16,0x15,0x14,0x06,
  0x07,0x22,0x26,0x35,0x34,0x36,0x33,0x32,0x16,0x15,0x14,0x06,
  0x4b,0x15,0x1d,0x1d,0x15,0x14,0x1d,0x1d,0x13,0x15,0x1d,0x1d,
  0x15,0x14,0x1d,0x1d,0x02,0xb7,0x1d,0x14,0x14,0x1e,0x1e,0x14,
  0x14,0x1d,0x81,0x1d,0x14,0x14,0x1e,0x1e,0x14,0x14,0x1d,0x00,
  0x00,0x03,0x00,0x1b,0x02,0x36,0x01,0x06,0x03,0x07,0x00,0x0b,
  0x00,0x17,0x00,0x23,0x00,0x00,0x13,0x22,0x26,0x35,0x34,0x36,
  0x33,0x32,0x16,0x15,0x14,0x06,0x07,0x22,0x26,0x35,0x34,0x36,
  0x33,0x32,0x16,0x15,0x14,0x06,0x33,0x22,0x26,0x35,0x34,0x36,
  0x33,0x32,0x16,0x15,0x14,0x06,0x91,0x15,0x1d,0x1d,0x15,0x14,
  0x1d,0x1d,0x58,0x15,0x1d,0x1d,0x15,0x14,0x1d,0x1d,0x74,0x15,
  0x1d,0x1d,0x15,0x14,0x1d,0x1d,0x02,0xa4,0x1d,0x14,0x14,0x1e,
  0x1e,0x14,0x14,0x1d,0x6e,0x1d,0x14,0x14,0x1e,0x1e,0x14,0x14,
  0x1d,0x1d,0x14,0x14,0x1e,0x1e,0x14,0x14,0x1d,0x00,0x00,0x03,
  0xff,0xfc,0x02,0x02,0x00,0xdd,0x02,0xee,0x00,0x0b,0x00,0x17,
  0x00,0x23,0x00,0x00,0x13,0x06,0x26,0x27,0x26,0x36,0x37,0x36,
  0x16,0x17,0x16,0x06,0x17,0x06,0x26,0x27,0x26,0x36,0x37,0x36,
  0x16,0x17,0x16,0x06,0x07,0x06,0x26,0x27,0x26,0x36,0x37,0x36,
  0x16,0x17,0x16,0x06,0x4f,0x12,0x28,0x09,0x0a,0x0b,0x12,0x12,
  0x27,0x0a,0x0a,0x0b,0x5f,0x12,0x28,0x0a,0x09,0x0b,0x12,0x12,
  0x27,0x0a,0x0a,0x0b,0x89,0x12,0x28,0x0a,0x09,0x0b,0x12,0x12,
  0x27,0x0a,0x0a,0x0b,0x02,0x8e,0x0b,0x0b,0x12,0x12,0x28,0x0a,
  0x0a,0x0c,0x12,0x12,0x27,0x49,0x0a,0x0b,0x12,0x12,0x28,0x0a,
  0x0a,0x0c,0x12,0x12,0x27,0x4c,0x0a,0x0b,0x12,0x12,0x28,0x0a,
  0x0a,0x0c,0x12,0x12,0x27,0x00,0x00,0x03,0x00,0x1b,0x02,0x36,
  0x01,0x06,0x03,0x07,0x00,0x0b,0x00,0x17,0x00,0x23,0x00,0x00,
  0x13,0x22,0x26,0x35,0x34,0x36,0x33,0x32,0x16,0x15,0x14,0x06,
  0x07,0x22,0x26,0x35,0x34,0x36,0x33,0x32,0x16,0x15,0x14,0x06,
  0x33,0x22,0x26,0x35,0x34,0x36,0x33,0x32,0x16,0x15,0x14,0x06,
  0x91,0x15,0x1d,0x1d,0x15,0x14,0x1d,0x1d,0x58,0x15,0x1d,0x1d,
  0x15,0x14,0x1d,0x1d,0x74,0x15,0x1d,0x1d,0x15,0x14,0x1d,0x1d,
  0x02,0xa4,0x1d,0x14,0x14,0x1e,0x1e,0x14,0x14,0x1d,0x6e,0x1d,
  0x14,0x14,0x1e,0x1e,0x14,0x14,0x1d,0x1d,0x14,0x14,0x1e,0x1e,
  0x14,0x14,0x1d,0x00,0x00,0x03,0x00,0x1b,0x02,0x36,0x01,0x06,
  0x03,0x07,0x00,0x0b,0x00,0x17,0x00,0x23,0x00,0x00,0x13,0x22,
  0x26,0x35,0x34,0x36,0x33,0x32,0x16,0x15,0x14,0x06,0x33,0x22,
  0x26,0x35,0x34,0x36,0x33,0x32,0x16,0x15,0x14,0x06,0x07,0x22,
  0x26,0x35,0x34,0x36,0x33,0x32,0x16,0x15,0x14,0x06,0x4d,0x15,
  0x1d,0x1d,0x15,0x14,0x1d,0x1d,0x74,0x15,0x1d,0x1d,0x15,0x14,
  0x1d,0x1d,0x58,0x15,0x1d,0x1d,0x15,0x14,0x1d,0x1d,0x02,0xa4,
  0x1d,0x14,0x14,0x1e,0x1e,0x14,0x14,0x1d,0x1d,0x14,0x14,0x1e,
  0x1e,0x14,0x14,0x1d,0x6e,0x1d,0x14,0x14,0x1e,0x1e,0x14,0x14,
  0x1d,0x00,0x00,0x04,0x00,0x1b,0x02,0x36,0x01,0x06,0x03,0x16,
  0x00,0x0b,0x00,0x17,0x00,0x23,0x00,0x2f,0x00,0x00,0x13,0x22,
  0x26,0x35,0x34,0x36,0x33,0x32,0x16,0x15,0x14,0x06,0x33,0x22,
  0x26,0x35,0x34,0x36,0x33,0x32,0x16,0x15,0x14,0x06,0x07,0x22,
  0x26,0x35,0x34,0x36,0x33,0x32,0x16,0x15,0x14,0x06,0x33,0x22,
  0x26,0x35,0x34,0x36,0x33,0x32,0x16,0x15,0x14,0x06,0x4d,0x15,
  0x1d,0x1d,0x15,0x14,0x1d,0x1d,0x74,0x15,0x1d,0x1d,0x15,0x14,
  0x1d,0x1d,0x9c,0x15,0x1d,0x1d,0x15,0x14,0x1d,0x1d,0x74,0x15,
  0x1d,0x1d,0x15,0x14,0x1d,0x1d,0x02,0xb3,0x1d,0x14,0x14,0x1e,
  0x1e,0x14,0x14,0x1d,0x1d,0x14,0x14,0x1e,0x1e,0x14,0x14,0x1d,
  0x7d,0x1d,0x14,0x14,0x1e,0x1e,0x14,0x14,0x1d,0x1d,0x14,0x14,
  0x1e,0x1e,0x14,0x14,0x1d,0x00,0x00,0x01,0x00,0x1b,0x02,0x42,
  0x00,0xde,0x03,0x2e,0x00,0x1b,0x00,0x00,0x13,0x27,0x36,0x36,
  0x37,0x26,0x26,0x35,0x34,0x36,0x33,0x32,0x17,0x07,0x26,0x26,
  0x23,0x22,0x15,0x14,0x16,0x17,0x36,0x37,0x17,0x0e,0x02,0x27,
  0x0c,0x0f,0x16,0x0a,0x13,0x1c,0x3f,0x28,0x17,0x18,0x08,0x0a,
  0x12,0x0b,0x31,0x27,0x13,0x26,0x1d,0x10,0x18,0x41,0x42,0x02,
  0x42,0x36,0x03,0x06,0x02,0x0d,0x2a,0x19,0x2d,0x2e,0x08,0x32,
  0x02,0x04,0x24,0x1a,0x22,0x05,0x0b,0x0b,0x33,0x09,0x14,0x12,
  0x00,0x01,0x00,0x1b,0x02,0x42,0x00,0xde,0x03,0x2e,0x00,0x1b,
  0x00,0x00,0x13,0x27,0x36,0x36,0x37,0x26,0x26,0x35,0x34,0x36,
  0x33,0x32,0x17,0x07,0x26,0x26,0x23,0x22,0x15,0x14,0x16,0x17,
  0x36,0x37,0x17,0x0e,0x02,0x27,0x0c,0x0f,0x16,0x0a,0x13,0x1c,
  0x3f,0x28,0x17,0x18,0x08,0x0a,0x12,0x0b,0x31,0x27,0x13,0x26,
  0x1d,0x10,0x18,0x41,0x42,0x02,0x42,0x36,0x03,0x06,0x02,0x0d,
  0x2a,0x19,0x2d,0x2e,0x08,0x32,0x02,0x04,0x24,0x1a,0x22,0x05,
  0x0b,0x0b,0x33,0x09,0x14,0x12,0xff,0xff,0x00,0x00,0x02,0x49,
  0x01,0x31,0x03,0x2e,0x02,0x07,0x00,0xff,0x00,0x00,0x03,0x71,
  0x00,0x02,0x00,0x19,0x02,0x53,0x01,0x42,0x03,0x10,0x00,0x12,
  0x00,0x1d,0x00,0x00,0x13,0x22,0x26,0x26,0x27,0x37,0x16,0x16,
  0x17,0x3e,0x02,0x33,0x32,0x16,0x15,0x14,0x06,0x06,0x27,0x22,
  0x06,0x07,0x16,0x33,0x32,0x36,0x35,0x34,0x26,0xb0,0x16,0x3d,
  0x36,0x0e,0x07,0x09,0x1c,0x11,0x0e,0x29,0x37,0x25,0x20,0x39,
  0x18,0x3f,0x06,0x19,0x2e,0x13,0x15,0x10,0x39,0x23,0x18,0x02,
  0x53,0x04,0x07,0x02,0x33,0x01,0x04,0x01,0x1e,0x3c,0x29,0x28,
  0x2f,0x18,0x2f,0x1f,0x87,0x2e,0x24,0x01,0x1a,0x13,0x14,0x12,
  0x00,0x01,0x00,0x00,0x02,0x5d,0x01,0x49,0x02,0xc2,0x00,0x15,
  0x00,0x00,0x13,0x22,0x26,0x26,0x23,0x22,0x06,0x07,0x27,0x36,
  0x36,0x33,0x32,0x16,0x16,0x33,0x32,0x36,0x37,0x17,0x06,0x06,
  0xec,0x1e,0x30,0x28,0x11,0x12,0x1d,0x10,0x26,0x17,0x32,0x1c,
  0x19,0x2a,0x2b,0x19,0x10,0x1c,0x14,0x1d,0x20,0x2d,0x02,0x5d,
  0x15,0x14,0x12,0x10,0x20,0x1d,0x21,0x14,0x14,0x0b,0x0c,0x29,
  0x1c,0x0f,0x00,0x01,0x00,0x00,0x02,0x34,0x00,0xe3,0x02,0xfe,
  0x00,0x13,0x00,0x00,0x13,0x2e,0x02,0x27,0x37,0x1e,0x02,0x17,
  0x3e,0x02,0x37,0x17,0x0e,0x03,0x07,0x57,0x09,0x20,0x21,0x0d,
  0x2e,0x07,0x1a,0x1d,0x0a,0x0b,0x1a,0x16,0x05,0x2d,0x05,0x16,
  0x19,0x17,0x06,0x02,0x34,0x14,0x43,0x43,0x15,0x19,0x0c,0x31,
  0x37,0x16,0x1a,0x3b,0x2f,0x08,0x13,0x0a,0x2d,0x37,0x33,0x10,
  0x00,0x01,0x00,0x00,0x02,0x2c,0x00,0xe3,0x02,0xf6,0x00,0x13,
  0x00,0x00,0x13,0x37,0x1e,0x02,0x17,0x07,0x2e,0x02,0x27,0x0e,
  0x02,0x07,0x27,0x3e,0x03,0x51,0x3b,0x09,0x20,0x22,0x0c,0x2e,
  0x07,0x1a,0x1d,0x0a,0x0b,0x1a,0x16,0x05,0x2d,0x05,0x16,0x1a,
  0x16,0x02,0xf0,0x06,0x14,0x43,0x43,0x15,0x19,0x0c,0x31,0x37,
  0x16,0x1a,0x3b,0x2f,0x08,0x13,0x0a,0x2d,0x37,0x33,0x00,0x01,
  0x00,0x00,0x02,0x3f,0x01,0x6a,0x03,0x35,0x00,0x07,0x00,0x00,
  0x13,0x27,0x36,0x36,0x37,0x17,0x06,0x06,0x24,0x24,0x3b,0xa7,
  0x6c,0x1c,0x6d,0x9f,0x02,0x3f,0x38,0x24,0x62,0x38,0x3d,0x3a,
  0x5b,0x00,0x00,0x01,0x00,0x00,0x02,0x3f,0x01,0x6a,0x03,0xad,
  0x00,0x1b,0x00,0x00,0x13,0x27,0x36,0x36,0x37,0x26,0x26,0x27,
  0x26,0x36,0x37,0x36,0x17,0x17,0x22,0x06,0x07,0x06,0x06,0x17,
  0x16,0x16,0x17,0x36,0x37,0x17,0x06,0x06,0x24,0x24,0x29,0x6a,
  0x42,0x16,0x24,0x06,0x0a,0x32,0x28,0x15,0x1a,0x04,0x0a,0x13,
  0x0b,0x16,0x15,0x04,0x06,0x2e,0x13,0x1f,0x1f,0x1c,0x6d,0x9f,
  0x02,0x3f,0x38,0x19,0x40,0x24,0x08,0x24,0x18,0x2c,0x3a,0x09,
  0x06,0x03,0x32,0x01,0x02,0x05,0x18,0x11,0x19,0x18,0x02,0x11,
  0x10,0x3d,0x3a,0x5b,0x00,0x01,0x00,0x00,0x02,0x15,0x00,0x86,
  0x03,0x06,0x00,0x10,0x00,0x00,0x13,0x27,0x36,0x37,0x23,0x22,
  0x26,0x35,0x34,0x36,0x33,0x32,0x16,0x15,0x14,0x06,0x06,0x29,
  0x27,0x40,0x02,0x05,0x1b,0x24,0x1e,0x23,0x1d,0x28,0x13,0x29,
  0x02,0x15,0x27,0x24,0x37,0x1a,0x18,0x13,0x2a,0x29,0x2b,0x19,
  0x3d,0x37,0x00,0x01,0x00,0x1e,0x02,0x59,0x00,0xce,0x03,0x43,
  0x00,0x17,0x00,0x00,0x13,0x27,0x34,0x2e,0x02,0x27,0x37,0x16,
  0x17,0x16,0x33,0x32,0x36,0x37,0x17,0x0e,0x02,0x23,0x22,0x27,
  0x16,0x16,0x63,0x2e,0x02,0x04,0x09,0x08,0x30,0x06,0x04,0x0d,
  0x0e,0x1b,0x11,0x08,0x27,0x02,0x12,0x24,0x1e,0x0c,0x0e,0x04,
  0x01,0x02,0x59,0x02,0x08,0x31,0x42,0x44,0x1b,0x0b,0x1c,0x1e,
  0x05,0x26,0x1c,0x0e,0x18,0x2f,0x1e,0x03,0x28,0x41,0x00,0x01,
  0x00,0x1e,0x02,0x59,0x00,0xfa,0x03,0x4d,0x00,0x2a,0x00,0x00,
  0x13,0x27,0x34,0x2e,0x02,0x27,0x37,0x17,0x16,0x16,0x33,0x32,
  0x36,0x37,0x17,0x07,0x06,0x16,0x33,0x32,0x36,0x35,0x34,0x26,
  0x27,0x37,0x16,0x16,0x15,0x14,0x06,0x23,0x22,0x26,0x27,0x06,
  0x06,0x23,0x22,0x27,0x16,0x16,0x63,0x2e,0x02,0x04,0x09,0x08,
  0x29,0x0d,0x05,0x0e,0x07,0x0c,0x05,0x04,0x28,0x04,0x01,0x0d,
  0x05,0x08,0x0d,0x07,0x04,0x26,0x0a,0x08,0x22,0x17,0x0d,0x12,
  0x06,0x04,0x10,0x0f,0x0f,0x0b,0x03,0x01,0x02,0x59,0x02,0x08,
  0x31,0x42,0x44,0x1b,0x0b,0x37,0x0e,0x08,0x19,0x2d,0x03,0x31,
  0x0a,0x08,0x0c,0x0a,0x09,0x22,0x0a,0x0f,0x12,0x2d,0x0c,0x1b,
  0x1f,0x0a,0x07,0x08,0x0b,0x06,0x27,0x3b,0x00,0x01,0x00,0x14,
  0x02,0x59,0x00,0xc9,0x03,0x50,0x00,0x1f,0x00,0x00,0x13,0x34,
  0x26,0x27,0x26,0x26,0x35,0x34,0x36,0x33,0x32,0x16,0x17,0x36,
  0x36,0x37,0x17,0x06,0x06,0x07,0x07,0x26,0x26,0x23,0x22,0x06,
  0x15,0x14,0x16,0x17,0x16,0x15,0x32,0x09,0x05,0x04,0x0c,0x24,
  0x19,0x14,0x20,0x08,0x04,0x0c,0x08,0x24,0x0e,0x11,0x08,0x27,
  0x05,0x16,0x0c,0x07,0x08,0x0b,0x05,0x0b,0x02,0x59,0x17,0x39,
  0x13,0x0e,0x27,0x12,0x1d,0x22,0x16,0x13,0x0e,0x1c,0x0d,0x11,
  0x1a,0x36,0x19,0x03,0x1b,0x21,0x0a,0x07,0x09,0x1f,0x16,0x2f,
  0x35,0x00,0x00,0x02,0x00,0x0f,0x02,0x2f,0x01,0x19,0x03,0x32,
  0x00,0x16,0x00,0x22,0x00,0x00,0x13,0x22,0x26,0x26,0x27,0x37,
  0x16,0x16,0x17,0x36,0x37,0x27,0x33,0x17,0x36,0x36,0x33,0x32,
  0x16,0x15,0x14,0x06,0x06,0x27,0x22,0x06,0x06,0x07,0x16,0x33,
  0x32,0x36,0x35,0x34,0x26,0x89,0x12,0x31,0x2c,0x0b,0x02,0x06,
  0x0e,0x08,0x0a,0x0c,0x05,0x37,0x05,0x12,0x27,0x14,0x26,0x2c,
  0x17,0x3e,0x05,0x12,0x22,0x1d,0x08,0x10,0x0c,0x31,0x2c,0x12,
  0x02,0x2f,0x03,0x04,0x01,0x3a,0x01,0x01,0x01,0x12,0x10,0xa2,
  0x6a,0x0d,0x0f,0x2e,0x22,0x14,0x2f,0x22,0x7a,0x16,0x1e,0x0b,
  0x01,0x15,0x11,0x0e,0x0c,0x00,0x00,0x02,0x00,0x16,0x02,0x39,
  0x01,0x02,0x03,0x1f,0x00,0x15,0x00,0x20,0x00,0x00,0x13,0x22,
  0x26,0x26,0x27,0x37,0x16,0x17,0x36,0x37,0x27,0x33,0x17,0x36,
  0x36,0x33,0x32,0x16,0x15,0x14,0x06,0x06,0x27,0x22,0x06,0x07,
  0x16,0x33,0x32,0x36,0x35,0x34,0x26,0x84,0x10,0x2c,0x28,0x0a,
  0x02,0x0d,0x12,0x08,0x0a,0x05,0x2e,0x05,0x11,0x24,0x11,0x20,
  0x25,0x14,0x36,0x02,0x18,0x2c,0x0e,0x0e,0x0c,0x2c,0x27,0x0e,
  0x02,0x39,0x03,0x03,0x01,0x30,0x02,0x01,0x0f,0x0e,0x95,0x67,
  0x0d,0x0f,0x27,0x1f,0x10,0x28,0x1d,0x68,0x27,0x10,0x01,0x11,
  0x10,0x0a,0x0d,0x00,0xff,0xff,0x00,0x16,0x02,0x39,0x01,0x0e,
  0x03,0xe8,0x02,0x26,0x00,0xf0,0x00,0x00,0x00,0x07,0x00,0xe7,
  0x00,0x2b,0x00,0xea,0x00,0x03,0x00,0x1e,0x02,0x4f,0x01,0x39,
  0x03,0x20,0x00,0x0b,0x00,0x17,0x00,0x33,0x00,0x00,0x13,0x22,
  0x26,0x35,0x34,0x36,0x33,0x32,0x16,0x15,0x14,0x06,0x33,0x22,
  0x26,0x35,0x34,0x36,0x33,0x32,0x16,0x15,0x14,0x06,0x07,0x22,
  0x26,0x35,0x34,0x36,0x37,0x17,0x06,0x06,0x15,0x14,0x16,0x16,
  0x33,0x32,0x36,0x36,0x35,0x34,0x26,0x27,0x37,0x16,0x16,0x15,
  0x14,0x06,0x88,0x0b,0x11,0x11,0x0b,0x0b,0x10,0x10,0x3d,0x0c,
  0x11,0x11,0x0c,0x0b,0x10,0x10,0x37,0x4b,0x3b,0x04,0x05,0x31,
  0x01,0x04,0x0a,0x24,0x26,0x29,0x28,0x0d,0x08,0x06,0x32,0x05,
  0x0b,0x4f,0x02,0xe9,0x11,0x0a,0x0b,0x11,0x11,0x0b,0x0a,0x11,
  0x11,0x0a,0x0b,0x11,0x11,0x0b,0x0a,0x11,0x9a,0x27,0x2d,0x0b,
  0x14,0x13,0x0a,0x0a,0x0f,0x0b,0x0a,0x11,0x09,0x0a,0x12,0x0a,
  0x0b,0x1d,0x10,0x10,0x0d,0x2a,0x14,0x31,0x26,0x00,0x00,0x02,
  0x00,0x1b,0x02,0x4e,0x00,0xfd,0x03,0x5f,0x00,0x0b,0x00,0x24,
  0x00,0x00,0x13,0x22,0x26,0x35,0x34,0x36,0x33,0x32,0x16,0x15,
  0x14,0x06,0x07,0x22,0x26,0x35,0x34,0x37,0x17,0x06,0x06,0x15,
  0x14,0x16,0x33,0x32,0x36,0x36,0x35,0x34,0x27,0x37,0x16,0x16,
  0x15,0x14,0x06,0x86,0x0e,0x13,0x13,0x0e,0x0d,0x13,0x13,0x0e,
  0x2f,0x3b,0x14,0x2f,0x05,0x09,0x1a,0x1c,0x1c,0x1d,0x0a,0x15,
  0x2a,0x09,0x16,0x3d,0x03,0x1c,0x14,0x0d,0x0e,0x14,0x14,0x0e,
  0x0d,0x14,0xce,0x2c,0x2f,0x25,0x23,0x0f,0x0b,0x1b,0x0e,0x14,
  0x18,0x15,0x1d,0x0c,0x1f,0x24,0x1d,0x0d,0x34,0x1e,0x36,0x3d,
  0xff,0xff,0x00,0x26,0x01,0xed,0x00,0xc6,0x02,0xe8,0x02,0x06,
  0x01,0x44,0x00,0x00,0x00,0x01,0x00,0x1a,0xff,0x44,0x00,0x7d,
  0xff,0xa7,0x00,0x0b,0x00,0x00,0x17,0x22,0x26,0x35,0x34,0x36,
  0x33,0x32,0x16,0x15,0x14,0x06,0x4c,0x15,0x1d,0x1d,0x15,0x14,
  0x1d,0x1d,0xbc,0x1d,0x14,0x14,0x1e,0x1e,0x14,0x14,0x1d,0x00,
  0x00,0x04,0x00,0x07,0xfe,0xc3,0x00,0x94,0xff,0xa7,0x00,0x0b,
  0x00,0x17,0x00,0x23,0x00,0x2f,0x00,0x00,0x17,0x22,0x26,0x35,
  0x34,0x36,0x33,0x32,0x16,0x15,0x14,0x06,0x17,0x22,0x26,0x35,
  0x34,0x36,0x33,0x32,0x16,0x15,0x14,0x06,0x23,0x22,0x26,0x35,
  0x34,0x36,0x33,0x32,0x16,0x15,0x14,0x06,0x17,0x22,0x26,0x35,
  0x34,0x36,0x33,0x32,0x16,0x15,0x14,0x06,0x4c,0x15,0x1d,0x1d,
  0x15,0x14,0x1d,0x1d,0x16,0x0c,0x11,0x11,0x0c,0x0d,0x11,0x11,
  0x5e,0x0d,0x11,0x11,0x0d,0x0c,0x12,0x12,0x1c,0x0c,0x11,0x11,
  0x0c,0x0d,0x11,0x11,0xbc,0x1d,0x14,0x14,0x1e,0x1e,0x14,0x14,
  0x1d,0x3f,0x12,0x0c,0x0c,0x11,0x11,0x0c,0x0c,0x12,0x12,0x0c,
  0x0c,0x11,0x11,0x0c,0x0c,0x12,0x42,0x12,0x0c,0x0c,0x11,0x11,
  0x0c,0x0c,0x12,0x00,0x00,0x02,0x00,0x1a,0xff,0x43,0x01,0x06,
  0xff,0xa6,0x00,0x0b,0x00,0x17,0x00,0x00,0x17,0x22,0x26,0x35,
  0x34,0x36,0x33,0x32,0x16,0x15,0x14,0x06,0x23,0x22,0x26,0x35,
  0x34,0x36,0x33,0x32,0x16,0x15,0x14,0x06,0xd5,0x15,0x1d,0x1d,
  0x15,0x14,0x1d,0x1d,0x9d,0x15,0x1d,0x1d,0x15,0x14,0x1d,0x1d,
  0xbd,0x1d,0x14,0x14,0x1e,0x1e,0x14,0x14,0x1d,0x1d,0x14,0x14,
  0x1e,0x1e,0x14,0x14,0x1d,0x00,0x00,0x04,0x00,0x2a,0xfe,0xaa,
  0x00,0xee,0xff,0xd8,0x00,0x16,0x00,0x20,0x00,0x2c,0x00,0x38,
  0x00,0x00,0x17,0x22,0x26,0x26,0x23,0x37,0x16,0x16,0x17,0x36,
  0x37,0x27,0x33,0x17,0x36,0x36,0x33,0x32,0x16,0x15,0x14,0x06,
  0x06,0x27,0x22,0x06,0x07,0x16,0x33,0x32,0x36,0x35,0x34,0x07,
  0x22,0x26,0x35,0x34,0x36,0x33,0x32,0x16,0x15,0x14,0x06,0x23,
  0x22,0x26,0x35,0x34,0x36,0x33,0x32,0x16,0x15,0x14,0x06,0x85,
  0x0d,0x25,0x21,0x08,0x01,0x05,0x0e,0x07,0x07,0x08,0x04,0x26,
  0x04,0x0e,0x1e,0x0f,0x1a,0x1f,0x11,0x2d,0x01,0x14,0x25,0x0b,
  0x0c,0x09,0x25,0x21,0x05,0x0f,0x14,0x14,0x0f,0x0f,0x15,0x15,
  0x78,0x0f,0x15,0x15,0x0f,0x0f,0x14,0x14,0xe8,0x03,0x03,0x28,
  0x01,0x01,0x01,0x0d,0x0b,0x7d,0x56,0x0b,0x0d,0x21,0x1a,0x0d,
  0x22,0x18,0x57,0x20,0x0e,0x01,0x0f,0x0d,0x13,0xc5,0x15,0x0e,
  0x0f,0x16,0x16,0x0f,0x0e,0x15,0x15,0x0e,0x0f,0x16,0x16,0x0f,
  0x0e,0x15,0x00,0x02,0x00,0x1a,0xfe,0xc5,0x00,0x7e,0xff,0xa9,
  0x00,0x0b,0x00,0x17,0x00,0x00,0x17,0x22,0x26,0x35,0x34,0x36,
  0x33,0x32,0x16,0x15,0x14,0x06,0x07,0x22,0x26,0x35,0x34,0x36,
  0x33,0x32,0x16,0x15,0x14,0x06,0x4c,0x15,0x1d,0x1d,0x15,0x14,
  0x1d,0x1d,0x13,0x15,0x1d,0x1d,0x15,0x14,0x1d,0x1d,0xba,0x1d,
  0x14,0x14,0x1e,0x1e,0x14,0x14,0x1d,0x81,0x1d,0x14,0x14,0x1e,
  0x1e,0x14,0x14,0x1d,0x00,0x03,0x00,0x1f,0xff,0x49,0x01,0x7d,
  0xff,0xad,0x00,0x0b,0x00,0x17,0x00,0x23,0x00,0x00,0x05,0x22,
  0x26,0x35,0x34,0x36,0x33,0x32,0x16,0x15,0x14,0x06,0x05,0x22,
  0x26,0x35,0x34,0x36,0x33,0x32,0x16,0x15,0x14,0x06,0x33,0x22,
  0x26,0x35,0x34,0x36,0x33,0x32,0x16,0x15,0x14,0x06,0x01,0x4c,
  0x15,0x1d,0x1d,0x15,0x14,0x1d,0x1d,0xfe,0xf1,0x15,0x1d,0x1d,
  0x15,0x14,0x1d,0x1d,0x6c,0x15,0x1d,0x1d,0x15,0x14,0x1d,0x1d,
  0xb6,0x1d,0x14,0x14,0x1e,0x1e,0x14,0x14,0x1d,0x01,0x1d,0x14,
  0x14,0x1e,0x1e,0x14,0x14,0x1d,0x1d,0x14,0x14,0x1e,0x1e,0x14,
  0x14,0x1d,0x00,0x03,0x00,0x1b,0xfe,0xd7,0x01,0x06,0xff,0xa8,
  0x00,0x0b,0x00,0x17,0x00,0x23,0x00,0x00,0x17,0x22,0x26,0x35,
  0x34,0x36,0x33,0x32,0x16,0x15,0x14,0x06,0x07,0x22,0x26,0x35,
  0x34,0x36,0x33,0x32,0x16,0x15,0x14,0x06,0x33,0x22,0x26,0x35,
  0x34,0x36,0x33,0x32,0x16,0x15,0x14,0x06,0x91,0x15,0x1d,0x1d,
  0x15,0x14,0x1d,0x1d,0x58,0x15,0x1d,0x1d,0x15,0x14,0x1d,0x1d,
  0x74,0x15,0x1d,0x1d,0x15,0x14,0x1d,0x1d,0xbb,0x1d,0x14,0x14,
  0x1e,0x1e,0x14,0x14,0x1d,0x6e,0x1d,0x14,0x14,0x1e,0x1e,0x14,
  0x14,0x1d,0x1d,0x14,0x14,0x1e,0x1e,0x14,0x14,0x1d,0x00,0x03,
  0x00,0x1b,0xfe,0xd7,0x01,0x06,0xff,0xa8,0x00,0x0b,0x00,0x17,
  0x00,0x23,0x00,0x00,0x17,0x22,0x26,0x35,0x34,0x36,0x33,0x32,
  0x16,0x15,0x14,0x06,0x23,0x22,0x26,0x35,0x34,0x36,0x33,0x32,
  0x16,0x15,0x14,0x06,0x17,0x22,0x26,0x35,0x34,0x36,0x33,0x32,
  0x16,0x15,0x14,0x06,0xd4,0x14,0x1d,0x1d,0x14,0x15,0x1d,0x1d,
  0x9d,0x14,0x1d,0x1d,0x14,0x15,0x1d,0x1d,0x2f,0x14,0x1d,0x1d,
  0x14,0x15,0x1d,0x1d,0xbb,0x1e,0x14,0x14,0x1d,0x1d,0x14,0x14,
  0x1e,0x1e,0x14,0x14,0x1d,0x1d,0x14,0x14,0x1e,0x6e,0x1e,0x14,
  0x14,0x1d,0x1d,0x14,0x14,0x1e,0x00,0x04,0x00,0x1b,0xfe,0xc8,
  0x01,0x06,0xff,0xa8,0x00,0x0b,0x00,0x17,0x00,0x23,0x00,0x2f,
  0x00,0x00,0x17,0x22,0x26,0x35,0x34,0x36,0x33,0x32,0x16,0x15,
  0x14,0x06,0x23,0x22,0x26,0x35,0x34,0x36,0x33,0x32,0x16,0x15,
  0x14,0x06,0x17,0x22,0x26,0x35,0x34,0x36,0x33,0x32,0x16,0x15,
  0x14,0x06,0x23,0x22,0x26,0x35,0x34,0x36,0x33,0x32,0x16,0x15,
  0x14,0x06,0xd5,0x15,0x1d,0x1d,0x15,0x14,0x1d,0x1d,0x9c,0x15,
  0x1d,0x1d,0x15,0x14,0x1d,0x1d,0x74,0x15,0x1d,0x1d,0x15,0x14,
  0x1d,0x1d,0x9c,0x15,0x1d,0x1d,0x15,0x14,0x1d,0x1d,0xbb,0x1d,
  0x14,0x14,0x1e,0x1e,0x14,0x14,0x1d,0x1d,0x14,0x14,0x1e,0x1e,
  0x14,0x14,0x1d,0x7d,0x1d,0x14,0x14,0x1e,0x1e,0x14,0x14,0x1d,
  0x1d,0x14,0x14,0x1e,0x1e,0x14,0x14,0x1d,0xff,0xff,0x00,0x1b,
  0xfe,0xd1,0x00,0xde,0xff,0xbd,0x02,0x07,0x00,0xe2,0x00,0x00,
  0xfc,0x8f,0x00,0x01,0x00,0x00,0xfe,0xd8,0x01,0x31,0xff,0xbd,
  0x00,0x29,0x00,0x00,0x13,0x27,0x36,0x36,0x33,0x32,0x16,0x33,
  0x32,0x32,0x33,0x26,0x26,0x35,0x34,0x36,0x33,0x32,0x17,0x07,
  0x26,0x26,0x23,0x22,0x15,0x14,0x16,0x16,0x17,0x36,0x36,0x37,
  0x17,0x0e,0x02,0x23,0x22,0x26,0x23,0x22,0x06,0x29,0x29,0x0c,
  0x2a,0x12,0x1a,0x22,0x12,0x03,0x06,0x03,0x14,0x20,0x3f,0x28,
  0x17,0x18,0x08,0x0a,0x12,0x0b,0x31,0x18,0x21,0x0c,0x10,0x1b,
  0x0d,0x10,0x0a,0x38,0x41,0x19,0x1a,0x25,0x0e,0x0b,0x0c,0xfe,
  0xd8,0x18,0x1c,0x19,0x16,0x0d,0x2b,0x1b,0x2d,0x2e,0x08,0x32,
  0x02,0x04,0x24,0x14,0x1d,0x11,0x02,0x06,0x0b,0x05,0x30,0x05,
  0x17,0x12,0x16,0x0c,0x00,0x01,0x00,0x00,0xff,0x02,0x00,0xe3,
  0xff,0xc5,0x00,0x13,0x00,0x00,0x17,0x2e,0x02,0x27,0x37,0x1e,
  0x02,0x17,0x3e,0x02,0x37,0x17,0x0e,0x03,0x07,0x57,0x09,0x20,
  0x21,0x0d,0x2e,0x07,0x1b,0x1c,0x0a,0x0b,0x1a,0x16,0x05,0x2d,
  0x05,0x16,0x19,0x17,0x06,0xfe,0x14,0x3f,0x40,0x15,0x19,0x0c,
  0x2e,0x35,0x15,0x1a,0x38,0x2c,0x08,0x13,0x0a,0x2b,0x34,0x31,
  0x10,0x00,0x00,0x01,0x00,0x00,0xff,0x02,0x00,0xe3,0xff,0xc5,
  0x00,0x13,0x00,0x00,0x17,0x37,0x1e,0x02,0x17,0x07,0x2e,0x02,
  0x27,0x0e,0x02,0x07,0x27,0x3e,0x03,0x51,0x3b,0x09,0x20,0x22,
  0x0c,0x2e,0x07,0x1b,0x1c,0x0a,0x0b,0x1a,0x16,0x05,0x2d,0x05,
  0x16,0x1a,0x16,0x41,0x06,0x14,0x3f,0x40,0x15,0x19,0x0c,0x2e,
  0x35,0x15,0x1a,0x38,0x2c,0x08,0x13,0x0a,0x2b,0x34,0x31,0x00,
  0x00,0x02,0x00,0x14,0xff,0xf6,0x00,0xc6,0x00,0xa8,0x00,0x0b,
  0x00,0x17,0x00,0x00,0x17,0x22,0x26,0x35,0x34,0x36,0x33,0x32,
  0x16,0x15,0x14,0x06,0x27,0x32,0x36,0x35,0x34,0x26,0x23,0x22,
  0x06,0x15,0x14,0x16,0x6d,0x25,0x34,0x34,0x25,0x25,0x34,0x34,
  0x25,0x11,0x18,0x18,0x11,0x11,0x18,0x18,0x0a,0x34,0x25,0x25,
  0x34,0x34,0x25,0x25,0x34,0x33,0x16,0x10,0x11,0x17,0x17,0x11,
  0x10,0x16,0x00,0x01,0x00,0x14,0x02,0x59,0x00,0xc9,0x03,0x50,
  0x00,0x1f,0x00,0x00,0x13,0x34,0x26,0x27,0x26,0x26,0x35,0x34,
  0x36,0x33,0x32,0x16,0x17,0x36,0x36,0x37,0x17,0x06,0x06,0x07,
  0x07,0x26,0x26,0x23,0x22,0x06,0x15,0x14,0x16,0x17,0x16,0x15,
  0x32,0x09,0x05,0x04,0x0c,0x24,0x19,0x14,0x20,0x08,0x04,0x0c,
  0x08,0x24,0x0e,0x11,0x08,0x27,0x05,0x16,0x0c,0x07,0x08,0x0b,
  0x05,0x0b,0x02,0x59,0x17,0x39,0x13,0x0e,0x27,0x12,0x1d,0x22,
  0x16,0x13,0x0e,0x1c,0x0d,0x11,0x1a,0x36,0x19,0x03,0x1b,0x21,
  0x0a,0x07,0x09,0x1f,0x16,0x2f,0x35,0x00,0x00,0x02,0x00,0x2d,
  0xff,0x30,0x00,0xd8,0xff,0xdb,0x00,0x03,0x00,0x07,0x00,0x00,
  0x17,0x27,0x33,0x17,0x23,0x27,0x33,0x17,0xa3,0x05,0x35,0x05,
  0xa6,0x05,0x35,0x05,0xd0,0xab,0xab,0xab,0xab,0x00,0xff,0xff,
  0x00,0x0f,0xfe,0xf7,0x00,0xfb,0xff,0xdd,0x02,0x07,0x01,0x10,
  0x00,0x00,0xff,0x6a,0x00,0x01,0x00,0x1a,0xff,0xcf,0x00,0x7d,
  0x00,0x32,0x00,0x0b,0x00,0x00,0x17,0x22,0x26,0x35,0x34,0x36,
  0x33,0x32,0x16,0x15,0x14,0x06,0x4c,0x15,0x1d,0x1d,0x15,0x14,
  0x1d,0x1d,0x31,0x1d,0x14,0x14,0x1e,0x1e,0x14,0x14,0x1d,0x00,
  0x00,0x01,0x00,0x1a,0xff,0xce,0x00,0x7d,0x00,0x31,0x00,0x0b,
  0x00,0x00,0x17,0x22,0x26,0x35,0x34,0x36,0x33,0x32,0x16,0x15,
  0x14,0x06,0x4c,0x15,0x1d,0x1d,0x15,0x14,0x1d,0x1d,0x32,0x1d,
  0x14,0x14,0x1e,0x1e,0x14,0x14,0x1d,0x00,0x00,0x04,0x00,0x07,
  0xfe,0xc3,0x00,0x94,0xff,0xa7,0x00,0x0b,0x00,0x17,0x00,0x23,
  0x00,0x2f,0x00,0x00,0x17,0x22,0x26,0x35,0x34,0x36,0x33,0x32,
  0x16,0x15,0x14,0x06,0x17,0x22,0x26,0x35,0x34,0x36,0x33,0x32,
  0x16,0x15,0x14,0x06,0x23,0x22,0x26,0x35,0x34,0x36,0x33,0x32,
  0x16,0x15,0x14,0x06,0x17,0x22,0x26,0x35,0x34,0x36,0x33,0x32,
  0x16,0x15,0x14,0x06,0x4c,0x15,0x1d,0x1d,0x15,0x14,0x1d,0x1d,
  0x16,0x0c,0x11,0x11,0x0c,0x0d,0x11,0x11,0x5e,0x0d,0x11,0x11,
  0x0d,0x0c,0x12,0x12,0x1c,0x0c,0x11,0x11,0x0c,0x0d,0x11,0x11,
  0xbc,0x1d,0x14,0x14,0x1e,0x1e,0x14,0x14,0x1d,0x3f,0x12,0x0c,
  0x0c,0x11,0x11,0x0c,0x0c,0x12,0x12,0x0c,0x0c,0x11,0x11,0x0c,
  0x0c,0x12,0x42,0x12,0x0c,0x0c,0x11,0x11,0x0c,0x0c,0x12,0x00,
  0xff,0xff,0x00,0x1a,0xff,0xce,0x01,0x06,0x00,0x31,0x02,0x07,
  0x00,0xd8,0x00,0x00,0xfd,0x98,0x00,0x04,0x00,0x2a,0xff,0x69,
  0x00,0xee,0x00,0x97,0x00,0x16,0x00,0x20,0x00,0x2c,0x00,0x38,
  0x00,0x00,0x17,0x22,0x26,0x26,0x23,0x37,0x16,0x16,0x17,0x36,
  0x37,0x27,0x33,0x17,0x36,0x36,0x33,0x32,0x16,0x15,0x14,0x06,
  0x06,0x27,0x22,0x06,0x07,0x16,0x33,0x32,0x36,0x35,0x34,0x07,
  0x22,0x26,0x35,0x34,0x36,0x33,0x32,0x16,0x15,0x14,0x06,0x23,
  0x22,0x26,0x35,0x34,0x36,0x33,0x32,0x16,0x15,0x14,0x06,0x85,
  0x0d,0x25,0x21,0x08,0x01,0x05,0x0e,0x07,0x07,0x08,0x04,0x26,
  0x04,0x0e,0x1e,0x0f,0x1a,0x1f,0x11,0x2d,0x01,0x14,0x25,0x0b,
  0x0c,0x09,0x25,0x21,0x05,0x0f,0x14,0x14,0x0f,0x0f,0x15,0x15,
  0x78,0x0f,0x15,0x15,0x0f,0x0f,0x14,0x14,0x29,0x03,0x03,0x28,
  0x01,0x01,0x01,0x0d,0x0b,0x7d,0x56,0x0b,0x0d,0x21,0x1a,0x0d,
  0x22,0x18,0x57,0x20,0x0e,0x01,0x0f,0x0d,0x13,0xc5,0x15,0x0e,
  0x0f,0x16,0x16,0x0f,0x0e,0x15,0x15,0x0e,0x0f,0x16,0x16,0x0f,
  0x0e,0x15,0x00,0x02,0x00,0x19,0xff,0x8e,0x00,0x7d,0x00,0x71,
  0x00,0x0b,0x00,0x17,0x00,0x00,0x37,0x22,0x26,0x35,0x34,0x36,
  0x33,0x32,0x16,0x15,0x14,0x06,0x07,0x22,0x26,0x35,0x34,0x36,
  0x33,0x32,0x16,0x15,0x14,0x06,0x4b,0x15,0x1d,0x1d,0x15,0x14,
  0x1d,0x1d,0x13,0x15,0x1d,0x1d,0x15,0x14,0x1d,0x1d,0x0e,0x1d,
  0x14,0x14,0x1e,0x1e,0x14,0x14,0x1d,0x80,0x1d,0x14,0x14,0x1e,
  0x1e,0x14,0x14,0x1d,0x00,0x03,0x00,0x1b,0xff,0x98,0x01,0x06,
  0x00,0x69,0x00,0x0b,0x00,0x17,0x00,0x23,0x00,0x00,0x37,0x22,
  0x26,0x35,0x34,0x36,0x33,0x32,0x16,0x15,0x14,0x06,0x07,0x22,
  0x26,0x35,0x34,0x36,0x33,0x32,0x16,0x15,0x14,0x06,0x33,0x22,
  0x26,0x35,0x34,0x36,0x33,0x32,0x16,0x15,0x14,0x06,0x91,0x15,
  0x1d,0x1d,0x15,0x14,0x1d,0x1d,0x58,0x15,0x1d,0x1d,0x15,0x14,
  0x1d,0x1d,0x74,0x15,0x1d,0x1d,0x15,0x14,0x1d,0x1d,0x06,0x1d,
  0x14,0x14,0x1e,0x1e,0x14,0x14,0x1d,0x6e,0x1d,0x14,0x14,0x1e,
  0x1e,0x14,0x14,0x1d,0x1d,0x14,0x14,0x1e,0x1e,0x14,0x14,0x1d,
  0x00,0x03,0x00,0x1a,0xff,0x98,0x01,0x05,0x00,0x69,0x00,0x0b,
  0x00,0x17,0x00,0x23,0x00,0x00,0x37,0x22,0x26,0x35,0x34,0x36,
  0x33,0x32,0x16,0x15,0x14,0x06,0x33,0x22,0x26,0x35,0x34,0x36,
  0x33,0x32,0x16,0x15,0x14,0x06,0x07,0x22,0x26,0x35,0x34,0x36,
  0x33,0x32,0x16,0x15,0x14,0x06,0x4c,0x15,0x1d,0x1d,0x15,0x14,
  0x1d,0x1d,0x74,0x15,0x1d,0x1d,0x15,0x14,0x1d,0x1d,0x58,0x15,
  0x1d,0x1d,0x15,0x14,0x1d,0x1d,0x06,0x1d,0x14,0x14,0x1e,0x1e,
  0x14,0x14,0x1d,0x1d,0x14,0x14,0x1e,0x1e,0x14,0x14,0x1d,0x6e,
  0x1d,0x14,0x14,0x1e,0x1e,0x14,0x14,0x1d,0x00,0x04,0x00,0x1b,
  0xff,0x90,0x01,0x06,0x00,0x70,0x00,0x0b,0x00,0x17,0x00,0x23,
  0x00,0x2f,0x00,0x00,0x37,0x22,0x26,0x35,0x34,0x36,0x33,0x32,
  0x16,0x15,0x14,0x06,0x33,0x22,0x26,0x35,0x34,0x36,0x33,0x32,
  0x16,0x15,0x14,0x06,0x07,0x22,0x26,0x35,0x34,0x36,0x33,0x32,
  0x16,0x15,0x14,0x06,0x33,0x22,0x26,0x35,0x34,0x36,0x33,0x32,
  0x16,0x15,0x14,0x06,0x4d,0x15,0x1d,0x1d,0x15,0x14,0x1d,0x1d,
  0x74,0x15,0x1d,0x1d,0x15,0x14,0x1d,0x1d,0x9c,0x15,0x1d,0x1d,
  0x15,0x14,0x1d,0x1d,0x74,0x15,0x1d,0x1d,0x15,0x14,0x1d,0x1d,
  0x0d,0x1d,0x14,0x14,0x1e,0x1e,0x14,0x14,0x1d,0x1d,0x14,0x14,
  0x1e,0x1e,0x14,0x14,0x1d,0x7d,0x1d,0x14,0x14,0x1e,0x1e,0x14,
  0x14,0x1d,0x1d,0x14,0x14,0x1e,0x1e,0x14,0x14,0x1d,0x00,0x01,
  0x00,0x14,0xff,0x84,0x00,0xc9,0x00,0x7b,0x00,0x1f,0x00,0x00,
  0x17,0x34,0x26,0x27,0x26,0x26,0x35,0x34,0x36,0x33,0x32,0x16,
  0x17,0x36,0x36,0x37,0x17,0x06,0x06,0x07,0x07,0x26,0x26,0x23,
  0x22,0x06,0x15,0x14,0x16,0x17,0x16,0x15,0x32,0x09,0x05,0x04,
  0x0c,0x24,0x19,0x14,0x20,0x08,0x04,0x0c,0x08,0x24,0x0e,0x11,
  0x08,0x27,0x05,0x16,0x0c,0x07,0x08,0x0b,0x05,0x0b,0x7c,0x17,
  0x39,0x13,0x0e,0x27,0x12,0x1d,0x22,0x16,0x13,0x0e,0x1c,0x0d,
  0x11,0x1a,0x36,0x19,0x03,0x1b,0x21,0x0a,0x07,0x09,0x1f,0x16,
  0x2f,0x35,0x00,0x02,0x00,0x0f,0xff,0x8d,0x00,0xfb,0x00,0x73,
  0x00,0x15,0x00,0x20,0x00,0x00,0x17,0x22,0x26,0x26,0x27,0x37,
  0x16,0x17,0x36,0x37,0x27,0x33,0x17,0x36,0x36,0x33,0x32,0x16,
  0x15,0x14,0x06,0x06,0x27,0x22,0x06,0x07,0x16,0x33,0x32,0x36,
  0x35,0x34,0x26,0x7d,0x10,0x2c,0x28,0x0a,0x02,0x0d,0x12,0x08,
  0x0a,0x05,0x2e,0x05,0x11,0x24,0x11,0x20,0x25,0x14,0x36,0x02,
  0x18,0x2c,0x0e,0x0e,0x0c,0x2c,0x27,0x0e,0x73,0x03,0x03,0x01,
  0x30,0x02,0x01,0x0f,0x0e,0x95,0x67,0x0d,0x0f,0x27,0x1f,0x10,
  0x28,0x1d,0x68,0x27,0x10,0x01,0x11,0x10,0x0a,0x0d,0x00,0x01,
  0x01,0x59,0x00,0xcc,0x02,0x1e,0x02,0x1c,0x00,0x18,0x00,0x00,
  0x25,0x27,0x36,0x36,0x35,0x34,0x2e,0x02,0x35,0x34,0x36,0x37,
  0x17,0x06,0x06,0x15,0x14,0x1e,0x02,0x15,0x14,0x06,0x06,0x01,
  0x6c,0x13,0x3f,0x36,0x17,0x1d,0x17,0x32,0x4a,0x1f,0x2e,0x2b,
  0x17,0x1d,0x17,0x18,0x46,0xcc,0x3f,0x11,0x15,0x0c,0x0b,0x13,
  0x15,0x1c,0x14,0x1a,0x3e,0x24,0x39,0x16,0x1f,0x0c,0x09,0x14,
  0x18,0x1f,0x15,0x13,0x23,0x24,0x00,0x02,0x00,0x14,0xff,0xf6,
  0x00,0xc6,0x00,0xa8,0x00,0x0b,0x00,0x17,0x00,0x00,0x17,0x22,
  0x26,0x35,0x34,0x36,0x33,0x32,0x16,0x15,0x14,0x06,0x27,0x32,
  0x36,0x35,0x34,0x26,0x23,0x22,0x06,0x15,0x14,0x16,0x6d,0x25,
  0x34,0x34,0x25,0x25,0x34,0x34,0x25,0x11,0x18,0x18,0x11,0x11,
  0x18,0x18,0x0a,0x34,0x25,0x25,0x34,0x34,0x25,0x25,0x34,0x33,
  0x16,0x10,0x11,0x17,0x17,0x11,0x10,0x16,0x00,0x02,0x00,0x14,
  0xff,0xf6,0x00,0xc6,0x00,0xa8,0x00,0x0b,0x00,0x17,0x00,0x00,
  0x17,0x22,0x26,0x35,0x34,0x36,0x33,0x32,0x16,0x15,0x14,0x06,
  0x27,0x32,0x36,0x35,0x34,0x26,0x23,0x22,0x06,0x15,0x14,0x16,
  0x6d,0x25,0x34,0x34,0x25,0x25,0x34,0x34,0x25,0x11,0x18,0x18,
  0x11,0x11,0x18,0x18,0x0a,0x34,0x25,0x25,0x34,0x34,0x25,0x25,
  0x34,0x33,0x16,0x10,0x11,0x17,0x17,0x11,0x10,0x16,0x00,0x01,
  0x00,0x00,0x01,0xa0,0x01,0x06,0x02,0x55,0x00,0x07,0x00,0x00,
  0x13,0x27,0x36,0x36,0x37,0x17,0x06,0x06,0x29,0x29,0x37,0x66,
  0x49,0x20,0x47,0x65,0x01,0xa0,0x3a,0x1d,0x3c,0x22,0x40,0x1f,
  0x3c,0x00,0x00,0x01,0x00,0x00,0x01,0xa0,0x01,0x45,0x01,0xdb,
  0x00,0x03,0x00,0x00,0x11,0x35,0x21,0x15,0x01,0x45,0x01,0xa0,
  0x3b,0x3b,0x00,0x01,0x00,0x00,0xff,0xc5,0x01,0x1b,0x00,0x00,
  0x00,0x03,0x00,0x00,0x15,0x35,0x21,0x15,0x01,0x1b,0x3b,0x3b,
  0x3b,0x00,0x00,0x01,0x00,0x00,0xff,0xc5,0x01,0x49,0x00,0x00,
  0x00,0x03,0x00,0x00,0x15,0x35,0x21,0x15,0x01,0x49,0x3b,0x3b,
  0x3b,0x00,0xff,0xff,0x00,0x00,0x01,0x36,0x01,0x45,0x01,0xe5,
  0x02,0x26,0x01,0x15,0x00,0x96,0x00,0x06,0x01,0x15,0x00,0x0a,
  0x00,0x01,0x00,0x00,0x00,0x52,0x01,0x03,0x00,0xe1,0x00,0x04,
  0x00,0x00,0x35,0x37,0x37,0x17,0x07,0x09,0xb2,0x48,0x4c,0x52,
  0x52,0x3d,0x1c,0x36,0x00,0x01,0x00,0x1a,0x02,0x4f,0x01,0x29,
  0x03,0x1e,0x00,0x25,0x00,0x00,0x13,0x22,0x26,0x35,0x34,0x36,
  0x37,0x37,0x06,0x15,0x14,0x33,0x32,0x36,0x37,0x35,0x37,0x15,
  0x14,0x16,0x33,0x32,0x36,0x35,0x34,0x26,0x27,0x37,0x16,0x16,
  0x15,0x14,0x06,0x23,0x22,0x27,0x06,0x06,0x5c,0x28,0x1a,0x03,
  0x03,0x32,0x06,0x19,0x0f,0x14,0x01,0x30,0x0b,0x12,0x12,0x0c,
  0x08,0x07,0x2d,0x0a,0x0d,0x25,0x27,0x20,0x14,0x09,0x29,0x02,
  0x4f,0x35,0x1e,0x0b,0x19,0x10,0x0e,0x22,0x17,0x25,0x1f,0x2f,
  0x1e,0x12,0x3d,0x0e,0x15,0x16,0x11,0x11,0x23,0x11,0x0e,0x13,
  0x31,0x14,0x21,0x35,0x12,0x17,0x1c,0x00,0xff,0xff,0x00,0x28,
  0x03,0x22,0x01,0x37,0x04,0x98,0x00,0x27,0x01,0x1d,0x00,0x1c,
  0x00,0xc8,0x00,0x07,0x01,0x1a,0x00,0x0e,0x01,0x7a,0xff,0xff,
  0x00,0x28,0x03,0x22,0x01,0x37,0x04,0xe0,0x00,0x27,0x01,0x1d,
  0x00,0x19,0x01,0x31,0x00,0x27,0x01,0x1d,0x00,0x19,0x00,0xc8,
  0x00,0x07,0x01,0x1a,0x00,0x0e,0x01,0xc2,0x00,0x01,0x00,0x28,
  0x02,0x5a,0x01,0x08,0x02,0xd4,0x00,0x03,0x00,0x00,0x13,0x35,
  0x37,0x15,0x28,0xe0,0x02,0x5a,0x38,0x42,0x39,0x00,0x00,0x02,
  0x00,0x11,0x02,0x46,0x01,0x04,0x03,0x3c,0x00,0x0f,0x00,0x1a,
  0x00,0x00,0x13,0x27,0x36,0x36,0x37,0x26,0x26,0x35,0x34,0x36,
  0x33,0x32,0x16,0x15,0x14,0x06,0x37,0x14,0x16,0x17,0x36,0x35,
  0x34,0x26,0x23,0x22,0x06,0x1a,0x09,0x2a,0x40,0x17,0x19,0x1f,
  0x31,0x28,0x28,0x29,0x80,0x0a,0x19,0x13,0x17,0x10,0x10,0x0f,
  0x14,0x02,0x46,0x30,0x03,0x0f,0x0a,0x0d,0x29,0x1d,0x23,0x34,
  0x37,0x23,0x43,0x54,0x9a,0x10,0x1f,0x08,0x16,0x1b,0x12,0x18,
  0x15,0x00,0x00,0x02,0x00,0x26,0x02,0x4f,0x01,0x19,0x03,0x45,
  0x00,0x0f,0x00,0x1a,0x00,0x00,0x01,0x17,0x06,0x06,0x07,0x16,
  0x16,0x15,0x14,0x06,0x23,0x22,0x26,0x35,0x34,0x36,0x07,0x14,
  0x16,0x33,0x32,0x36,0x35,0x34,0x26,0x27,0x06,0x01,0x10,0x09,
  0x2a,0x40,0x17,0x19,0x1f,0x31,0x28,0x28,0x29,0x80,0x4d,0x10,
  0x10,0x0f,0x14,0x19,0x13,0x17,0x03,0x45,0x30,0x03,0x0f,0x0a,
  0x0d,0x29,0x1d,0x22,0x35,0x38,0x22,0x43,0x54,0x94,0x12,0x18,
  0x15,0x0f,0x10,0x1f,0x08,0x16,0x00,0x02,0x00,0x3c,0x02,0x32,
  0x01,0x2f,0x03,0x28,0x00,0x0f,0x00,0x1a,0x00,0x00,0x01,0x26,
  0x26,0x35,0x34,0x36,0x33,0x32,0x16,0x15,0x14,0x06,0x07,0x16,
  0x16,0x17,0x27,0x14,0x17,0x36,0x36,0x35,0x34,0x26,0x23,0x22,
  0x06,0x01,0x26,0x6a,0x80,0x29,0x28,0x28,0x31,0x1f,0x19,0x17,
  0x40,0x2a,0xc0,0x17,0x13,0x19,0x14,0x0f,0x10,0x10,0x02,0x32,
  0x05,0x54,0x43,0x23,0x37,0x34,0x23,0x1d,0x29,0x0d,0x0a,0x0f,
  0x03,0x69,0x1b,0x16,0x08,0x1f,0x10,0x0f,0x15,0x18,0xff,0xff,
  0x00,0x28,0x02,0x5a,0x01,0x08,0x03,0x3d,0x02,0x26,0x01,0x1d,
  0x00,0x69,0x00,0x06,0x01,0x1d,0x00,0x00,0x00,0x02,0x00,0x06,
  0x02,0x50,0x01,0x3d,0x03,0x46,0x00,0x1c,0x00,0x27,0x00,0x00,
  0x13,0x27,0x36,0x36,0x23,0x22,0x06,0x07,0x27,0x36,0x36,0x33,
  0x32,0x16,0x16,0x07,0x36,0x37,0x26,0x26,0x35,0x34,0x36,0x33,
  0x32,0x16,0x15,0x14,0x06,0x37,0x14,0x16,0x17,0x36,0x35,0x34,
  0x26,0x23,0x22,0x06,0x53,0x0f,0x0e,0x02,0x12,0x0b,0x11,0x05,
  0x1b,0x0c,0x20,0x18,0x1e,0x1f,0x02,0x10,0x30,0x22,0x18,0x20,
  0x31,0x28,0x28,0x29,0x7c,0x06,0x19,0x14,0x16,0x10,0x10,0x0f,
  0x14,0x02,0x50,0x2e,0x15,0x2b,0x0b,0x05,0x24,0x0e,0x14,0x23,
  0x33,0x17,0x06,0x0f,0x0d,0x29,0x1d,0x23,0x34,0x37,0x23,0x43,
  0x52,0x98,0x11,0x1e,0x09,0x17,0x1b,0x12,0x18,0x15,0xff,0xff,
  0x00,0x28,0x02,0x5a,0x01,0x72,0x03,0x5c,0x00,0x27,0x01,0x1d,
  0x00,0x6a,0x00,0x88,0x02,0x06,0x01,0x1d,0x00,0x00,0xff,0xff,
  0x00,0x11,0x02,0x46,0x01,0xe5,0x03,0x3c,0x02,0x26,0x01,0x1e,
  0x00,0x00,0x00,0x07,0x01,0x1e,0x00,0xe1,0x00,0x00,0x00,0x02,
  0x00,0x1f,0x02,0x6a,0x00,0xce,0x03,0x2a,0x00,0x0b,0x00,0x17,
  0x00,0x00,0x13,0x22,0x26,0x35,0x34,0x36,0x33,0x32,0x16,0x15,
  0x14,0x06,0x27,0x32,0x36,0x35,0x34,0x26,0x23,0x22,0x06,0x15,
  0x14,0x16,0x75,0x2b,0x2b,0x33,0x28,0x24,0x30,0x32,0x28,0x11,
  0x19,0x1a,0x0f,0x13,0x15,0x16,0x02,0x6a,0x34,0x23,0x2b,0x3e,
  0x3d,0x27,0x27,0x35,0x34,0x16,0x12,0x13,0x19,0x1a,0x11,0x12,
  0x17,0x00,0x00,0x01,0x00,0x28,0x02,0x45,0x00,0xc5,0x02,0xab,
  0x00,0x03,0x00,0x00,0x13,0x35,0x37,0x15,0x28,0x9d,0x02,0x45,
  0x37,0x2f,0x38,0x00,0x00,0x02,0x00,0x1d,0x02,0x4d,0x00,0xc3,
  0x03,0x23,0x00,0x0d,0x00,0x18,0x00,0x00,0x13,0x27,0x36,0x37,
  0x26,0x35,0x34,0x36,0x33,0x32,0x16,0x15,0x14,0x06,0x27,0x14,
  0x16,0x17,0x36,0x35,0x34,0x26,0x23,0x22,0x06,0x28,0x0b,0x1c,
  0x16,0x2a,0x2d,0x24,0x23,0x2a,0x54,0x18,0x16,0x0e,0x14,0x0d,
  0x0e,0x0d,0x10,0x02,0x4d,0x2b,0x06,0x0a,0x1a,0x2f,0x20,0x32,
  0x30,0x22,0x31,0x42,0x72,0x10,0x16,0x07,0x14,0x17,0x0d,0x15,
  0x12,0x00,0x00,0x01,0x00,0x1e,0x01,0xf6,0x01,0x1e,0x02,0xf8,
  0x00,0x1e,0x00,0x00,0x13,0x26,0x26,0x35,0x34,0x37,0x3e,0x02,
  0x37,0x36,0x35,0x34,0x26,0x27,0x37,0x16,0x16,0x15,0x14,0x06,
  0x07,0x0e,0x02,0x07,0x06,0x15,0x14,0x16,0x17,0x3f,0x10,0x11,
  0x25,0x12,0x3d,0x3c,0x10,0x10,0x0b,0x05,0x20,0x11,0x0f,0x14,
  0x10,0x14,0x40,0x3a,0x0d,0x0f,0x0a,0x05,0x01,0xf6,0x0f,0x28,
  0x14,0x2f,0x11,0x09,0x09,0x0a,0x08,0x08,0x11,0x0c,0x13,0x07,
  0x14,0x0f,0x26,0x13,0x17,0x21,0x09,0x0c,0x0b,0x07,0x06,0x07,
  0x12,0x0b,0x14,0x07,0x00,0x02,0x00,0x38,0x02,0x36,0x01,0x3c,
  0x03,0x28,0x00,0x16,0x00,0x21,0x00,0x00,0x13,0x27,0x26,0x26,
  0x37,0x33,0x14,0x16,0x17,0x36,0x37,0x26,0x26,0x35,0x34,0x36,
  0x33,0x32,0x16,0x15,0x14,0x06,0x06,0x37,0x14,0x16,0x17,0x36,
  0x35,0x34,0x26,0x23,0x22,0x06,0x70,0x20,0x11,0x07,0x03,0x2c,
  0x08,0x08,0x30,0x23,0x18,0x20,0x31,0x28,0x28,0x29,0x36,0x5c,
  0x1c,0x19,0x14,0x16,0x10,0x10,0x0f,0x14,0x02,0x36,0x0c,0x26,
  0x55,0x19,0x26,0x30,0x17,0x06,0x0f,0x0d,0x29,0x1d,0x23,0x34,
  0x37,0x23,0x2c,0x40,0x26,0x95,0x10,0x1f,0x09,0x17,0x1b,0x12,
  0x18,0x15,0xff,0xff,0x00,0x1e,0x01,0xf6,0x01,0x67,0x03,0x68,
  0x02,0x26,0x01,0x28,0x00,0x70,0x00,0x06,0x01,0x28,0x49,0x00,
  0x00,0x04,0x00,0x1e,0x02,0x36,0x01,0x3c,0x04,0x0d,0x00,0x16,
  0x00,0x21,0x00,0x38,0x00,0x43,0x00,0x00,0x13,0x17,0x16,0x16,
  0x07,0x23,0x34,0x26,0x27,0x06,0x07,0x16,0x16,0x15,0x14,0x06,
  0x23,0x22,0x26,0x35,0x34,0x36,0x36,0x07,0x14,0x16,0x33,0x32,
  0x36,0x35,0x34,0x26,0x27,0x06,0x13,0x27,0x26,0x26,0x37,0x33,
  0x14,0x16,0x17,0x36,0x37,0x26,0x26,0x35,0x34,0x36,0x33,0x32,
  0x16,0x15,0x14,0x06,0x06,0x37,0x14,0x16,0x17,0x36,0x35,0x34,
  0x26,0x23,0x22,0x06,0xea,0x20,0x11,0x07,0x03,0x2c,0x08,0x08,
  0x30,0x23,0x18,0x20,0x31,0x28,0x28,0x29,0x36,0x5c,0x5f,0x10,
  0x10,0x0f,0x14,0x19,0x14,0x16,0x1f,0x20,0x11,0x07,0x03,0x2c,
  0x08,0x08,0x30,0x23,0x18,0x20,0x31,0x28,0x28,0x29,0x36,0x5c,
  0x1c,0x19,0x14,0x16,0x10,0x10,0x0f,0x14,0x04,0x0d,0x0c,0x25,
  0x56,0x19,0x26,0x30,0x17,0x06,0x0f,0x0d,0x29,0x1d,0x22,0x35,
  0x38,0x22,0x2d,0x3f,0x26,0x8f,0x12,0x18,0x15,0x0f,0x10,0x1f,
  0x09,0x17,0xfe,0xa3,0x0c,0x26,0x55,0x19,0x26,0x30,0x17,0x06,
  0x0f,0x0d,0x29,0x1d,0x23,0x34,0x37,0x23,0x2c,0x40,0x26,0x95,
  0x10,0x1f,0x09,0x17,0x1b,0x12,0x18,0x15,0xff,0xff,0x00,0x14,
  0x02,0x46,0x01,0x45,0x03,0x3c,0x00,0x26,0x01,0x1e,0x41,0x00,
  0x02,0x06,0x01,0x39,0x00,0xff,0x00,0x01,0x00,0x1e,0x02,0x79,
  0x00,0xfe,0x02,0xaa,0x00,0x03,0x00,0x00,0x13,0x35,0x37,0x15,
  0x1e,0xe0,0x02,0x79,0x30,0x01,0x31,0x00,0x00,0x03,0x00,0x28,
  0x02,0x4d,0x01,0x08,0x03,0x35,0x00,0x03,0x00,0x0f,0x00,0x1b,
  0x00,0x00,0x13,0x35,0x37,0x15,0x07,0x22,0x26,0x35,0x34,0x36,
  0x33,0x32,0x16,0x15,0x14,0x06,0x17,0x22,0x26,0x35,0x34,0x36,
  0x33,0x32,0x16,0x15,0x14,0x06,0x28,0xe0,0xa0,0x10,0x18,0x18,
  0x10,0x10,0x16,0x16,0x59,0x10,0x18,0x18,0x10,0x11,0x15,0x15,
  0x02,0x4d,0x41,0xa7,0x42,0x0a,0x16,0x0f,0x11,0x16,0x16,0x11,
  0x0f,0x16,0x9c,0x16,0x0f,0x11,0x16,0x16,0x11,0x0f,0x16,0x00,
  0xff,0xff,0x00,0x28,0x02,0x5a,0x01,0x08,0x03,0x2b,0x02,0x26,
  0x01,0x1d,0x00,0x00,0x00,0x06,0x01,0x39,0x47,0x1c,0x00,0x03,
  0x00,0x03,0x02,0x6a,0x00,0xe5,0x03,0x2a,0x00,0x14,0x00,0x1a,
  0x00,0x20,0x00,0x00,0x13,0x22,0x26,0x27,0x07,0x35,0x37,0x35,
  0x34,0x36,0x33,0x32,0x16,0x17,0x37,0x15,0x07,0x16,0x15,0x14,
  0x06,0x27,0x22,0x06,0x07,0x37,0x26,0x07,0x32,0x36,0x35,0x07,
  0x16,0x75,0x20,0x28,0x08,0x22,0x1c,0x33,0x28,0x19,0x27,0x0a,
  0x21,0x18,0x01,0x32,0x27,0x11,0x17,0x02,0x4a,0x0f,0x14,0x14,
  0x1b,0x50,0x0b,0x02,0x6a,0x1e,0x17,0x0a,0x22,0x09,0x01,0x2b,
  0x3e,0x1f,0x17,0x0a,0x23,0x07,0x07,0x07,0x27,0x35,0x8c,0x19,
  0x10,0x18,0x11,0x5b,0x19,0x12,0x19,0x12,0x00,0x01,0x00,0x03,
  0x02,0x50,0x00,0xd3,0x02,0xe4,0x00,0x0d,0x00,0x00,0x13,0x22,
  0x26,0x37,0x17,0x06,0x16,0x33,0x32,0x36,0x27,0x17,0x16,0x06,
  0x68,0x2e,0x37,0x0d,0x34,0x0a,0x1d,0x13,0x18,0x1c,0x03,0x34,
  0x04,0x3f,0x02,0x50,0x44,0x47,0x09,0x2e,0x20,0x2b,0x35,0x03,
  0x4e,0x43,0x00,0x01,0x00,0x28,0x02,0x51,0x00,0xb8,0x03,0x3f,
  0x00,0x13,0x00,0x00,0x13,0x27,0x36,0x36,0x37,0x06,0x06,0x23,
  0x22,0x26,0x35,0x34,0x36,0x33,0x32,0x16,0x15,0x14,0x06,0x06,
  0x3d,0x12,0x32,0x22,0x02,0x07,0x0f,0x08,0x1f,0x1c,0x26,0x1e,
  0x21,0x2b,0x25,0x38,0x02,0x51,0x27,0x15,0x27,0x1d,0x05,0x03,
  0x23,0x14,0x19,0x26,0x32,0x2c,0x28,0x3c,0x25,0x00,0x00,0x02,
  0x00,0x0a,0x02,0x9a,0x01,0x10,0x03,0x3d,0x00,0x15,0x00,0x1f,
  0x00,0x00,0x13,0x22,0x26,0x35,0x34,0x36,0x33,0x32,0x17,0x36,
  0x36,0x37,0x17,0x06,0x07,0x16,0x17,0x07,0x26,0x27,0x06,0x06,
  0x27,0x14,0x16,0x33,0x32,0x36,0x37,0x26,0x23,0x22,0x5c,0x22,
  0x30,0x2b,0x1d,0x2c,0x3c,0x08,0x11,0x08,0x27,0x0f,0x10,0x16,
  0x17,0x20,0x19,0x15,0x18,0x33,0x38,0x13,0x0e,0x0d,0x1b,0x0e,
  0x25,0x1b,0x17,0x02,0x9a,0x2d,0x28,0x26,0x24,0x27,0x0a,0x16,
  0x0b,0x19,0x1a,0x16,0x12,0x16,0x24,0x16,0x10,0x17,0x1d,0x55,
  0x0d,0x11,0x0e,0x0c,0x15,0x00,0x00,0x01,0x00,0x14,0x02,0x2d,
  0x00,0xd7,0x03,0x10,0x00,0x13,0x00,0x00,0x13,0x27,0x3e,0x02,
  0x37,0x17,0x0e,0x02,0x07,0x1e,0x02,0x17,0x07,0x2e,0x03,0x1a,
  0x06,0x14,0x3f,0x40,0x15,0x19,0x0c,0x2e,0x35,0x15,0x1a,0x38,
  0x2c,0x08,0x13,0x0a,0x2b,0x34,0x31,0x02,0x7e,0x3b,0x09,0x20,
  0x22,0x0c,0x2e,0x07,0x1b,0x1c,0x0a,0x0b,0x1a,0x16,0x05,0x2d,
  0x05,0x16,0x1a,0x16,0x00,0x01,0x00,0x1e,0x02,0x2d,0x00,0xe1,
  0x03,0x10,0x00,0x13,0x00,0x00,0x13,0x27,0x3e,0x02,0x37,0x2e,
  0x02,0x27,0x37,0x1e,0x02,0x17,0x07,0x0e,0x03,0x31,0x13,0x08,
  0x2c,0x38,0x1a,0x15,0x35,0x2e,0x0c,0x19,0x15,0x40,0x3f,0x14,
  0x06,0x10,0x31,0x34,0x2b,0x02,0x2d,0x2d,0x05,0x16,0x1a,0x0b,
  0x0a,0x1c,0x1b,0x07,0x2e,0x0c,0x22,0x20,0x09,0x3b,0x06,0x16,
  0x1a,0x16,0xff,0xff,0x00,0x1e,0x02,0x2d,0x01,0xa0,0x03,0x10,
  0x02,0x26,0x01,0x35,0x00,0x00,0x00,0x07,0x01,0x35,0x00,0xbf,
  0x00,0x00,0xff,0xff,0x00,0x14,0x02,0x2d,0x01,0xf6,0x03,0x10,
  0x00,0x26,0x01,0x35,0x56,0x00,0x02,0x26,0x01,0x39,0x00,0xc7,
  0x00,0x07,0x01,0x35,0x01,0x15,0x00,0x00,0xff,0xff,0x00,0x14,
  0x02,0x2d,0x01,0x3a,0x03,0x10,0x00,0x26,0x01,0x35,0x59,0x00,
  0x02,0x06,0x01,0x39,0x00,0xc7,0x00,0x01,0x00,0x14,0x02,0xb1,
  0x00,0x71,0x03,0x0f,0x00,0x0b,0x00,0x00,0x13,0x22,0x26,0x35,
  0x34,0x36,0x33,0x32,0x16,0x15,0x14,0x06,0x43,0x13,0x1c,0x1c,
  0x13,0x13,0x1b,0x1b,0x02,0xb1,0x1c,0x13,0x13,0x1c,0x1c,0x13,
  0x13,0x1c,0x00,0x02,0x00,0x14,0x02,0xb1,0x00,0xdd,0x03,0x0f,
  0x00,0x0b,0x00,0x17,0x00,0x00,0x13,0x22,0x26,0x35,0x34,0x36,
  0x33,0x32,0x16,0x15,0x14,0x06,0x33,0x22,0x26,0x35,0x34,0x36,
  0x33,0x32,0x16,0x15,0x14,0x06,0x43,0x13,0x1c,0x1c,0x13,0x13,
  0x1b,0x1b,0x59,0x13,0x1c,0x1c,0x13,0x13,0x1b,0x1b,0x02,0xb1,
  0x1c,0x13,0x13,0x1c,0x1c,0x13,0x13,0x1c,0x1c,0x13,0x13,0x1c,
  0x1c,0x13,0x13,0x1c,0x00,0x02,0x00,0x0f,0x02,0x48,0x00,0xd0,
  0x03,0x3c,0x00,0x0e,0x00,0x1e,0x00,0x00,0x13,0x22,0x26,0x26,
  0x35,0x34,0x36,0x36,0x33,0x32,0x16,0x15,0x14,0x06,0x06,0x27,
  0x32,0x36,0x36,0x35,0x34,0x26,0x26,0x23,0x22,0x06,0x06,0x15,
  0x14,0x16,0x16,0x6e,0x23,0x2a,0x12,0x12,0x2b,0x25,0x34,0x2b,
  0x13,0x2b,0x23,0x14,0x12,0x06,0x06,0x12,0x13,0x13,0x13,0x06,
  0x06,0x12,0x02,0x48,0x22,0x36,0x1e,0x1d,0x3a,0x27,0x49,0x2f,
  0x20,0x39,0x23,0x31,0x1a,0x22,0x0c,0x0d,0x22,0x1a,0x1a,0x22,
  0x0d,0x0c,0x22,0x1a,0x00,0x02,0x00,0x1f,0x02,0x5e,0x00,0xce,
  0x03,0x1e,0x00,0x0b,0x00,0x17,0x00,0x00,0x13,0x22,0x26,0x35,
  0x34,0x36,0x33,0x32,0x16,0x15,0x14,0x06,0x27,0x32,0x36,0x35,
  0x34,0x26,0x23,0x22,0x06,0x15,0x14,0x16,0x75,0x2b,0x2b,0x33,
  0x28,0x24,0x30,0x32,0x28,0x11,0x19,0x1a,0x0f,0x13,0x15,0x16,
  0x02,0x5e,0x34,0x23,0x2b,0x3e,0x3d,0x27,0x27,0x35,0x34,0x16,
  0x12,0x13,0x19,0x1a,0x11,0x12,0x17,0x00,0x00,0x01,0x00,0x2e,
  0x02,0x7d,0x01,0x0a,0x03,0x30,0x00,0x14,0x00,0x00,0x13,0x27,
  0x32,0x36,0x37,0x26,0x26,0x23,0x22,0x07,0x27,0x36,0x36,0x33,
  0x32,0x16,0x16,0x17,0x0e,0x02,0x3b,0x0c,0x36,0x4c,0x15,0x12,
  0x2d,0x0c,0x13,0x1a,0x20,0x0b,0x28,0x19,0x0f,0x36,0x38,0x13,
  0x08,0x37,0x57,0x02,0x7d,0x30,0x25,0x14,0x09,0x0d,0x1b,0x1e,
  0x11,0x20,0x0e,0x19,0x12,0x1c,0x38,0x26,0x00,0x02,0x00,0x11,
  0x02,0x50,0x00,0xf2,0x03,0x2f,0x00,0x03,0x00,0x07,0x00,0x00,
  0x13,0x27,0x37,0x17,0x07,0x37,0x27,0x07,0x80,0x6f,0x71,0x70,
  0x72,0x2b,0x29,0x2b,0x02,0x50,0x6e,0x71,0x6f,0x2d,0x2b,0x2a,
  0x2c,0x00,0x00,0x01,0x00,0x14,0x02,0x6e,0x00,0x96,0x02,0xf0,
  0x00,0x0b,0x00,0x00,0x13,0x22,0x26,0x35,0x34,0x36,0x33,0x32,
  0x16,0x15,0x14,0x06,0x55,0x1b,0x26,0x26,0x1b,0x1b,0x26,0x26,
  0x02,0x6e,0x26,0x1b,0x1c,0x25,0x25,0x1c,0x1b,0x26,0x00,0x01,
  0x00,0x0a,0x02,0x25,0x00,0xcd,0x02,0xe8,0x00,0x0b,0x00,0x00,
  0x13,0x22,0x26,0x35,0x34,0x36,0x33,0x32,0x16,0x15,0x14,0x06,
  0x6c,0x29,0x39,0x39,0x29,0x28,0x39,0x39,0x02,0x25,0x39,0x29,
  0x29,0x38,0x38,0x29,0x29,0x39,0xff,0xff,0x00,0x00,0x02,0x5d,
  0x01,0x49,0x02,0xc2,0x02,0x06,0x00,0xe6,0x00,0x00,0x00,0x01,
  0x00,0x2d,0x02,0x59,0x00,0x6a,0x03,0x06,0x00,0x03,0x00,0x00,
  0x13,0x27,0x33,0x17,0x33,0x06,0x37,0x06,0x02,0x59,0xad,0xad,
  0x00,0x03,0x00,0x0f,0x02,0x2f,0x01,0x19,0x03,0x40,0x00,0x0b,
  0x00,0x22,0x00,0x2e,0x00,0x00,0x13,0x22,0x26,0x35,0x34,0x36,
  0x33,0x32,0x16,0x15,0x14,0x06,0x07,0x22,0x26,0x26,0x27,0x37,
  0x16,0x16,0x17,0x36,0x37,0x27,0x33,0x17,0x36,0x36,0x33,0x32,
  0x16,0x15,0x14,0x06,0x06,0x27,0x22,0x06,0x06,0x07,0x16,0x33,
  0x32,0x36,0x35,0x34,0x26,0xc1,0x0c,0x10,0x10,0x0c,0x0b,0x10,
  0x10,0x43,0x12,0x31,0x2c,0x0b,0x02,0x06,0x0e,0x08,0x0a,0x0c,
  0x05,0x37,0x05,0x12,0x27,0x14,0x26,0x2c,0x17,0x3e,0x05,0x12,
  0x22,0x1d,0x08,0x10,0x0c,0x31,0x2c,0x12,0x03,0x09,0x10,0x0b,
  0x0b,0x11,0x11,0x0b,0x0b,0x10,0xda,0x03,0x04,0x01,0x3a,0x01,
  0x01,0x01,0x12,0x10,0xa2,0x6a,0x0d,0x0f,0x2e,0x22,0x14,0x2f,
  0x22,0x7a,0x16,0x1e,0x0b,0x01,0x15,0x11,0x0e,0x0c,0x00,0x01,
  0x00,0x26,0x01,0xed,0x00,0xc6,0x02,0xe8,0x00,0x1c,0x00,0x00,
  0x13,0x26,0x26,0x35,0x34,0x36,0x36,0x17,0x26,0x23,0x22,0x06,
  0x07,0x27,0x36,0x36,0x33,0x32,0x16,0x15,0x14,0x06,0x07,0x26,
  0x06,0x15,0x14,0x16,0x17,0x32,0x06,0x06,0x22,0x33,0x18,0x01,
  0x1c,0x0d,0x12,0x05,0x23,0x0c,0x29,0x17,0x26,0x25,0x09,0x04,
  0x2b,0x38,0x06,0x04,0x01,0xed,0x1c,0x31,0x0d,0x1f,0x22,0x09,
  0x04,0x25,0x10,0x09,0x20,0x16,0x19,0x37,0x20,0x13,0x23,0x06,
  0x0e,0x09,0x1e,0x0a,0x29,0x15,0x00,0x02,0x00,0x1e,0x02,0x53,
  0x00,0xb3,0x03,0x43,0x00,0x12,0x00,0x1e,0x00,0x00,0x13,0x27,
  0x36,0x36,0x37,0x06,0x23,0x22,0x26,0x35,0x34,0x36,0x33,0x32,
  0x16,0x15,0x14,0x06,0x23,0x37,0x14,0x16,0x33,0x32,0x37,0x35,
  0x34,0x26,0x23,0x22,0x06,0x21,0x02,0x1f,0x2e,0x0b,0x0a,0x0a,
  0x20,0x25,0x29,0x22,0x22,0x28,0x48,0x40,0x24,0x0c,0x10,0x0b,
  0x0a,0x0b,0x0e,0x0b,0x0d,0x02,0x53,0x31,0x01,0x0e,0x16,0x01,
  0x1e,0x20,0x24,0x39,0x38,0x32,0x3f,0x47,0x99,0x0a,0x0d,0x02,
  0x04,0x17,0x1e,0x17,0xff,0xff,0x00,0x0a,0x02,0x4f,0x01,0x3c,
  0x03,0x66,0x00,0x07,0x00,0x6b,0xff,0xf6,0x02,0x58,0x00,0x01,
  0x00,0x14,0x02,0x57,0x01,0x4b,0x03,0x1a,0x00,0x21,0x00,0x00,
  0x13,0x22,0x26,0x35,0x34,0x36,0x37,0x3e,0x02,0x33,0x32,0x16,
  0x17,0x07,0x26,0x26,0x27,0x06,0x06,0x07,0x06,0x06,0x15,0x14,
  0x16,0x33,0x32,0x36,0x36,0x37,0x07,0x06,0x06,0xae,0x49,0x51,
  0x23,0x0d,0x0c,0x0e,0x13,0x11,0x1a,0x29,0x0b,0x2e,0x06,0x0f,
  0x0b,0x03,0x0a,0x08,0x0c,0x12,0x32,0x2d,0x1f,0x40,0x33,0x0b,
  0x04,0x10,0x4d,0x02,0x57,0x20,0x22,0x16,0x1e,0x10,0x0e,0x1c,
  0x13,0x32,0x22,0x13,0x0e,0x1b,0x0b,0x0a,0x13,0x09,0x0d,0x0c,
  0x09,0x08,0x0c,0x06,0x07,0x02,0x33,0x04,0x0c,0x00,0x00,0x03,
  0x00,0x14,0x02,0x16,0x01,0x4b,0x03,0x1a,0x00,0x21,0x00,0x2d,
  0x00,0x39,0x00,0x00,0x13,0x22,0x26,0x35,0x34,0x36,0x37,0x3e,
  0x02,0x33,0x32,0x16,0x17,0x07,0x26,0x26,0x27,0x06,0x06,0x07,
  0x06,0x06,0x15,0x14,0x16,0x33,0x32,0x36,0x36,0x37,0x07,0x06,
  0x06,0x17,0x22,0x26,0x35,0x34,0x36,0x33,0x32,0x16,0x15,0x14,
  0x06,0x23,0x22,0x26,0x35,0x34,0x36,0x33,0x32,0x16,0x15,0x14,
  0x06,0xae,0x49,0x51,0x23,0x0d,0x0c,0x0e,0x13,0x11,0x1a,0x29,
  0x0b,0x2e,0x06,0x0f,0x0b,0x03,0x0a,0x08,0x0c,0x12,0x32,0x2d,
  0x1f,0x40,0x33,0x0b,0x04,0x10,0x4d,0x0f,0x0c,0x10,0x10,0x0c,
  0x0b,0x10,0x10,0xba,0x0c,0x10,0x10,0x0c,0x0b,0x10,0x10,0x02,
  0x57,0x20,0x22,0x16,0x1e,0x10,0x0e,0x1c,0x13,0x32,0x22,0x13,
  0x0e,0x1b,0x0b,0x0a,0x13,0x09,0x0d,0x0c,0x09,0x08,0x0c,0x06,
  0x07,0x02,0x33,0x04,0x0c,0x41,0x10,0x0b,0x0b,0x11,0x11,0x0b,
  0x0b,0x10,0x10,0x0b,0x0b,0x11,0x11,0x0b,0x0b,0x10,0x00,0x03,
  0x00,0x27,0x02,0x40,0x01,0x09,0x03,0xd4,0x00,0x0b,0x00,0x24,
  0x00,0x28,0x00,0x00,0x13,0x22,0x26,0x35,0x34,0x36,0x33,0x32,
  0x16,0x15,0x14,0x06,0x07,0x22,0x26,0x35,0x34,0x37,0x17,0x06,
  0x06,0x15,0x14,0x16,0x33,0x32,0x36,0x36,0x35,0x34,0x27,0x37,
  0x16,0x16,0x15,0x14,0x06,0x07,0x35,0x37,0x15,0x92,0x0e,0x13,
  0x13,0x0e,0x0d,0x13,0x13,0x0e,0x2f,0x3b,0x14,0x2f,0x05,0x09,
  0x1a,0x1c,0x1c,0x1d,0x0a,0x15,0x2a,0x09,0x16,0x3d,0xa4,0xe0,
  0x03,0x91,0x14,0x0d,0x0e,0x14,0x14,0x0e,0x0d,0x14,0xce,0x2c,
  0x2f,0x25,0x23,0x0f,0x0b,0x1b,0x0e,0x14,0x18,0x15,0x1d,0x0c,
  0x1f,0x24,0x1d,0x0d,0x34,0x1e,0x36,0x3d,0x83,0x36,0x42,0x37,
  0x00,0x02,0x00,0x08,0x02,0x5c,0x01,0x25,0x03,0x3e,0x00,0x10,
  0x00,0x27,0x00,0x00,0x13,0x22,0x22,0x27,0x27,0x32,0x36,0x35,
  0x34,0x26,0x27,0x37,0x16,0x16,0x15,0x14,0x06,0x23,0x34,0x36,
  0x37,0x26,0x23,0x22,0x06,0x07,0x27,0x36,0x36,0x33,0x32,0x16,
  0x16,0x33,0x15,0x26,0x0e,0x02,0x07,0xa2,0x03,0x0d,0x04,0x02,
  0x2e,0x39,0x0b,0x08,0x31,0x08,0x0c,0x4b,0xd2,0x3a,0x32,0x10,
  0x15,0x10,0x18,0x08,0x09,0x09,0x21,0x10,0x19,0x26,0x20,0x0e,
  0x0b,0x2a,0x2d,0x1f,0x01,0x02,0x5c,0x01,0x2e,0x1f,0x2b,0x12,
  0x2e,0x16,0x13,0x19,0x39,0x17,0x39,0x40,0x36,0x50,0x16,0x05,
  0x05,0x02,0x2e,0x04,0x06,0x0e,0x0f,0x31,0x02,0x0e,0x20,0x34,
  0x24,0x00,0x00,0x04,0x00,0x21,0x02,0x3f,0x01,0x9a,0x03,0x62,
  0x00,0x0b,0x00,0x1c,0x00,0x39,0x00,0x44,0x00,0x00,0x13,0x22,
  0x26,0x35,0x34,0x36,0x33,0x32,0x16,0x15,0x14,0x06,0x17,0x22,
  0x22,0x27,0x27,0x36,0x36,0x35,0x34,0x26,0x27,0x37,0x16,0x16,
  0x15,0x14,0x06,0x05,0x36,0x36,0x35,0x34,0x26,0x27,0x37,0x16,
  0x16,0x17,0x16,0x17,0x3e,0x02,0x33,0x32,0x16,0x15,0x14,0x06,
  0x23,0x22,0x26,0x27,0x06,0x06,0x07,0x37,0x22,0x06,0x07,0x16,
  0x33,0x32,0x36,0x35,0x34,0x26,0x6a,0x0d,0x12,0x12,0x0d,0x0e,
  0x13,0x13,0x9d,0x03,0x0d,0x04,0x02,0x2c,0x39,0x0b,0x08,0x35,
  0x08,0x0c,0x4c,0xfe,0xd8,0x05,0x06,0x09,0x07,0x31,0x06,0x05,
  0x02,0x04,0x0b,0x0d,0x26,0x32,0x1f,0x20,0x32,0x3f,0x50,0x1e,
  0x28,0x0b,0x01,0x06,0x04,0x97,0x19,0x29,0x0e,0x09,0x0c,0x2f,
  0x29,0x0f,0x03,0x1f,0x15,0x0c,0x0e,0x14,0x12,0x10,0x0e,0x13,
  0xc9,0x01,0x30,0x02,0x1e,0x2d,0x13,0x2e,0x16,0x13,0x19,0x39,
  0x17,0x3f,0x40,0x17,0x1d,0x28,0x1a,0x1f,0x28,0x18,0x0a,0x14,
  0x15,0x05,0x08,0x07,0x17,0x31,0x23,0x28,0x26,0x24,0x39,0x09,
  0x06,0x11,0x30,0x0e,0xb4,0x2a,0x15,0x01,0x16,0x10,0x0b,0x0f,
  0x00,0x02,0x00,0x1b,0x02,0x3f,0x01,0x3e,0x03,0x35,0x00,0x1c,
  0x00,0x27,0x00,0x00,0x13,0x36,0x36,0x35,0x34,0x26,0x27,0x37,
  0x16,0x16,0x17,0x16,0x17,0x3e,0x02,0x33,0x32,0x16,0x15,0x14,
  0x06,0x23,0x22,0x26,0x27,0x06,0x06,0x07,0x37,0x22,0x06,0x07,
  0x16,0x33,0x32,0x36,0x35,0x34,0x26,0x20,0x05,0x06,0x09,0x07,
  0x31,0x06,0x05,0x02,0x04,0x0b,0x0d,0x26,0x32,0x1f,0x20,0x32,
  0x3f,0x50,0x1e,0x28,0x0b,0x01,0x06,0x04,0x97,0x19,0x29,0x0e,
  0x09,0x0c,0x2f,0x29,0x0f,0x02,0x3f,0x1d,0x28,0x1a,0x1f,0x28,
  0x18,0x0a,0x14,0x15,0x05,0x08,0x07,0x17,0x31,0x23,0x28,0x26,
  0x24,0x39,0x09,0x06,0x11,0x30,0x0e,0xb4,0x2a,0x15,0x01,0x16,
  0x10,0x0b,0x0f,0x00,0x00,0x01,0x00,0x1b,0x02,0x3f,0x01,0x2b,
  0x03,0x33,0x00,0x2c,0x00,0x00,0x13,0x36,0x36,0x35,0x34,0x26,
  0x27,0x37,0x16,0x16,0x17,0x1e,0x02,0x33,0x26,0x26,0x35,0x34,
  0x36,0x33,0x32,0x17,0x07,0x26,0x23,0x22,0x15,0x14,0x16,0x16,
  0x17,0x36,0x36,0x37,0x17,0x06,0x06,0x23,0x22,0x26,0x27,0x14,
  0x06,0x07,0x20,0x05,0x06,0x09,0x07,0x33,0x08,0x03,0x01,0x07,
  0x1e,0x20,0x08,0x04,0x10,0x33,0x20,0x16,0x15,0x09,0x12,0x0e,
  0x20,0x0f,0x11,0x02,0x14,0x14,0x10,0x09,0x22,0x3c,0x23,0x25,
  0x1d,0x0a,0x05,0x05,0x02,0x3f,0x1d,0x2a,0x19,0x1e,0x26,0x1a,
  0x09,0x1a,0x0a,0x03,0x0f,0x0c,0x03,0x03,0x16,0x16,0x21,0x22,
  0x09,0x2b,0x06,0x19,0x0d,0x10,0x07,0x01,0x05,0x09,0x07,0x32,
  0x0f,0x0e,0x08,0x04,0x0e,0x30,0x11,0x00,0x00,0x01,0x00,0x14,
  0x02,0x65,0x01,0xb8,0x02,0xd3,0x00,0x17,0x00,0x00,0x01,0x22,
  0x26,0x27,0x06,0x06,0x23,0x23,0x37,0x33,0x32,0x36,0x37,0x17,
  0x06,0x16,0x33,0x32,0x36,0x36,0x37,0x17,0x06,0x06,0x01,0x5b,
  0x14,0x1d,0x09,0x09,0x21,0x15,0xce,0x0a,0xba,0x1a,0x1e,0x07,
  0x2a,0x02,0x0f,0x10,0x0f,0x11,0x0b,0x02,0x2d,0x08,0x2d,0x02,
  0x65,0x11,0x0d,0x0d,0x10,0x39,0x12,0x22,0x06,0x15,0x1e,0x15,
  0x1b,0x09,0x0c,0x2b,0x37,0x00,0x00,0x02,0x00,0x17,0x02,0x85,
  0x01,0x80,0x03,0x26,0x00,0x11,0x00,0x1d,0x00,0x00,0x13,0x22,
  0x26,0x26,0x35,0x34,0x36,0x33,0x32,0x16,0x15,0x14,0x06,0x07,
  0x32,0x33,0x33,0x15,0x25,0x14,0x16,0x17,0x36,0x36,0x35,0x34,
  0x26,0x23,0x22,0x06,0xb9,0x42,0x46,0x1a,0x2e,0x23,0x1f,0x2b,
  0x05,0x04,0x08,0x09,0xc6,0xfe,0xc9,0x13,0x1b,0x04,0x03,0x0f,
  0x0b,0x0d,0x0e,0x02,0x85,0x17,0x26,0x14,0x20,0x30,0x27,0x20,
  0x0a,0x14,0x09,0x33,0x56,0x0a,0x10,0x05,0x09,0x0d,0x05,0x0e,
  0x0e,0x0e,0x00,0x02,0x00,0x0a,0x02,0x82,0x01,0x9c,0x03,0x12,
  0x00,0x1a,0x00,0x22,0x00,0x00,0x01,0x22,0x26,0x26,0x27,0x06,
  0x06,0x23,0x23,0x35,0x33,0x32,0x36,0x37,0x17,0x06,0x15,0x14,
  0x17,0x36,0x36,0x33,0x32,0x16,0x15,0x14,0x06,0x27,0x22,0x06,
  0x07,0x36,0x36,0x35,0x34,0x01,0x33,0x0f,0x26,0x1f,0x05,0x08,
  0x19,0x0a,0xa5,0x9d,0x10,0x0d,0x06,0x2b,0x05,0x0b,0x14,0x2e,
  0x21,0x1e,0x20,0x3c,0x08,0x0f,0x17,0x07,0x23,0x1c,0x02,0x82,
  0x02,0x0b,0x0e,0x10,0x08,0x32,0x1a,0x19,0x06,0x14,0x07,0x0b,
  0x04,0x27,0x31,0x27,0x19,0x23,0x2d,0x5f,0x1f,0x0e,0x01,0x0f,
  0x0c,0x11,0xff,0xff,0x00,0x28,0xff,0x55,0x01,0x08,0xff,0xcf,
  0x02,0x07,0x01,0x1d,0x00,0x00,0xfc,0xfb,0xff,0xff,0x00,0x28,
  0xfe,0xec,0x01,0x08,0xff,0xcf,0x02,0x27,0x01,0x1d,0x00,0x00,
  0xfc,0xfb,0x00,0x07,0x01,0x1d,0x00,0x00,0xfc,0x92,0xff,0xff,
  0x00,0x28,0xfe,0xec,0x01,0x72,0xff,0xee,0x00,0x27,0x01,0x1d,
  0x00,0x6a,0xfd,0x1a,0x02,0x07,0x01,0x1d,0x00,0x00,0xfc,0x92,
  0xff,0xff,0x00,0x28,0xfe,0xe1,0x01,0x08,0xff,0xcf,0x02,0x27,
  0x01,0x1d,0x00,0x00,0xfc,0xfb,0x00,0x06,0x01,0x5d,0x65,0x98,
  0xff,0xff,0x00,0x28,0xff,0x40,0x00,0xc5,0xff,0xa6,0x02,0x07,
  0x01,0x26,0x00,0x00,0xfc,0xfb,0xff,0xff,0x00,0x1e,0xfe,0xe6,
  0x01,0x1e,0xff,0xe8,0x02,0x07,0x01,0x28,0x00,0x00,0xfc,0xf0,
  0xff,0xff,0x00,0x1e,0xfe,0x76,0x01,0x67,0xff,0xe8,0x02,0x27,
  0x01,0x28,0x00,0x00,0xfc,0xf0,0x00,0x07,0x01,0x28,0x00,0x49,
  0xfc,0x80,0xff,0xff,0x00,0x26,0xfe,0xd3,0x01,0x19,0xff,0xc9,
  0x02,0x07,0x01,0x1f,0x00,0x00,0xfc,0x84,0xff,0xff,0x00,0x29,
  0xfe,0xfa,0x00,0xd8,0xff,0xba,0x00,0x07,0x01,0x25,0x00,0x0a,
  0xfc,0x90,0xff,0xff,0x00,0x0a,0xff,0x0b,0x01,0x10,0xff,0xae,
  0x02,0x07,0x01,0x33,0x00,0x00,0xfc,0x71,0xff,0xff,0x00,0x14,
  0xff,0x0e,0x00,0xd7,0xff,0xf1,0x02,0x07,0x01,0x34,0x00,0x00,
  0xfc,0xe1,0xff,0xff,0x00,0x1e,0xff,0x0e,0x00,0xe1,0xff,0xf1,
  0x02,0x07,0x01,0x35,0x00,0x00,0xfc,0xe1,0x00,0x01,0x00,0x14,
  0xff,0x49,0x00,0x65,0xff,0x9b,0x00,0x0b,0x00,0x00,0x17,0x22,
  0x26,0x35,0x34,0x36,0x33,0x32,0x16,0x15,0x14,0x06,0x3d,0x11,
  0x18,0x18,0x11,0x11,0x17,0x17,0xb7,0x18,0x11,0x11,0x18,0x18,
  0x11,0x11,0x18,0x00,0x00,0x02,0x00,0x14,0xff,0x49,0x00,0xc5,
  0xff,0x9b,0x00,0x0b,0x00,0x17,0x00,0x00,0x17,0x22,0x26,0x35,
  0x34,0x36,0x33,0x32,0x16,0x15,0x14,0x06,0x33,0x22,0x26,0x35,
  0x34,0x36,0x33,0x32,0x16,0x15,0x14,0x06,0x3d,0x11,0x18,0x18,
  0x11,0x11,0x17,0x17,0x4f,0x11,0x18,0x18,0x11,0x11,0x17,0x17,
  0xb7,0x18,0x11,0x11,0x18,0x18,0x11,0x11,0x18,0x18,0x11,0x11,
  0x18,0x18,0x11,0x11,0x18,0x00,0xff,0xff,0x00,0x23,0xfe,0xe2,
  0x01,0x04,0xff,0xc1,0x00,0x07,0x01,0x3e,0x00,0x12,0xfc,0x92,
  0x00,0x01,0x00,0x14,0xff,0x23,0x00,0x96,0xff,0xa5,0x00,0x0b,
  0x00,0x00,0x17,0x22,0x26,0x35,0x34,0x36,0x33,0x32,0x16,0x15,
  0x14,0x06,0x55,0x1b,0x26,0x26,0x1b,0x1b,0x26,0x26,0xdd,0x26,
  0x1b,0x1c,0x25,0x25,0x1c,0x1b,0x26,0x00,0xff,0xff,0x00,0x0a,
  0xff,0x05,0x00,0xcd,0xff,0xc8,0x02,0x07,0x01,0x40,0x00,0x00,
  0xfc,0xe0,0x00,0x02,0x00,0x0a,0xfe,0xfb,0x00,0xe1,0xff,0xd2,
  0x00,0x0b,0x00,0x17,0x00,0x00,0x13,0x22,0x26,0x35,0x34,0x36,
  0x33,0x32,0x16,0x15,0x14,0x06,0x27,0x32,0x36,0x35,0x34,0x26,
  0x23,0x22,0x06,0x15,0x14,0x16,0x76,0x2d,0x3f,0x40,0x2c,0x2c,
  0x3f,0x3e,0x2d,0x24,0x33,0x32,0x25,0x25,0x33,0x34,0xfe,0xfb,
  0x3f,0x2d,0x2e,0x3d,0x3d,0x2e,0x2c,0x40,0x14,0x33,0x25,0x25,
  0x32,0x32,0x25,0x24,0x34,0x00,0xff,0xff,0x00,0x0a,0xfe,0xfb,
  0x00,0xe1,0xff,0xd2,0x02,0x26,0x01,0x62,0x00,0x00,0x00,0x06,
  0x01,0x60,0x21,0x03,0xff,0xff,0x00,0x2d,0xff,0x1d,0x00,0x6a,
  0xff,0xca,0x02,0x07,0x01,0x42,0x00,0x00,0xfc,0xc4,0xff,0xff,
  0x00,0x26,0xfe,0xa1,0x00,0xc6,0xff,0x9c,0x02,0x07,0x01,0x44,
  0x00,0x00,0xfc,0xb4,0x00,0x02,0x00,0x1e,0xfe,0x9d,0x00,0xb3,
  0xff,0x8d,0x00,0x12,0x00,0x1e,0x00,0x00,0x13,0x27,0x36,0x36,
  0x37,0x06,0x23,0x22,0x26,0x35,0x34,0x36,0x33,0x32,0x16,0x15,
  0x14,0x06,0x23,0x37,0x14,0x16,0x33,0x32,0x37,0x35,0x34,0x26,
  0x23,0x22,0x06,0x21,0x02,0x1f,0x2e,0x0b,0x0a,0x0a,0x20,0x25,
  0x29,0x22,0x22,0x28,0x48,0x40,0x24,0x0c,0x10,0x0b,0x0a,0x0b,
  0x0e,0x0b,0x0d,0xfe,0x9d,0x31,0x01,0x0e,0x16,0x01,0x1e,0x20,
  0x24,0x39,0x38,0x32,0x3f,0x47,0x99,0x0a,0x0d,0x02,0x04,0x17,
  0x1e,0x17,0xff,0xff,0x00,0x27,0xfe,0x22,0x01,0x09,0xff,0xb6,
  0x02,0x07,0x01,0x49,0x00,0x00,0xfb,0xe2,0xff,0xff,0x00,0x11,
  0xfe,0xee,0x01,0x94,0xff,0xdd,0x02,0x07,0x01,0x6c,0x00,0x00,
  0xfa,0xbe,0x00,0x03,0x00,0x14,0x04,0x30,0x00,0xe5,0x04,0xee,
  0x00,0x0b,0x00,0x17,0x00,0x23,0x00,0x00,0x13,0x22,0x26,0x35,
  0x34,0x36,0x33,0x32,0x16,0x15,0x14,0x06,0x17,0x22,0x26,0x35,
  0x34,0x36,0x33,0x32,0x16,0x15,0x14,0x06,0x23,0x22,0x26,0x35,
  0x34,0x36,0x33,0x32,0x16,0x15,0x14,0x06,0x7c,0x15,0x1b,0x1b,
  0x15,0x14,0x1b,0x1b,0x27,0x15,0x1b,0x1b,0x15,0x14,0x1a,0x1a,
  0x87,0x15,0x1b,0x1b,0x15,0x14,0x1a,0x1a,0x04,0x90,0x1d,0x13,
  0x12,0x1c,0x1c,0x12,0x13,0x1d,0x60,0x1d,0x12,0x12,0x1d,0x1d,
  0x12,0x12,0x1d,0x1d,0x12,0x12,0x1d,0x1d,0x12,0x12,0x1d,0x00,
  0x00,0x02,0x00,0x22,0x04,0x30,0x01,0x03,0x05,0x53,0x00,0x21,
  0x00,0x2d,0x00,0x00,0x13,0x22,0x26,0x35,0x34,0x36,0x37,0x26,
  0x23,0x22,0x06,0x07,0x27,0x36,0x33,0x32,0x16,0x16,0x37,0x17,
  0x22,0x0e,0x02,0x15,0x14,0x16,0x33,0x32,0x36,0x37,0x17,0x06,
  0x06,0x27,0x22,0x26,0x35,0x34,0x36,0x33,0x32,0x16,0x15,0x14,
  0x06,0xa4,0x3d,0x45,0x3d,0x34,0x17,0x1b,0x0d,0x17,0x0d,0x05,
  0x1c,0x1a,0x1b,0x30,0x32,0x1d,0x02,0x19,0x3b,0x34,0x22,0x33,
  0x22,0x19,0x27,0x11,0x0a,0x14,0x2f,0x15,0x0d,0x11,0x11,0x0d,
  0x0c,0x12,0x12,0x04,0x30,0x3c,0x2f,0x2c,0x43,0x12,0x06,0x03,
  0x02,0x2f,0x07,0x10,0x0f,0x02,0x2f,0x0e,0x1c,0x27,0x19,0x1f,
  0x1d,0x0b,0x07,0x2d,0x0a,0x0c,0x5e,0x11,0x0d,0x0c,0x12,0x12,
  0x0c,0x0d,0x11,0x00,0x00,0x02,0x00,0x0d,0x04,0x30,0x00,0xa8,
  0x05,0x62,0x00,0x0b,0x00,0x1c,0x00,0x00,0x13,0x22,0x26,0x35,
  0x34,0x36,0x33,0x32,0x16,0x15,0x14,0x06,0x07,0x22,0x22,0x27,
  0x27,0x36,0x36,0x35,0x34,0x26,0x27,0x37,0x16,0x16,0x15,0x14,
  0x06,0x6a,0x0e,0x13,0x13,0x0e,0x0e,0x12,0x12,0x55,0x03,0x0d,
  0x04,0x02,0x2c,0x39,0x0b,0x08,0x35,0x08,0x0c,0x4c,0x05,0x21,
  0x14,0x0d,0x0d,0x13,0x13,0x0d,0x0d,0x14,0xf1,0x01,0x30,0x02,
  0x1e,0x2d,0x13,0x2e,0x16,0x13,0x19,0x39,0x17,0x3f,0x40,0x00,
  0x00,0x01,0x00,0x11,0x04,0x30,0x01,0x94,0x05,0x1f,0x00,0x34,
  0x00,0x00,0x13,0x22,0x26,0x35,0x34,0x37,0x17,0x06,0x06,0x15,
  0x14,0x16,0x33,0x32,0x36,0x35,0x34,0x26,0x27,0x37,0x17,0x16,
  0x16,0x33,0x32,0x36,0x37,0x17,0x07,0x06,0x16,0x33,0x32,0x35,
  0x34,0x26,0x27,0x37,0x16,0x16,0x15,0x14,0x06,0x23,0x22,0x27,
  0x06,0x06,0x23,0x22,0x27,0x06,0x06,0x75,0x2d,0x37,0x15,0x2a,
  0x05,0x09,0x1c,0x19,0x2a,0x18,0x09,0x05,0x2d,0x0c,0x02,0x0b,
  0x0a,0x08,0x0f,0x04,0x2b,0x04,0x01,0x0d,0x06,0x15,0x08,0x08,
  0x2d,0x0b,0x08,0x26,0x1b,0x1e,0x0f,0x06,0x14,0x10,0x0d,0x09,
  0x04,0x33,0x04,0x30,0x29,0x2e,0x29,0x24,0x10,0x0b,0x1f,0x0e,
  0x16,0x12,0x27,0x18,0x14,0x2b,0x13,0x0a,0x32,0x08,0x0c,0x15,
  0x2f,0x03,0x32,0x09,0x06,0x1b,0x0d,0x1b,0x13,0x10,0x1c,0x27,
  0x0e,0x23,0x23,0x13,0x0a,0x0b,0x04,0x24,0x36,0x00,0x00,0x02,
  0x00,0x11,0x04,0x30,0x01,0xc9,0x05,0x27,0x00,0x26,0x00,0x31,
  0x00,0x00,0x13,0x22,0x26,0x35,0x34,0x37,0x17,0x06,0x06,0x15,
  0x14,0x16,0x33,0x32,0x36,0x35,0x34,0x26,0x27,0x37,0x17,0x16,
  0x16,0x17,0x3e,0x02,0x33,0x32,0x16,0x15,0x14,0x06,0x23,0x22,
  0x26,0x27,0x06,0x06,0x37,0x22,0x06,0x07,0x32,0x33,0x32,0x36,
  0x35,0x34,0x26,0x76,0x2e,0x37,0x14,0x2b,0x05,0x09,0x1c,0x19,
  0x2a,0x18,0x09,0x05,0x2d,0x09,0x01,0x06,0x0c,0x11,0x29,0x30,
  0x1c,0x1d,0x32,0x46,0x4e,0x1d,0x27,0x0b,0x03,0x32,0xc3,0x19,
  0x2a,0x0e,0x07,0x09,0x32,0x2d,0x0f,0x04,0x30,0x2a,0x2e,0x25,
  0x23,0x0c,0x0b,0x1e,0x0e,0x16,0x13,0x27,0x18,0x14,0x2b,0x13,
  0x0b,0x27,0x06,0x11,0x07,0x1a,0x32,0x20,0x27,0x23,0x25,0x3a,
  0x09,0x06,0x25,0x38,0xc3,0x2d,0x16,0x19,0x0f,0x09,0x12,0x00,
  0xff,0xff,0x00,0x0f,0x04,0x30,0x01,0x19,0x05,0x33,0x02,0x07,
  0x00,0xef,0x00,0x00,0x02,0x01,0x00,0x01,0x00,0x1e,0x04,0x30,
  0x00,0xd9,0x05,0x4b,0x00,0x24,0x00,0x00,0x13,0x22,0x26,0x26,
  0x35,0x34,0x37,0x26,0x35,0x34,0x36,0x33,0x32,0x17,0x07,0x26,
  0x23,0x22,0x15,0x14,0x16,0x17,0x36,0x37,0x17,0x06,0x06,0x15,
  0x14,0x16,0x33,0x32,0x36,0x37,0x17,0x06,0x06,0x8e,0x1a,0x34,
  0x22,0x26,0x19,0x29,0x1b,0x13,0x11,0x08,0x0c,0x0c,0x16,0x0a,
  0x07,0x19,0x1f,0x06,0x28,0x32,0x2b,0x14,0x10,0x22,0x0d,0x09,
  0x0b,0x29,0x04,0x30,0x12,0x28,0x21,0x30,0x21,0x13,0x1f,0x1d,
  0x20,0x05,0x2b,0x03,0x11,0x08,0x0c,0x03,0x0b,0x06,0x30,0x07,
  0x24,0x1d,0x1c,0x10,0x06,0x06,0x30,0x05,0x0a,0x00,0x00,0x04,
  0x00,0x20,0x04,0x30,0x01,0x09,0x05,0x34,0x00,0x0b,0x00,0x17,
  0x00,0x38,0x00,0x43,0x00,0x00,0x13,0x22,0x26,0x35,0x34,0x36,
  0x33,0x32,0x16,0x15,0x14,0x06,0x33,0x22,0x26,0x35,0x34,0x36,
  0x33,0x32,0x16,0x15,0x14,0x06,0x07,0x22,0x26,0x35,0x34,0x36,
  0x37,0x17,0x06,0x06,0x15,0x14,0x16,0x33,0x32,0x36,0x37,0x06,
  0x23,0x22,0x35,0x34,0x36,0x36,0x33,0x32,0x16,0x15,0x14,0x06,
  0x07,0x06,0x06,0x37,0x14,0x33,0x32,0x37,0x35,0x34,0x26,0x23,
  0x22,0x06,0xb3,0x0a,0x0c,0x0c,0x0a,0x0a,0x0c,0x0c,0x2b,0x0a,
  0x0c,0x0c,0x0a,0x0a,0x0c,0x0c,0x69,0x36,0x33,0x06,0x0f,0x2a,
  0x05,0x08,0x1f,0x18,0x26,0x22,0x06,0x08,0x07,0x3c,0x0f,0x1d,
  0x16,0x20,0x1b,0x06,0x07,0x0e,0x3e,0x08,0x16,0x07,0x08,0x06,
  0x0b,0x09,0x0b,0x05,0x07,0x0e,0x08,0x09,0x0e,0x0d,0x0a,0x08,
  0x0e,0x0e,0x08,0x09,0x0e,0x0d,0x0a,0x08,0x0e,0xd7,0x25,0x29,
  0x08,0x25,0x17,0x14,0x0b,0x17,0x0c,0x13,0x0c,0x0d,0x0e,0x01,
  0x31,0x0f,0x25,0x1a,0x37,0x20,0x0e,0x22,0x0d,0x1f,0x17,0x82,
  0x10,0x02,0x02,0x0b,0x1f,0x15,0x00,0x02,0x00,0x3c,0x04,0x30,
  0x01,0x39,0x04,0xe1,0x00,0x11,0x00,0x1c,0x00,0x00,0x13,0x27,
  0x32,0x36,0x37,0x36,0x36,0x33,0x32,0x16,0x15,0x14,0x06,0x23,
  0x22,0x27,0x06,0x06,0x37,0x22,0x06,0x07,0x16,0x16,0x33,0x32,
  0x35,0x34,0x26,0x40,0x04,0x20,0x34,0x18,0x14,0x26,0x19,0x1a,
  0x24,0x21,0x1c,0x21,0x2a,0x13,0x35,0x8d,0x08,0x12,0x0d,0x0f,
  0x16,0x05,0x0f,0x0a,0x04,0x30,0x30,0x24,0x1c,0x18,0x29,0x30,
  0x23,0x22,0x2a,0x21,0x12,0x1d,0x77,0x15,0x11,0x0a,0x07,0x18,
  0x0c,0x13,0x00,0x02,0x00,0x1b,0x04,0x30,0x00,0xfd,0x05,0x41,
  0x00,0x0b,0x00,0x24,0x00,0x00,0x13,0x22,0x26,0x35,0x34,0x36,
  0x33,0x32,0x16,0x15,0x14,0x06,0x07,0x22,0x26,0x35,0x34,0x37,
  0x17,0x06,0x06,0x15,0x14,0x16,0x33,0x32,0x36,0x36,0x35,0x34,
  0x27,0x37,0x16,0x16,0x15,0x14,0x06,0x86,0x0e,0x13,0x13,0x0e,
  0x0d,0x13,0x13,0x0e,0x2f,0x3b,0x14,0x2f,0x05,0x09,0x1a,0x1c,
  0x1c,0x1d,0x0a,0x15,0x2a,0x09,0x16,0x3d,0x04,0xfe,0x14,0x0d,
  0x0e,0x14,0x14,0x0e,0x0d,0x14,0xce,0x2c,0x2f,0x25,0x23,0x0f,
  0x0b,0x1b,0x0e,0x14,0x18,0x15,0x1d,0x0c,0x1f,0x24,0x1d,0x0d,
  0x34,0x1e,0x36,0x3d,0x00,0x02,0x00,0x14,0x04,0x2b,0x00,0xbd,
  0x05,0x16,0x00,0x09,0x00,0x0d,0x00,0x00,0x13,0x35,0x16,0x36,
  0x27,0x27,0x33,0x17,0x16,0x06,0x27,0x27,0x37,0x17,0x14,0x48,
  0x2d,0x01,0x04,0x32,0x05,0x02,0x4d,0x2d,0x2d,0x31,0x2c,0x04,
  0x32,0x32,0x04,0x0e,0x13,0x95,0x94,0x34,0x23,0x4c,0x7e,0x10,
  0x7d,0x00,0x00,0x02,0x00,0x0a,0x04,0x47,0x01,0x82,0x05,0x40,
  0x00,0x14,0x00,0x1f,0x00,0x00,0x13,0x27,0x37,0x16,0x16,0x17,
  0x3e,0x02,0x33,0x32,0x16,0x15,0x14,0x06,0x06,0x23,0x22,0x26,
  0x26,0x27,0x37,0x22,0x06,0x07,0x16,0x33,0x32,0x36,0x35,0x34,
  0x26,0x33,0x29,0x30,0x14,0x30,0x18,0x0e,0x29,0x37,0x25,0x20,
  0x39,0x18,0x3f,0x3b,0x17,0x3f,0x38,0x0c,0xcf,0x19,0x2e,0x13,
  0x15,0x10,0x39,0x23,0x18,0x04,0x47,0x16,0x6d,0x04,0x07,0x02,
  0x1e,0x3c,0x29,0x28,0x2f,0x18,0x2f,0x1f,0x05,0x06,0x02,0x7a,
  0x2e,0x24,0x01,0x1a,0x13,0x14,0x12,0x00,0x00,0x07,0x00,0x0a,
  0x04,0x30,0x03,0x69,0x05,0x36,0x00,0x0a,0x00,0x15,0x00,0x19,
  0x00,0x81,0x00,0x8e,0x00,0x98,0x00,0xa3,0x00,0x00,0x13,0x22,
  0x35,0x34,0x36,0x33,0x32,0x16,0x15,0x14,0x06,0x23,0x22,0x35,
  0x34,0x36,0x33,0x32,0x16,0x15,0x14,0x06,0x05,0x27,0x33,0x17,
  0x05,0x22,0x26,0x27,0x06,0x27,0x37,0x16,0x36,0x27,0x26,0x26,
  0x27,0x37,0x1e,0x02,0x15,0x16,0x16,0x33,0x32,0x36,0x37,0x26,
  0x23,0x22,0x07,0x27,0x36,0x33,0x32,0x16,0x16,0x33,0x33,0x17,
  0x22,0x06,0x07,0x16,0x16,0x33,0x32,0x36,0x36,0x37,0x17,0x06,
  0x06,0x15,0x14,0x33,0x32,0x36,0x36,0x37,0x17,0x06,0x06,0x15,
  0x14,0x16,0x33,0x32,0x36,0x35,0x34,0x26,0x27,0x37,0x16,0x16,
  0x33,0x32,0x36,0x27,0x27,0x33,0x17,0x16,0x06,0x23,0x22,0x26,
  0x27,0x06,0x06,0x23,0x22,0x27,0x06,0x23,0x22,0x26,0x27,0x06,
  0x06,0x23,0x22,0x26,0x27,0x06,0x06,0x21,0x22,0x26,0x35,0x34,
  0x36,0x37,0x27,0x37,0x16,0x15,0x14,0x06,0x27,0x32,0x36,0x35,
  0x34,0x26,0x27,0x06,0x15,0x14,0x05,0x22,0x35,0x34,0x36,0x33,
  0x32,0x16,0x15,0x14,0x06,0x5a,0x12,0x0b,0x07,0x09,0x0b,0x0b,
  0x36,0x12,0x0b,0x07,0x09,0x0b,0x0b,0x03,0x04,0x05,0x2f,0x05,
  0xfd,0xb4,0x0f,0x17,0x05,0x14,0x4e,0x02,0x24,0x2a,0x04,0x04,
  0x0a,0x05,0x2d,0x03,0x0b,0x0b,0x04,0x0d,0x07,0x19,0x2c,0x14,
  0x16,0x1e,0x0c,0x0f,0x07,0x11,0x11,0x1b,0x25,0x1d,0x0f,0x0b,
  0x03,0x05,0x0a,0x06,0x06,0x12,0x0f,0x0a,0x0c,0x09,0x06,0x2d,
  0x01,0x06,0x10,0x09,0x08,0x06,0x04,0x2c,0x01,0x05,0x04,0x0e,
  0x0b,0x07,0x02,0x02,0x2c,0x04,0x0a,0x12,0x0e,0x08,0x01,0x05,
  0x2e,0x06,0x02,0x1d,0x2c,0x11,0x16,0x05,0x07,0x18,0x0f,0x1d,
  0x09,0x0c,0x22,0x09,0x16,0x05,0x07,0x18,0x11,0x18,0x25,0x03,
  0x15,0x36,0xfe,0xf7,0x1c,0x21,0x0f,0x12,0x0b,0x1c,0x4a,0x1d,
  0x22,0x08,0x0b,0x07,0x0b,0x12,0x01,0x3e,0x10,0x09,0x07,0x08,
  0x09,0x09,0x05,0x0e,0x14,0x08,0x0c,0x0c,0x08,0x07,0x0d,0x14,
  0x08,0x0c,0x0c,0x08,0x07,0x0d,0xae,0xce,0xce,0x02,0x0a,0x0c,
  0x1d,0x09,0x31,0x04,0x09,0x19,0x14,0x28,0x12,0x0b,0x0c,0x2e,
  0x29,0x03,0x0c,0x07,0x08,0x0e,0x0d,0x04,0x2f,0x06,0x12,0x13,
  0x22,0x02,0x01,0x09,0x01,0x06,0x19,0x1d,0x06,0x07,0x16,0x09,
  0x10,0x06,0x1b,0x1d,0x04,0x0a,0x18,0x08,0x06,0x0a,0x0d,0x0d,
  0x02,0x21,0x13,0x04,0x31,0x23,0x11,0x16,0x78,0x8d,0x20,0x23,
  0x10,0x0b,0x10,0x0b,0x12,0x12,0x08,0x0d,0x0d,0x08,0x0f,0x19,
  0x0f,0x19,0x1b,0x1b,0x0e,0x22,0x13,0x08,0x21,0x33,0x2f,0x19,
  0x27,0x2e,0x08,0x0c,0x06,0x0e,0x0c,0x15,0x0e,0x11,0x5c,0x11,
  0x07,0x0a,0x0a,0x07,0x07,0x0a,0x00,0x06,0x00,0x0a,0x04,0x30,
  0x03,0x9f,0x05,0x12,0x00,0x0b,0x00,0x65,0x00,0x69,0x00,0x74,
  0x00,0x7e,0x00,0x88,0x00,0x00,0x01,0x22,0x26,0x35,0x34,0x36,
  0x33,0x32,0x16,0x15,0x14,0x06,0x07,0x22,0x26,0x35,0x34,0x36,
  0x37,0x17,0x06,0x06,0x15,0x14,0x16,0x33,0x32,0x36,0x37,0x26,
  0x26,0x35,0x34,0x36,0x33,0x32,0x16,0x15,0x14,0x06,0x07,0x33,
  0x32,0x36,0x37,0x17,0x06,0x15,0x14,0x17,0x3e,0x02,0x33,0x32,
  0x16,0x15,0x14,0x07,0x16,0x33,0x32,0x36,0x36,0x37,0x17,0x06,
  0x15,0x14,0x16,0x33,0x32,0x36,0x27,0x27,0x33,0x17,0x16,0x06,
  0x23,0x22,0x26,0x27,0x06,0x06,0x23,0x22,0x26,0x27,0x06,0x06,
  0x23,0x22,0x27,0x06,0x06,0x23,0x22,0x26,0x27,0x06,0x06,0x25,
  0x27,0x33,0x17,0x27,0x22,0x35,0x34,0x36,0x33,0x32,0x16,0x15,
  0x14,0x06,0x05,0x36,0x35,0x34,0x26,0x23,0x22,0x06,0x15,0x14,
  0x05,0x32,0x35,0x34,0x23,0x22,0x06,0x07,0x16,0x32,0x01,0x1a,
  0x08,0x0d,0x0d,0x08,0x0a,0x0c,0x0c,0x95,0x4c,0x39,0x07,0x04,
  0x2c,0x02,0x05,0x24,0x3b,0x20,0x23,0x0f,0x08,0x0d,0x26,0x1e,
  0x20,0x21,0x0d,0x0b,0x20,0x14,0x0b,0x0a,0x2d,0x07,0x0c,0x0b,
  0x24,0x34,0x21,0x20,0x27,0x07,0x0f,0x0c,0x0d,0x0a,0x05,0x06,
  0x2d,0x06,0x10,0x0e,0x12,0x0a,0x01,0x04,0x2d,0x05,0x02,0x1c,
  0x31,0x17,0x18,0x05,0x0a,0x19,0x11,0x0c,0x23,0x10,0x12,0x2e,
  0x1d,0x58,0x0b,0x0b,0x1a,0x0c,0x18,0x28,0x12,0x0a,0x3b,0x02,
  0x9c,0x05,0x30,0x05,0xcd,0x15,0x0c,0x09,0x0a,0x0c,0x0c,0xfe,
  0x3a,0x14,0x07,0x0a,0x0a,0x09,0x01,0x01,0x50,0x18,0x19,0x28,
  0x0b,0x06,0x08,0x04,0xe6,0x0c,0x0a,0x08,0x0e,0x0e,0x08,0x08,
  0x0e,0xb6,0x22,0x25,0x0e,0x1f,0x0d,0x08,0x07,0x13,0x0a,0x13,
  0x11,0x03,0x02,0x07,0x1a,0x10,0x1d,0x24,0x27,0x17,0x0e,0x1f,
  0x07,0x19,0x27,0x06,0x19,0x0e,0x10,0x03,0x11,0x30,0x24,0x29,
  0x1a,0x10,0x0f,0x03,0x09,0x1e,0x1d,0x07,0x1b,0x0d,0x0d,0x08,
  0x0f,0x1a,0x75,0x89,0x22,0x24,0x0b,0x0a,0x0d,0x08,0x05,0x08,
  0x0a,0x08,0x1d,0x11,0x07,0x06,0x04,0x03,0x0c,0x06,0xce,0xce,
  0x9c,0x16,0x09,0x0d,0x0d,0x09,0x09,0x0d,0x5c,0x0c,0x14,0x06,
  0x0d,0x0d,0x08,0x11,0x20,0x24,0x13,0x24,0x12,0x01,0x00,0x0b,
  0x00,0x0a,0x04,0x30,0x02,0x8a,0x05,0x33,0x00,0x03,0x00,0x0e,
  0x00,0x19,0x00,0x1d,0x00,0x6c,0x00,0x77,0x00,0x83,0x00,0x8f,
  0x00,0x9a,0x00,0xa6,0x00,0xb1,0x00,0x00,0x01,0x27,0x33,0x17,
  0x37,0x22,0x35,0x34,0x36,0x33,0x32,0x16,0x15,0x14,0x06,0x07,
  0x22,0x35,0x34,0x36,0x33,0x32,0x16,0x15,0x14,0x06,0x05,0x27,
  0x33,0x17,0x05,0x22,0x26,0x26,0x27,0x26,0x23,0x22,0x06,0x15,
  0x14,0x16,0x17,0x07,0x26,0x26,0x35,0x34,0x36,0x33,0x32,0x16,
  0x17,0x16,0x16,0x33,0x32,0x36,0x37,0x17,0x06,0x16,0x33,0x32,
  0x36,0x27,0x27,0x33,0x17,0x16,0x16,0x33,0x32,0x35,0x34,0x26,
  0x27,0x37,0x16,0x16,0x17,0x16,0x16,0x33,0x32,0x36,0x27,0x27,
  0x33,0x17,0x16,0x06,0x23,0x22,0x27,0x06,0x06,0x23,0x22,0x26,
  0x27,0x06,0x06,0x23,0x22,0x26,0x27,0x06,0x06,0x25,0x22,0x35,
  0x34,0x36,0x33,0x32,0x16,0x15,0x14,0x06,0x23,0x22,0x26,0x35,
  0x34,0x36,0x33,0x32,0x16,0x15,0x14,0x06,0x05,0x22,0x26,0x35,
  0x34,0x36,0x33,0x32,0x16,0x15,0x14,0x06,0x33,0x22,0x35,0x34,
  0x36,0x33,0x32,0x16,0x15,0x14,0x06,0x17,0x22,0x26,0x35,0x34,
  0x36,0x33,0x32,0x16,0x15,0x14,0x06,0x33,0x22,0x35,0x34,0x36,
  0x33,0x32,0x16,0x15,0x14,0x06,0x01,0x12,0x01,0x21,0x01,0x80,
  0x13,0x0b,0x08,0x09,0x0c,0x0c,0xd7,0x13,0x0b,0x08,0x09,0x0c,
  0x0c,0x01,0x6d,0x05,0x2f,0x05,0xfe,0x1c,0x1a,0x1b,0x0f,0x0a,
  0x03,0x08,0x04,0x0c,0x06,0x03,0x2f,0x04,0x09,0x32,0x19,0x0b,
  0x15,0x04,0x0b,0x12,0x16,0x12,0x0d,0x07,0x31,0x0a,0x15,0x15,
  0x17,0x0a,0x01,0x04,0x2e,0x04,0x01,0x0e,0x0d,0x19,0x05,0x04,
  0x2f,0x05,0x07,0x04,0x04,0x0a,0x0a,0x11,0x06,0x01,0x04,0x2e,
  0x05,0x02,0x1c,0x2b,0x27,0x0e,0x09,0x19,0x11,0x0f,0x15,0x08,
  0x07,0x1d,0x1a,0x1e,0x1c,0x05,0x08,0x1f,0x01,0x0e,0x13,0x0b,
  0x08,0x09,0x0c,0x0c,0x38,0x08,0x0c,0x0c,0x08,0x09,0x0c,0x0c,
  0xfe,0x8f,0x08,0x0c,0x0c,0x08,0x09,0x0c,0x0c,0x26,0x13,0x0b,
  0x08,0x09,0x0c,0x0c,0x62,0x08,0x0c,0x0c,0x08,0x09,0x0c,0x0c,
  0x26,0x13,0x0b,0x08,0x09,0x0c,0x0c,0x04,0xf7,0x3c,0x3c,0x07,
  0x15,0x08,0x0d,0x0d,0x08,0x08,0x0d,0x14,0x15,0x08,0x0d,0x0d,
  0x08,0x08,0x0d,0xb8,0xce,0xce,0x02,0x0b,0x19,0x15,0x08,0x07,
  0x09,0x06,0x13,0x06,0x0e,0x09,0x1d,0x0f,0x23,0x21,0x08,0x0b,
  0x1b,0x1d,0x1c,0x28,0x09,0x28,0x13,0x0f,0x1a,0x75,0x74,0x19,
  0x11,0x1f,0x0b,0x19,0x12,0x08,0x11,0x27,0x0e,0x0f,0x08,0x10,
  0x19,0x75,0x89,0x22,0x25,0x15,0x0d,0x08,0x07,0x0d,0x0c,0x08,
  0x09,0x0c,0x0d,0x08,0xa1,0x15,0x08,0x0d,0x0d,0x08,0x08,0x0d,
  0x0c,0x09,0x08,0x0d,0x0d,0x08,0x08,0x0d,0x0f,0x0c,0x09,0x08,
  0x0d,0x0d,0x08,0x08,0x0d,0x15,0x08,0x0d,0x0d,0x08,0x08,0x0d,
  0x05,0x0c,0x09,0x08,0x0d,0x0d,0x08,0x08,0x0d,0x15,0x08,0x0d,
  0x0d,0x08,0x08,0x0d,0x00,0x05,0x00,0x14,0x04,0x30,0x02,0x4f,
  0x05,0x53,0x00,0x32,0x00,0x4e,0x00,0x52,0x00,0x5c,0x00,0x68,
  0x00,0x00,0x13,0x22,0x26,0x35,0x34,0x36,0x37,0x26,0x27,0x26,
  0x26,0x35,0x34,0x36,0x33,0x32,0x16,0x15,0x14,0x06,0x07,0x16,
  0x16,0x33,0x32,0x36,0x35,0x34,0x26,0x27,0x37,0x16,0x16,0x15,
  0x14,0x06,0x23,0x22,0x26,0x26,0x27,0x06,0x06,0x15,0x14,0x16,
  0x33,0x32,0x37,0x17,0x06,0x17,0x27,0x36,0x36,0x35,0x34,0x26,
  0x27,0x37,0x16,0x16,0x17,0x16,0x16,0x33,0x32,0x36,0x27,0x27,
  0x33,0x17,0x16,0x06,0x23,0x22,0x27,0x06,0x06,0x37,0x27,0x33,
  0x17,0x25,0x36,0x35,0x34,0x26,0x23,0x22,0x07,0x16,0x16,0x17,
  0x22,0x26,0x35,0x34,0x36,0x33,0x32,0x16,0x15,0x14,0x06,0x7d,
  0x2d,0x3c,0x2a,0x17,0x11,0x11,0x02,0x07,0x30,0x24,0x20,0x1e,
  0x0e,0x0b,0x0b,0x16,0x0b,0x15,0x11,0x0b,0x06,0x2f,0x06,0x0b,
  0x2c,0x2b,0x15,0x19,0x16,0x11,0x14,0x20,0x26,0x14,0x1f,0x24,
  0x0f,0x29,0x7b,0x11,0x25,0x2b,0x0d,0x09,0x2c,0x08,0x0d,0x01,
  0x05,0x13,0x10,0x13,0x06,0x01,0x04,0x30,0x04,0x02,0x20,0x2f,
  0x18,0x0d,0x09,0x39,0xd6,0x05,0x30,0x05,0xfe,0x2c,0x12,0x0a,
  0x0c,0x13,0x0e,0x0a,0x14,0x80,0x0a,0x0e,0x0e,0x0a,0x0a,0x0d,
  0x0d,0x04,0x35,0x27,0x28,0x22,0x2a,0x10,0x18,0x0b,0x02,0x16,
  0x04,0x0e,0x24,0x1b,0x16,0x11,0x1c,0x0c,0x02,0x02,0x0a,0x0f,
  0x0e,0x2b,0x11,0x0d,0x11,0x30,0x16,0x27,0x21,0x02,0x07,0x07,
  0x0e,0x1c,0x11,0x15,0x10,0x10,0x29,0x16,0x05,0x2b,0x0c,0x25,
  0x19,0x0e,0x21,0x11,0x15,0x0f,0x22,0x06,0x11,0x09,0x10,0x19,
  0x78,0x7c,0x31,0x23,0x0d,0x1d,0x2f,0x41,0xce,0xce,0x7e,0x0f,
  0x0f,0x06,0x0a,0x08,0x09,0x14,0x9b,0x0d,0x0a,0x0a,0x0e,0x0e,
  0x0a,0x0a,0x0d,0x00,0x00,0x06,0x00,0x0a,0x04,0x30,0x01,0xee,
  0x05,0x37,0x00,0x0b,0x00,0x17,0x00,0x23,0x00,0x5d,0x00,0x68,
  0x00,0x72,0x00,0x00,0x01,0x22,0x26,0x35,0x34,0x36,0x33,0x32,
  0x16,0x15,0x14,0x06,0x33,0x22,0x26,0x35,0x34,0x36,0x33,0x32,
  0x16,0x15,0x14,0x06,0x07,0x22,0x26,0x35,0x34,0x36,0x33,0x32,
  0x16,0x15,0x14,0x06,0x07,0x22,0x26,0x35,0x34,0x36,0x37,0x17,
  0x06,0x06,0x15,0x14,0x16,0x33,0x32,0x36,0x37,0x26,0x26,0x35,
  0x34,0x36,0x33,0x32,0x16,0x15,0x14,0x06,0x07,0x33,0x32,0x36,
  0x37,0x36,0x37,0x06,0x23,0x22,0x26,0x35,0x34,0x36,0x33,0x32,
  0x16,0x15,0x14,0x06,0x07,0x0e,0x02,0x23,0x22,0x26,0x27,0x06,
  0x06,0x37,0x32,0x37,0x35,0x34,0x26,0x23,0x22,0x06,0x15,0x14,
  0x07,0x36,0x35,0x34,0x26,0x23,0x22,0x06,0x15,0x14,0x01,0x91,
  0x08,0x0d,0x0d,0x08,0x09,0x0c,0x0c,0x2b,0x08,0x0c,0x0c,0x08,
  0x09,0x0c,0x0c,0xb4,0x08,0x0d,0x0d,0x09,0x09,0x0c,0x0c,0x8f,
  0x51,0x3a,0x07,0x04,0x2c,0x02,0x05,0x25,0x3d,0x1d,0x23,0x0f,
  0x08,0x0d,0x26,0x1e,0x20,0x21,0x0d,0x0b,0x20,0x14,0x26,0x0b,
  0x0f,0x06,0x0a,0x0e,0x21,0x1b,0x26,0x1e,0x22,0x1f,0x0f,0x16,
  0x0c,0x26,0x24,0x0b,0x18,0x26,0x12,0x03,0x3c,0xd4,0x07,0x08,
  0x09,0x09,0x09,0x08,0x83,0x14,0x07,0x0a,0x0a,0x09,0x05,0x0d,
  0x0c,0x09,0x08,0x0d,0x0d,0x08,0x08,0x0d,0x0c,0x09,0x08,0x0d,
  0x0d,0x08,0x08,0x0d,0x27,0x0c,0x0a,0x09,0x0d,0x0e,0x08,0x08,
  0x0e,0xb6,0x21,0x25,0x0f,0x1f,0x0d,0x08,0x07,0x13,0x0a,0x14,
  0x10,0x03,0x02,0x07,0x1a,0x10,0x1d,0x24,0x25,0x19,0x0e,0x1f,
  0x07,0x02,0x04,0x05,0x0d,0x03,0x1c,0x17,0x1f,0x30,0x3a,0x22,
  0x16,0x3a,0x0d,0x07,0x06,0x02,0x06,0x04,0x01,0x0e,0x73,0x04,
  0x05,0x0f,0x14,0x14,0x08,0x10,0x2d,0x0c,0x14,0x06,0x0d,0x0d,
  0x08,0x11,0x00,0x05,0x00,0x0a,0x04,0x30,0x02,0xa0,0x05,0x30,
  0x00,0x6e,0x00,0x7a,0x00,0x85,0x00,0x91,0x00,0x9c,0x00,0x00,
  0x13,0x22,0x26,0x26,0x27,0x26,0x23,0x22,0x06,0x15,0x14,0x16,
  0x17,0x07,0x26,0x26,0x35,0x34,0x36,0x33,0x32,0x16,0x17,0x16,
  0x16,0x33,0x32,0x36,0x37,0x17,0x06,0x16,0x33,0x32,0x36,0x35,
  0x34,0x2e,0x02,0x35,0x34,0x36,0x37,0x3e,0x03,0x37,0x17,0x06,
  0x07,0x16,0x16,0x17,0x16,0x16,0x33,0x32,0x36,0x37,0x17,0x06,
  0x06,0x15,0x14,0x33,0x32,0x36,0x36,0x37,0x17,0x06,0x06,0x15,
  0x14,0x16,0x33,0x32,0x36,0x35,0x34,0x26,0x27,0x37,0x16,0x16,
  0x15,0x14,0x06,0x23,0x22,0x27,0x06,0x06,0x23,0x22,0x26,0x27,
  0x06,0x23,0x22,0x27,0x06,0x06,0x23,0x22,0x26,0x27,0x06,0x06,
  0x27,0x22,0x26,0x35,0x34,0x36,0x33,0x32,0x16,0x15,0x14,0x06,
  0x33,0x22,0x35,0x34,0x36,0x33,0x32,0x16,0x15,0x14,0x06,0x17,
  0x22,0x26,0x35,0x34,0x36,0x33,0x32,0x16,0x15,0x14,0x06,0x33,
  0x22,0x35,0x34,0x36,0x33,0x32,0x16,0x15,0x14,0x06,0xa6,0x19,
  0x1b,0x10,0x0a,0x03,0x08,0x04,0x0c,0x05,0x03,0x2f,0x04,0x08,
  0x31,0x1b,0x09,0x1a,0x04,0x0b,0x0d,0x15,0x14,0x0d,0x07,0x31,
  0x0a,0x13,0x1d,0x14,0x1c,0x13,0x18,0x13,0x04,0x03,0x05,0x1f,
  0x28,0x24,0x09,0x14,0x3e,0x1f,0x08,0x1a,0x1e,0x0c,0x11,0x07,
  0x0a,0x08,0x09,0x30,0x04,0x05,0x15,0x08,0x07,0x05,0x05,0x2e,
  0x01,0x05,0x03,0x0c,0x0a,0x08,0x08,0x07,0x2f,0x06,0x0b,0x1c,
  0x26,0x21,0x09,0x07,0x15,0x10,0x0a,0x18,0x05,0x0d,0x20,0x22,
  0x1a,0x0b,0x21,0x23,0x23,0x1d,0x06,0x08,0x1f,0x90,0x08,0x0c,
  0x0c,0x08,0x09,0x0c,0x0c,0x26,0x13,0x0b,0x08,0x09,0x0c,0x0c,
  0x64,0x08,0x0c,0x0c,0x08,0x09,0x0c,0x0c,0x26,0x13,0x0b,0x08,
  0x09,0x0c,0x0c,0x04,0x30,0x0a,0x19,0x16,0x08,0x07,0x0a,0x06,
  0x0f,0x08,0x0e,0x0a,0x1d,0x0d,0x20,0x24,0x07,0x0c,0x1e,0x1a,
  0x1c,0x27,0x09,0x28,0x12,0x06,0x0a,0x06,0x1b,0x20,0x1c,0x07,
  0x03,0x14,0x04,0x06,0x12,0x13,0x10,0x04,0x2d,0x1a,0x12,0x0c,
  0x25,0x29,0x10,0x0b,0x18,0x28,0x07,0x0d,0x17,0x07,0x0e,0x07,
  0x1c,0x1e,0x04,0x09,0x1b,0x08,0x06,0x0b,0x0a,0x0e,0x0f,0x1f,
  0x12,0x0e,0x11,0x33,0x14,0x1a,0x26,0x13,0x0b,0x08,0x07,0x0e,
  0x15,0x1a,0x10,0x0a,0x08,0x0d,0x0d,0x08,0x92,0x0c,0x09,0x08,
  0x0d,0x0d,0x08,0x08,0x0d,0x15,0x08,0x0d,0x0d,0x08,0x08,0x0d,
  0x04,0x0c,0x09,0x08,0x0d,0x0d,0x08,0x08,0x0d,0x15,0x08,0x0d,
  0x0d,0x08,0x08,0x0d,0x00,0x0a,0x00,0x0a,0x04,0x30,0x02,0x79,
  0x05,0x81,0x00,0x0b,0x00,0x17,0x00,0x23,0x00,0x69,0x00,0x75,
  0x00,0x80,0x00,0x8b,0x00,0x9e,0x00,0xa8,0x00,0xb3,0x00,0x00,
  0x01,0x22,0x26,0x35,0x34,0x36,0x33,0x32,0x16,0x15,0x14,0x06,
  0x33,0x22,0x26,0x35,0x34,0x36,0x33,0x32,0x16,0x15,0x14,0x06,
  0x07,0x22,0x26,0x35,0x34,0x36,0x33,0x32,0x16,0x15,0x14,0x06,
  0x07,0x22,0x26,0x26,0x27,0x26,0x23,0x22,0x06,0x15,0x14,0x16,
  0x17,0x07,0x26,0x26,0x35,0x34,0x36,0x33,0x32,0x16,0x17,0x16,
  0x16,0x33,0x32,0x36,0x37,0x26,0x26,0x35,0x34,0x36,0x33,0x32,
  0x16,0x15,0x14,0x07,0x16,0x33,0x32,0x36,0x37,0x36,0x36,0x37,
  0x06,0x23,0x22,0x26,0x35,0x34,0x36,0x33,0x32,0x16,0x15,0x14,
  0x06,0x07,0x0e,0x02,0x23,0x22,0x26,0x27,0x06,0x27,0x22,0x26,
  0x35,0x34,0x36,0x33,0x32,0x16,0x15,0x14,0x06,0x33,0x22,0x35,
  0x34,0x36,0x33,0x32,0x16,0x15,0x14,0x06,0x05,0x32,0x37,0x35,
  0x34,0x26,0x23,0x22,0x06,0x15,0x14,0x17,0x27,0x36,0x36,0x37,
  0x06,0x23,0x22,0x26,0x35,0x34,0x36,0x33,0x32,0x16,0x15,0x14,
  0x06,0x23,0x27,0x36,0x35,0x34,0x23,0x22,0x06,0x15,0x14,0x16,
  0x05,0x14,0x16,0x33,0x32,0x37,0x34,0x26,0x23,0x22,0x06,0x01,
  0x83,0x08,0x0d,0x0d,0x08,0x09,0x0c,0x0c,0x2b,0x08,0x0c,0x0c,
  0x08,0x09,0x0c,0x0c,0xbf,0x08,0x0d,0x0d,0x08,0x09,0x0c,0x0c,
  0x65,0x1a,0x1a,0x0f,0x0a,0x03,0x08,0x04,0x0c,0x06,0x03,0x2f,
  0x04,0x09,0x32,0x19,0x0b,0x15,0x04,0x0c,0x14,0x16,0x08,0x16,
  0x0b,0x0a,0x12,0x29,0x1b,0x1d,0x24,0x1d,0x1b,0x19,0x15,0x21,
  0x0c,0x05,0x0c,0x04,0x0a,0x0e,0x21,0x1b,0x26,0x1e,0x22,0x1f,
  0x0f,0x16,0x0c,0x26,0x24,0x0b,0x26,0x2f,0x0e,0x22,0xa2,0x08,
  0x0c,0x0c,0x08,0x09,0x0c,0x0c,0x26,0x13,0x0b,0x08,0x09,0x0c,
  0x0c,0x01,0x34,0x07,0x08,0x09,0x09,0x09,0x08,0x67,0x03,0x1f,
  0x2c,0x09,0x0a,0x0a,0x1d,0x1f,0x29,0x1c,0x1f,0x22,0x3e,0x41,
  0xfe,0x14,0x11,0x07,0x0c,0x0c,0x01,0x2a,0x08,0x0e,0x08,0x09,
  0x09,0x0b,0x09,0x0a,0x05,0x57,0x0c,0x09,0x08,0x0d,0x0d,0x08,
  0x08,0x0d,0x0c,0x09,0x08,0x0d,0x0d,0x08,0x08,0x0d,0x1a,0x0c,
  0x09,0x08,0x0d,0x0d,0x08,0x08,0x0d,0xbe,0x0b,0x19,0x15,0x08,
  0x07,0x09,0x06,0x13,0x06,0x0e,0x09,0x1d,0x0f,0x23,0x21,0x08,
  0x0b,0x1f,0x19,0x02,0x02,0x08,0x1b,0x14,0x1e,0x23,0x23,0x1a,
  0x22,0x1b,0x03,0x02,0x04,0x02,0x07,0x09,0x03,0x1c,0x17,0x1f,
  0x30,0x3a,0x22,0x16,0x3a,0x0d,0x07,0x06,0x02,0x0a,0x05,0x0f,
  0x92,0x0c,0x09,0x08,0x0d,0x0d,0x08,0x08,0x0d,0x15,0x08,0x0d,
  0x0d,0x08,0x08,0x0d,0x24,0x04,0x05,0x0f,0x14,0x14,0x08,0x10,
  0xbd,0x2b,0x01,0x0e,0x15,0x01,0x1b,0x16,0x23,0x2e,0x37,0x24,
  0x34,0x41,0x9a,0x0d,0x13,0x13,0x0a,0x0b,0x0b,0x0f,0x17,0x09,
  0x0a,0x02,0x13,0x1a,0x13,0x00,0x00,0x02,0x00,0x14,0x04,0x30,
  0x01,0xb0,0x05,0x41,0x00,0x39,0x00,0x40,0x00,0x00,0x13,0x22,
  0x35,0x34,0x36,0x36,0x37,0x36,0x36,0x27,0x27,0x33,0x17,0x16,
  0x16,0x33,0x32,0x36,0x37,0x17,0x06,0x15,0x14,0x17,0x36,0x36,
  0x33,0x32,0x16,0x15,0x14,0x06,0x23,0x22,0x26,0x26,0x27,0x06,
  0x06,0x23,0x22,0x26,0x27,0x06,0x06,0x07,0x06,0x06,0x15,0x14,
  0x16,0x33,0x32,0x36,0x37,0x07,0x06,0x06,0x37,0x22,0x06,0x07,
  0x36,0x35,0x34,0x76,0x62,0x1d,0x28,0x10,0x0b,0x12,0x01,0x05,
  0x2e,0x05,0x01,0x0d,0x06,0x0e,0x0b,0x06,0x25,0x05,0x11,0x12,
  0x30,0x1f,0x1a,0x1e,0x3f,0x27,0x0f,0x26,0x1f,0x05,0x08,0x19,
  0x0a,0x0f,0x16,0x04,0x06,0x14,0x0f,0x12,0x1a,0x16,0x1f,0x14,
  0x28,0x0a,0x02,0x0a,0x2a,0xe7,0x0e,0x19,0x09,0x3d,0x04,0x30,
  0x3a,0x18,0x17,0x0a,0x01,0x01,0x07,0x0f,0x86,0x84,0x0e,0x09,
  0x1b,0x18,0x06,0x14,0x07,0x0e,0x05,0x23,0x31,0x22,0x19,0x27,
  0x24,0x02,0x0b,0x0e,0x10,0x08,0x0a,0x0b,0x0a,0x09,0x02,0x02,
  0x02,0x08,0x05,0x09,0x04,0x02,0x2b,0x02,0x05,0x97,0x18,0x0e,
  0x01,0x19,0x0c,0x00,0x00,0x04,0x00,0x14,0x04,0x30,0x01,0x36,
  0x05,0x5c,0x00,0x0b,0x00,0x17,0x00,0x4a,0x00,0x54,0x00,0x00,
  0x13,0x22,0x26,0x35,0x34,0x36,0x33,0x32,0x16,0x15,0x14,0x06,
  0x33,0x22,0x26,0x35,0x34,0x36,0x33,0x32,0x16,0x15,0x14,0x06,
  0x03,0x22,0x35,0x34,0x36,0x36,0x37,0x36,0x36,0x27,0x27,0x33,
  0x17,0x16,0x16,0x33,0x32,0x36,0x37,0x06,0x23,0x22,0x26,0x35,
  0x34,0x36,0x33,0x32,0x16,0x15,0x14,0x06,0x23,0x22,0x26,0x27,
  0x06,0x06,0x07,0x06,0x06,0x15,0x14,0x16,0x33,0x32,0x36,0x37,
  0x07,0x06,0x06,0x37,0x14,0x33,0x32,0x37,0x34,0x26,0x23,0x22,
  0x06,0xe6,0x08,0x0c,0x0c,0x08,0x08,0x0d,0x0d,0x2b,0x08,0x0c,
  0x0c,0x08,0x08,0x0c,0x0c,0xab,0x62,0x1d,0x28,0x10,0x0b,0x12,
  0x01,0x05,0x2e,0x05,0x01,0x0d,0x06,0x1f,0x1e,0x05,0x09,0x0a,
  0x10,0x1d,0x1e,0x19,0x1b,0x1b,0x35,0x3b,0x0f,0x16,0x04,0x06,
  0x14,0x0f,0x12,0x1a,0x16,0x1f,0x14,0x28,0x0a,0x02,0x0a,0x2a,
  0x63,0x0e,0x09,0x06,0x07,0x07,0x05,0x0a,0x05,0x32,0x0d,0x08,
  0x08,0x0d,0x0d,0x08,0x08,0x0d,0x0d,0x08,0x08,0x0d,0x0b,0x0a,
  0x08,0x0d,0xfe,0xfe,0x3a,0x18,0x17,0x0a,0x01,0x01,0x06,0x10,
  0x86,0x84,0x0f,0x08,0x04,0x0f,0x03,0x13,0x19,0x17,0x2d,0x32,
  0x23,0x38,0x23,0x0a,0x0b,0x0a,0x09,0x02,0x02,0x02,0x08,0x05,
  0x09,0x04,0x02,0x2b,0x02,0x05,0xb7,0x0d,0x02,0x0d,0x13,0x0c,
  0x00,0x02,0x00,0x00,0x04,0x30,0x01,0x81,0x05,0x8f,0x00,0x1f,
  0x00,0x23,0x00,0x00,0x13,0x22,0x26,0x35,0x34,0x36,0x36,0x37,
  0x36,0x36,0x27,0x27,0x33,0x17,0x16,0x06,0x07,0x06,0x06,0x07,
  0x06,0x06,0x15,0x14,0x16,0x33,0x32,0x36,0x37,0x07,0x06,0x06,
  0x27,0x27,0x33,0x17,0xc1,0x61,0x60,0x24,0x38,0x1d,0x11,0x08,
  0x01,0x06,0x31,0x07,0x02,0x05,0x08,0x0c,0x2f,0x1e,0x1b,0x0c,
  0x3d,0x4e,0x47,0x66,0x11,0x05,0x15,0x69,0x10,0x0a,0x31,0x0a,
  0x04,0x30,0x2f,0x28,0x1f,0x1d,0x0d,0x06,0x05,0x0a,0x0e,0x9c,
  0x97,0x14,0x1d,0x09,0x0c,0x09,0x05,0x06,0x0e,0x06,0x0f,0x18,
  0x11,0x04,0x32,0x06,0x10,0x6e,0xf1,0xf1,0x00,0x01,0x00,0x83,
  0x00,0x85,0x00,0xec,0x00,0xee,0x00,0x07,0x00,0x00,0x37,0x26,
  0x26,0x27,0x37,0x16,0x16,0x17,0xbd,0x11,0x18,0x11,0x2e,0x11,
  0x1f,0x0b,0x85,0x12,0x18,0x0e,0x31,0x0d,0x1f,0x0e,0x00,0x01,
  0x00,0x81,0xff,0xfd,0x00,0xed,0x01,0xb4,0x00,0x0d,0x00,0x00,
  0x37,0x07,0x34,0x2e,0x03,0x27,0x37,0x1e,0x04,0xed,0x34,0x05,
  0x09,0x0d,0x12,0x0b,0x32,0x0c,0x13,0x0e,0x09,0x04,0x04,0x07,
  0x09,0x47,0x65,0x6f,0x64,0x21,0x0e,0x25,0x62,0x69,0x62,0x4c,
  0x00,0x01,0x00,0x35,0xff,0xfd,0x01,0x39,0x01,0xb4,0x00,0x19,
  0x00,0x00,0x37,0x07,0x34,0x2e,0x03,0x27,0x37,0x16,0x17,0x16,
  0x33,0x32,0x36,0x36,0x37,0x17,0x06,0x06,0x23,0x22,0x27,0x1e,
  0x02,0xa2,0x35,0x04,0x09,0x0e,0x12,0x0b,0x33,0x0a,0x08,0x1e,
  0x22,0x15,0x22,0x18,0x04,0x2c,0x05,0x46,0x32,0x1e,0x19,0x0a,
  0x0c,0x06,0x04,0x07,0x09,0x47,0x65,0x6f,0x64,0x21,0x0e,0x1e,
  0x2a,0x0b,0x09,0x22,0x26,0x08,0x49,0x34,0x08,0x3d,0x7c,0x62,
  0x00,0x01,0x00,0x16,0xff,0xfd,0x01,0x58,0x01,0xb5,0x00,0x2d,
  0x00,0x00,0x37,0x07,0x34,0x2e,0x03,0x27,0x37,0x16,0x17,0x17,
  0x16,0x16,0x33,0x32,0x36,0x37,0x17,0x06,0x06,0x15,0x14,0x33,
  0x32,0x36,0x35,0x34,0x26,0x27,0x37,0x16,0x16,0x15,0x14,0x06,
  0x23,0x22,0x27,0x06,0x23,0x22,0x27,0x1e,0x02,0x83,0x34,0x05,
  0x09,0x0e,0x11,0x0c,0x33,0x0a,0x08,0x04,0x05,0x1b,0x09,0x11,
  0x19,0x06,0x2d,0x02,0x07,0x25,0x16,0x11,0x0c,0x06,0x2c,0x0c,
  0x0a,0x2f,0x28,0x2a,0x10,0x14,0x23,0x17,0x0f,0x08,0x0b,0x06,
  0x04,0x07,0x09,0x47,0x65,0x6f,0x64,0x21,0x0e,0x1d,0x28,0x10,
  0x10,0x0c,0x26,0x3a,0x06,0x11,0x27,0x06,0x19,0x14,0x0e,0x0f,
  0x22,0x0c,0x10,0x19,0x2c,0x0f,0x24,0x29,0x19,0x1c,0x0c,0x3a,
  0x72,0x59,0x00,0x01,0x00,0x33,0xff,0xfd,0x01,0x3c,0x01,0xb4,
  0x00,0x20,0x00,0x00,0x25,0x17,0x06,0x06,0x23,0x22,0x26,0x35,
  0x34,0x36,0x37,0x26,0x26,0x35,0x34,0x36,0x37,0x17,0x06,0x06,
  0x15,0x14,0x16,0x37,0x17,0x06,0x06,0x15,0x14,0x16,0x33,0x32,
  0x36,0x01,0x2d,0x0f,0x1b,0x39,0x29,0x42,0x4a,0x1c,0x2a,0x1d,
  0x28,0x4c,0x51,0x12,0x40,0x3b,0x3c,0x30,0x04,0x45,0x2b,0x35,
  0x28,0x20,0x38,0x44,0x2c,0x0e,0x0d,0x34,0x2d,0x16,0x3c,0x21,
  0x06,0x26,0x1e,0x28,0x58,0x19,0x31,0x15,0x36,0x1a,0x12,0x15,
  0x0a,0x2e,0x24,0x3a,0x14,0x1c,0x16,0x0f,0x00,0x02,0x00,0x36,
  0xff,0xfd,0x01,0x38,0x01,0x4a,0x00,0x0f,0x00,0x1f,0x00,0x00,
  0x17,0x22,0x26,0x26,0x35,0x34,0x36,0x36,0x33,0x32,0x16,0x16,
  0x15,0x14,0x06,0x06,0x27,0x32,0x36,0x36,0x35,0x34,0x26,0x26,
  0x23,0x22,0x06,0x06,0x15,0x14,0x16,0x16,0xb7,0x32,0x38,0x17,
  0x21,0x3a,0x26,0x26,0x3a,0x21,0x17,0x38,0x32,0x21,0x21,0x0b,
  0x11,0x22,0x1a,0x1a,0x22,0x11,0x0b,0x21,0x03,0x28,0x45,0x2b,
  0x31,0x52,0x32,0x32,0x52,0x31,0x2b,0x45,0x28,0x34,0x1b,0x2a,
  0x16,0x23,0x3f,0x27,0x27,0x3f,0x23,0x16,0x2a,0x1b,0x00,0x01,
  0x00,0x2f,0xff,0xfd,0x01,0x3f,0x01,0xb4,0x00,0x13,0x00,0x00,
  0x05,0x2e,0x02,0x27,0x06,0x26,0x27,0x37,0x16,0x16,0x32,0x36,
  0x37,0x14,0x1e,0x03,0x17,0x01,0x0d,0x04,0x13,0x11,0x01,0x2e,
  0x65,0x22,0x0a,0x18,0x3e,0x3f,0x35,0x0f,0x07,0x0b,0x0c,0x0b,
  0x04,0x03,0x18,0x6f,0x98,0x54,0x05,0x07,0x12,0x30,0x09,0x09,
  0x05,0x04,0x25,0x5f,0x67,0x60,0x4a,0x13,0x00,0x01,0x00,0x0b,
  0xff,0xfc,0x01,0x63,0x01,0xba,0x00,0x12,0x00,0x00,0x17,0x2e,
  0x02,0x27,0x37,0x16,0x16,0x17,0x3e,0x02,0x37,0x17,0x0e,0x03,
  0x07,0x9c,0x10,0x2f,0x36,0x1c,0x33,0x21,0x43,0x14,0x10,0x2a,
  0x2d,0x14,0x32,0x15,0x2d,0x2b,0x20,0x09,0x04,0x3c,0x96,0x99,
  0x3f,0x14,0x50,0xb3,0x51,0x38,0x79,0x73,0x2d,0x14,0x2f,0x6f,
  0x72,0x67,0x27,0x00,0x00,0x01,0x00,0x0b,0xff,0xf6,0x01,0x63,
  0x01,0xb4,0x00,0x12,0x00,0x00,0x13,0x1e,0x02,0x17,0x07,0x26,
  0x26,0x27,0x0e,0x02,0x07,0x27,0x3e,0x03,0x37,0xd3,0x0f,0x2f,
  0x36,0x1c,0x33,0x21,0x43,0x14,0x10,0x2a,0x2d,0x14,0x32,0x15,
  0x2d,0x2b,0x20,0x09,0x01,0xb4,0x3c,0x96,0x99,0x3f,0x14,0x50,
  0xb3,0x51,0x38,0x79,0x73,0x2d,0x14,0x2f,0x6f,0x72,0x67,0x27,
  0x00,0x02,0x00,0x38,0xff,0xfd,0x01,0x36,0x01,0xb3,0x00,0x13,
  0x00,0x1e,0x00,0x00,0x05,0x26,0x26,0x27,0x06,0x23,0x22,0x26,
  0x35,0x34,0x36,0x36,0x33,0x32,0x16,0x16,0x17,0x16,0x16,0x17,
  0x03,0x14,0x16,0x33,0x32,0x37,0x26,0x26,0x23,0x22,0x06,0x01,
  0x06,0x0d,0x0e,0x04,0x1f,0x1d,0x32,0x41,0x1c,0x34,0x22,0x2b,
  0x2c,0x11,0x04,0x05,0x0d,0x0e,0xce,0x2b,0x20,0x17,0x18,0x06,
  0x1a,0x1f,0x1b,0x20,0x03,0x38,0x6f,0x32,0x09,0x35,0x31,0x20,
  0x3a,0x26,0x36,0x56,0x31,0x3b,0x82,0x34,0x01,0x36,0x1e,0x1e,
  0x07,0x39,0x40,0x2d,0x00,0x01,0x00,0x34,0x00,0x00,0x01,0x3b,
  0x01,0xb2,0x00,0x2b,0x00,0x00,0x33,0x27,0x34,0x2e,0x03,0x27,
  0x37,0x16,0x16,0x17,0x16,0x17,0x26,0x26,0x35,0x34,0x36,0x33,
  0x32,0x17,0x07,0x26,0x26,0x23,0x22,0x15,0x14,0x16,0x17,0x36,
  0x36,0x37,0x17,0x06,0x06,0x23,0x22,0x26,0x27,0x1e,0x02,0x9d,
  0x30,0x05,0x09,0x0e,0x12,0x0b,0x33,0x08,0x0c,0x06,0x15,0x22,
  0x0a,0x0b,0x2c,0x26,0x16,0x13,0x05,0x08,0x10,0x09,0x25,0x14,
  0x0d,0x12,0x1b,0x10,0x0a,0x1c,0x38,0x24,0x0c,0x20,0x0f,0x08,
  0x09,0x04,0x03,0x0c,0x43,0x5d,0x68,0x65,0x28,0x0e,0x1b,0x3b,
  0x1f,0x04,0x01,0x0b,0x19,0x0f,0x1e,0x29,0x06,0x30,0x02,0x03,
  0x17,0x0d,0x18,0x08,0x04,0x0b,0x07,0x2b,0x0f,0x0d,0x01,0x01,
  0x37,0x6a,0x54,0x00,0x00,0x01,0x00,0x2d,0x00,0x00,0x01,0x41,
  0x01,0xb5,0x00,0x21,0x00,0x00,0x33,0x26,0x26,0x27,0x26,0x26,
  0x35,0x34,0x36,0x36,0x33,0x32,0x16,0x17,0x36,0x36,0x37,0x17,
  0x06,0x06,0x07,0x07,0x26,0x26,0x23,0x22,0x06,0x15,0x14,0x16,
  0x17,0x16,0x16,0x15,0x6b,0x03,0x17,0x09,0x07,0x14,0x1d,0x2e,
  0x19,0x1e,0x33,0x10,0x07,0x13,0x09,0x2c,0x16,0x1c,0x0b,0x24,
  0x0c,0x28,0x1d,0x13,0x1a,0x10,0x08,0x09,0x15,0x3f,0x53,0x26,
  0x1d,0x52,0x20,0x1f,0x31,0x1c,0x27,0x25,0x1a,0x28,0x0c,0x15,
  0x24,0x4c,0x2f,0x05,0x3a,0x45,0x1e,0x1a,0x1a,0x41,0x24,0x2e,
  0x57,0x39,0x00,0x02,0x00,0x33,0x00,0x00,0x01,0x3c,0x01,0xb3,
  0x00,0x15,0x00,0x2b,0x00,0x00,0x33,0x22,0x26,0x35,0x34,0x36,
  0x36,0x37,0x26,0x27,0x37,0x16,0x16,0x15,0x14,0x06,0x23,0x22,
  0x26,0x27,0x06,0x06,0x37,0x14,0x16,0x33,0x32,0x36,0x35,0x34,
  0x26,0x27,0x0e,0x02,0x15,0x14,0x16,0x33,0x32,0x36,0x35,0x35,
  0x37,0x82,0x23,0x2c,0x23,0x33,0x18,0x0d,0x0f,0x2a,0x4c,0x41,
  0x2b,0x2a,0x12,0x1a,0x07,0x06,0x19,0x33,0x0b,0x10,0x10,0x19,
  0x24,0x2c,0x16,0x2a,0x1c,0x12,0x14,0x12,0x09,0x27,0x34,0x3b,
  0x30,0x62,0x54,0x1d,0x10,0x10,0x21,0x53,0xac,0x45,0x2b,0x44,
  0x0f,0x0a,0x0a,0x0f,0x5a,0x14,0x15,0x17,0x25,0x2e,0x72,0x40,
  0x1c,0x4b,0x50,0x25,0x21,0x1f,0x16,0x0f,0x09,0x03,0x00,0x01,
  0x00,0x41,0xff,0xff,0x01,0x2d,0x01,0xb2,0x00,0x1c,0x00,0x00,
  0x17,0x27,0x36,0x36,0x37,0x26,0x26,0x35,0x34,0x36,0x33,0x32,
  0x16,0x17,0x07,0x26,0x23,0x22,0x06,0x06,0x15,0x14,0x16,0x17,
  0x36,0x37,0x17,0x06,0x06,0x6f,0x2e,0x1a,0x38,0x22,0x22,0x39,
  0x41,0x37,0x10,0x1e,0x0e,0x08,0x1c,0x18,0x1b,0x1d,0x0b,0x2e,
  0x1d,0x1b,0x21,0x17,0x44,0x5d,0x01,0x12,0x3b,0x5b,0x24,0x0d,
  0x3c,0x2f,0x2f,0x40,0x06,0x04,0x30,0x08,0x15,0x1e,0x0c,0x1d,
  0x2d,0x0b,0x17,0x13,0x29,0x2e,0x81,0x00,0x00,0x01,0x00,0x3b,
  0x00,0x00,0x01,0x34,0x01,0xb5,0x00,0x15,0x00,0x00,0x37,0x34,
  0x36,0x36,0x37,0x17,0x0e,0x02,0x07,0x16,0x16,0x33,0x32,0x36,
  0x37,0x15,0x06,0x06,0x23,0x22,0x26,0x3b,0x33,0x53,0x2f,0x2a,
  0x2b,0x4a,0x30,0x04,0x15,0x2e,0x18,0x1e,0x37,0x13,0x15,0x38,
  0x1e,0x25,0x4b,0x0c,0x43,0x90,0x91,0x45,0x1b,0x3c,0x83,0x79,
  0x2d,0x03,0x02,0x04,0x02,0x2e,0x04,0x04,0x06,0x00,0x00,0x01,
  0x00,0x68,0x00,0x6a,0x00,0xbd,0x00,0xbe,0x00,0x07,0x00,0x00,
  0x37,0x26,0x26,0x27,0x37,0x16,0x16,0x17,0x97,0x0d,0x14,0x0e,
  0x25,0x0e,0x19,0x09,0x6a,0x0f,0x13,0x0c,0x26,0x0a,0x19,0x0b,
  0x00,0x01,0x00,0x67,0xff,0xfe,0x00,0xbe,0x01,0x5d,0x00,0x0c,
  0x00,0x00,0x37,0x07,0x34,0x2e,0x03,0x27,0x37,0x1e,0x03,0xbe,
  0x2a,0x04,0x07,0x0b,0x0e,0x09,0x28,0x0d,0x11,0x0b,0x06,0x03,
  0x05,0x07,0x39,0x51,0x58,0x50,0x1a,0x0c,0x25,0x67,0x68,0x53,
  0x00,0x01,0x00,0x2a,0xff,0xfe,0x00,0xfa,0x01,0x5d,0x00,0x19,
  0x00,0x00,0x37,0x07,0x34,0x2e,0x03,0x27,0x37,0x16,0x17,0x16,
  0x33,0x32,0x36,0x36,0x37,0x17,0x06,0x06,0x23,0x22,0x27,0x1e,
  0x02,0x82,0x2a,0x04,0x07,0x0b,0x0f,0x09,0x29,0x08,0x07,0x17,
  0x1b,0x11,0x1c,0x13,0x04,0x22,0x04,0x38,0x27,0x18,0x15,0x08,
  0x0a,0x05,0x03,0x05,0x07,0x39,0x51,0x58,0x50,0x1a,0x0c,0x18,
  0x22,0x08,0x06,0x1c,0x1e,0x07,0x3a,0x29,0x06,0x30,0x64,0x4e,
  0x00,0x01,0x00,0x12,0xff,0xfe,0x01,0x13,0x01,0x5e,0x00,0x2d,
  0x00,0x00,0x37,0x07,0x34,0x2e,0x03,0x27,0x37,0x16,0x17,0x17,
  0x16,0x16,0x33,0x32,0x36,0x37,0x17,0x06,0x06,0x15,0x14,0x33,
  0x32,0x36,0x35,0x34,0x26,0x27,0x37,0x16,0x16,0x15,0x14,0x06,
  0x23,0x22,0x27,0x06,0x23,0x22,0x27,0x1e,0x02,0x69,0x2a,0x04,
  0x07,0x0b,0x0e,0x09,0x28,0x08,0x07,0x03,0x04,0x16,0x07,0x0d,
  0x14,0x05,0x24,0x02,0x05,0x1d,0x12,0x0e,0x0a,0x04,0x23,0x09,
  0x08,0x25,0x21,0x21,0x0d,0x10,0x1c,0x12,0x0c,0x06,0x09,0x05,
  0x03,0x05,0x07,0x39,0x51,0x58,0x50,0x1a,0x0c,0x17,0x21,0x0c,
  0x0d,0x09,0x1e,0x2e,0x04,0x0e,0x1f,0x05,0x14,0x10,0x0b,0x0c,
  0x1b,0x0a,0x0d,0x15,0x22,0x0c,0x1d,0x21,0x14,0x16,0x09,0x2e,
  0x5b,0x47,0x00,0x01,0x00,0x29,0xff,0xfd,0x00,0xfc,0x01,0x5d,
  0x00,0x20,0x00,0x00,0x37,0x17,0x06,0x06,0x23,0x22,0x26,0x35,
  0x34,0x36,0x37,0x26,0x26,0x35,0x34,0x36,0x37,0x17,0x06,0x06,
  0x15,0x14,0x16,0x37,0x17,0x06,0x06,0x15,0x14,0x16,0x33,0x32,
  0x36,0xf1,0x0b,0x15,0x2d,0x21,0x35,0x3b,0x16,0x22,0x18,0x20,
  0x3d,0x41,0x0e,0x32,0x30,0x30,0x26,0x04,0x37,0x23,0x2b,0x20,
  0x19,0x2d,0x37,0x24,0x0b,0x0b,0x2a,0x24,0x12,0x30,0x1a,0x05,
  0x1e,0x18,0x21,0x45,0x15,0x27,0x12,0x2a,0x15,0x0f,0x11,0x09,
  0x25,0x1d,0x2e,0x11,0x16,0x12,0x0c,0x00,0x00,0x02,0x00,0x2c,
  0xff,0xfd,0x00,0xf9,0x01,0x08,0x00,0x0d,0x00,0x1b,0x00,0x00,
  0x17,0x22,0x26,0x35,0x34,0x36,0x36,0x33,0x32,0x16,0x16,0x15,
  0x14,0x06,0x27,0x32,0x36,0x36,0x35,0x34,0x26,0x23,0x22,0x06,
  0x15,0x14,0x16,0x16,0x92,0x3b,0x2b,0x19,0x2f,0x1e,0x1f,0x2e,
  0x1a,0x2b,0x3c,0x1b,0x1b,0x08,0x1e,0x20,0x1f,0x1f,0x09,0x1b,
  0x03,0x47,0x33,0x27,0x42,0x28,0x28,0x42,0x27,0x33,0x47,0x2a,
  0x16,0x22,0x11,0x2a,0x44,0x44,0x2a,0x11,0x22,0x16,0x00,0x01,
  0x00,0x26,0xff,0xfd,0x00,0xff,0x01,0x5d,0x00,0x11,0x00,0x00,
  0x17,0x2e,0x02,0x27,0x06,0x26,0x27,0x37,0x16,0x16,0x36,0x37,
  0x14,0x1e,0x02,0x17,0xd7,0x03,0x0f,0x0e,0x01,0x25,0x50,0x1b,
  0x08,0x19,0x45,0x3f,0x10,0x08,0x0c,0x0c,0x04,0x03,0x14,0x59,
  0x79,0x44,0x05,0x06,0x0e,0x27,0x0a,0x06,0x04,0x05,0x25,0x64,
  0x66,0x52,0x12,0x00,0x00,0x01,0x00,0x09,0xff,0xfd,0x01,0x1c,
  0x01,0x62,0x00,0x12,0x00,0x00,0x17,0x2e,0x02,0x27,0x37,0x16,
  0x16,0x17,0x3e,0x02,0x37,0x17,0x0e,0x03,0x07,0x7c,0x0c,0x25,
  0x2c,0x16,0x29,0x1a,0x36,0x10,0x0c,0x22,0x24,0x10,0x28,0x11,
  0x24,0x22,0x1a,0x07,0x03,0x30,0x78,0x7a,0x33,0x10,0x40,0x90,
  0x41,0x2d,0x61,0x5c,0x24,0x10,0x25,0x59,0x5b,0x53,0x1f,0x00,
  0x00,0x01,0x00,0x09,0xff,0xf8,0x01,0x1c,0x01,0x5d,0x00,0x12,
  0x00,0x00,0x13,0x1e,0x02,0x17,0x07,0x26,0x26,0x27,0x0e,0x02,
  0x07,0x27,0x3e,0x03,0x37,0xa8,0x0d,0x25,0x2c,0x16,0x29,0x1a,
  0x36,0x10,0x0d,0x21,0x24,0x10,0x28,0x10,0x25,0x22,0x1a,0x07,
  0x01,0x5d,0x30,0x78,0x7a,0x33,0x10,0x40,0x8f,0x41,0x2d,0x61,
  0x5b,0x25,0x11,0x25,0x59,0x5b,0x53,0x1f,0x00,0x02,0x00,0x2d,
  0xff,0xfd,0x00,0xf8,0x01,0x5c,0x00,0x13,0x00,0x1e,0x00,0x00,
  0x17,0x26,0x26,0x27,0x06,0x23,0x22,0x26,0x35,0x34,0x36,0x36,
  0x33,0x32,0x16,0x16,0x17,0x16,0x16,0x17,0x27,0x14,0x16,0x33,
  0x32,0x37,0x26,0x26,0x23,0x22,0x06,0xd2,0x0b,0x0b,0x03,0x19,
  0x17,0x28,0x34,0x16,0x2a,0x1b,0x22,0x23,0x0e,0x04,0x04,0x09,
  0x0c,0xa5,0x22,0x1a,0x12,0x14,0x05,0x15,0x19,0x15,0x1a,0x03,
  0x2d,0x59,0x29,0x08,0x2a,0x28,0x19,0x2f,0x1e,0x2b,0x45,0x27,
  0x30,0x67,0x2a,0xf8,0x18,0x18,0x05,0x2e,0x34,0x25,0x00,0x01,
  0x00,0x29,0x00,0x00,0x00,0xfc,0x01,0x5b,0x00,0x28,0x00,0x00,
  0x33,0x27,0x34,0x2e,0x02,0x27,0x37,0x16,0x16,0x17,0x16,0x17,
  0x26,0x35,0x34,0x36,0x33,0x32,0x17,0x07,0x26,0x26,0x23,0x22,
  0x15,0x14,0x16,0x17,0x36,0x36,0x37,0x17,0x06,0x06,0x23,0x22,
  0x26,0x27,0x16,0x16,0x7e,0x27,0x06,0x0b,0x11,0x0c,0x29,0x07,
  0x0a,0x04,0x11,0x1b,0x11,0x24,0x1e,0x12,0x0f,0x04,0x06,0x0d,
  0x07,0x1e,0x10,0x0a,0x0f,0x16,0x0c,0x08,0x16,0x2e,0x1c,0x0a,
  0x19,0x0c,0x09,0x08,0x02,0x0d,0x4c,0x65,0x68,0x28,0x0b,0x15,
  0x30,0x19,0x02,0x01,0x12,0x16,0x18,0x21,0x05,0x26,0x02,0x02,
  0x13,0x0a,0x13,0x07,0x04,0x08,0x06,0x22,0x0c,0x0b,0x01,0x01,
  0x42,0x79,0x00,0x01,0x00,0x24,0x00,0x00,0x01,0x01,0x01,0x5e,
  0x00,0x1f,0x00,0x00,0x33,0x26,0x26,0x27,0x26,0x26,0x35,0x34,
  0x36,0x33,0x32,0x17,0x36,0x36,0x37,0x17,0x06,0x06,0x07,0x07,
  0x26,0x26,0x23,0x22,0x06,0x15,0x14,0x16,0x17,0x16,0x16,0x15,
  0x56,0x03,0x12,0x08,0x05,0x10,0x32,0x1e,0x33,0x1a,0x07,0x0f,
  0x07,0x23,0x12,0x16,0x09,0x1d,0x09,0x20,0x18,0x0e,0x16,0x0e,
  0x05,0x08,0x11,0x33,0x42,0x1e,0x17,0x42,0x1a,0x25,0x31,0x3c,
  0x14,0x20,0x0a,0x11,0x1d,0x3d,0x25,0x05,0x2f,0x37,0x18,0x14,
  0x15,0x35,0x1c,0x25,0x46,0x2d,0x00,0x02,0x00,0x28,0x00,0x00,
  0x00,0xfd,0x01,0x5c,0x00,0x15,0x00,0x29,0x00,0x00,0x33,0x22,
  0x26,0x35,0x34,0x36,0x36,0x37,0x26,0x27,0x37,0x16,0x16,0x15,
  0x14,0x06,0x23,0x22,0x26,0x27,0x06,0x06,0x37,0x14,0x33,0x32,
  0x36,0x35,0x34,0x26,0x27,0x0e,0x02,0x15,0x14,0x33,0x32,0x36,
  0x35,0x35,0x37,0x68,0x1c,0x24,0x1d,0x28,0x14,0x0b,0x0c,0x22,
  0x3d,0x34,0x22,0x22,0x0f,0x15,0x05,0x05,0x14,0x29,0x15,0x0d,
  0x14,0x1d,0x23,0x11,0x22,0x16,0x1f,0x0d,0x08,0x1f,0x29,0x30,
  0x26,0x4f,0x43,0x17,0x0d,0x0d,0x1a,0x42,0x8a,0x37,0x22,0x37,
  0x0c,0x08,0x08,0x0c,0x48,0x21,0x13,0x1d,0x25,0x5c,0x32,0x16,
  0x3c,0x40,0x1d,0x34,0x12,0x0c,0x07,0x02,0x00,0x01,0x00,0x34,
  0xff,0xff,0x00,0xf1,0x01,0x5b,0x00,0x1a,0x00,0x00,0x17,0x27,
  0x36,0x36,0x37,0x26,0x26,0x35,0x34,0x36,0x33,0x32,0x17,0x07,
  0x26,0x23,0x22,0x06,0x15,0x14,0x16,0x17,0x36,0x37,0x17,0x06,
  0x06,0x59,0x25,0x15,0x2d,0x1b,0x1c,0x2d,0x34,0x2c,0x17,0x19,
  0x07,0x16,0x13,0x20,0x16,0x26,0x16,0x16,0x1a,0x13,0x37,0x4a,
  0x01,0x0f,0x2e,0x4a,0x1c,0x0b,0x30,0x25,0x26,0x33,0x08,0x26,
  0x06,0x24,0x0e,0x18,0x23,0x09,0x12,0x0f,0x21,0x24,0x67,0x00,
  0x00,0x01,0x00,0x2f,0x00,0x00,0x00,0xf6,0x01,0x5e,0x00,0x14,
  0x00,0x00,0x37,0x34,0x36,0x36,0x37,0x17,0x0e,0x02,0x07,0x16,
  0x16,0x33,0x32,0x37,0x15,0x06,0x06,0x23,0x22,0x26,0x2f,0x29,
  0x42,0x26,0x21,0x22,0x3b,0x26,0x04,0x11,0x25,0x13,0x31,0x22,
  0x11,0x2c,0x18,0x1e,0x3c,0x09,0x36,0x73,0x75,0x37,0x16,0x30,
  0x69,0x61,0x24,0x02,0x02,0x06,0x26,0x03,0x03,0x05,0xff,0xff,
  0x00,0x28,0x02,0x5a,0x01,0x08,0x03,0x3d,0x00,0x26,0x01,0x1d,
  0x00,0x69,0x00,0x06,0x01,0x1d,0x00,0x00,0xff,0xff,0x00,0x00,
  0xff,0xfb,0x01,0x40,0x02,0x74,0x02,0x26,0x00,0x65,0x00,0x00,
  0x00,0x26,0x01,0x1d,0xe0,0xa0,0x00,0x07,0x01,0x1d,0xff,0xe0,
  0xff,0x37,0xff,0xff,0x00,0x1d,0x02,0x50,0x01,0x54,0x03,0x46,
  0x00,0x06,0x01,0x22,0x17,0x00,0xff,0xff,0x00,0x28,0xfe,0xec,
  0x01,0x08,0xff,0xcf,0x00,0x27,0x01,0x1d,0x00,0x00,0xfc,0xfb,
  0x00,0x07,0x01,0x1d,0x00,0x00,0xfc,0x92,0xff,0xff,0x00,0x28,
  0x02,0x5a,0x01,0x08,0x02,0xd4,0x00,0x06,0x01,0x1d,0x00,0x00,
  0xff,0xff,0x00,0x00,0xff,0xfb,0x01,0x40,0x02,0x0a,0x02,0x26,
  0x00,0x65,0x00,0x00,0x00,0x07,0x01,0x1d,0xff,0xe0,0xff,0x36,
  0xff,0xff,0x00,0x11,0x02,0x46,0x01,0x04,0x03,0x3c,0x00,0x06,
  0x01,0x1e,0x00,0x00,0xff,0xff,0xff,0xe5,0xff,0xfb,0x01,0x40,
  0x02,0x72,0x02,0x26,0x00,0x65,0x00,0x00,0x00,0x07,0x01,0x1e,
  0xff,0xd4,0xff,0x36,0xff,0xff,0x00,0x28,0xff,0x55,0x01,0x08,
  0xff,0xcf,0x00,0x07,0x01,0x1d,0x00,0x00,0xfc,0xfb,0xff,0xff,
  0x00,0x00,0xff,0x55,0x01,0x40,0x00,0x4d,0x02,0x26,0x00,0x65,
  0x00,0x00,0x00,0x07,0x01,0x1d,0xff,0xf9,0xfc,0xfb,0xff,0xff,
  0x00,0x1a,0x02,0x4f,0x01,0x29,0x03,0x1e,0x00,0x06,0x01,0x1a,
  0x00,0x00,0xff,0xff,0xff,0xf1,0xff,0xfb,0x01,0x40,0x02,0x54,
  0x02,0x26,0x00,0x65,0x00,0x00,0x00,0x07,0x01,0x1a,0xff,0xd7,
  0xff,0x36,0xff,0xff,0x00,0x1f,0x02,0x6a,0x00,0xce,0x03,0x2a,
  0x00,0x06,0x01,0x25,0x00,0x00,0xff,0xff,0x00,0x00,0xff,0xfb,
  0x01,0x40,0x02,0x60,0x02,0x26,0x00,0x65,0x00,0x00,0x00,0x07,
  0x01,0x25,0x00,0x03,0xff,0x36,0xff,0xff,0xff,0xc7,0x00,0x00,
  0x01,0x10,0x03,0x40,0x02,0x26,0x00,0x09,0x00,0x00,0x00,0x06,
  0x00,0xe6,0xc7,0x7e,0xff,0xff,0x00,0x0b,0x00,0x00,0x00,0xce,
  0x03,0xac,0x02,0x26,0x00,0x09,0x00,0x00,0x00,0x06,0x00,0xe2,
  0xf0,0x7e,0xff,0xff,0x00,0x35,0xfe,0xd1,0x00,0xf8,0x02,0xca,
  0x02,0x26,0x00,0x05,0x00,0x00,0x00,0x07,0x00,0xe2,0x00,0x1a,
  0xfc,0x8f,0xff,0xff,0xff,0xeb,0x00,0x00,0x01,0x14,0x03,0x98,
  0x02,0x26,0x00,0x09,0x00,0x00,0x00,0x07,0x00,0xe5,0xff,0xd2,
  0x00,0x88,0xff,0xff,0xff,0xf0,0x00,0x00,0x01,0x21,0x03,0xac,
  0x02,0x26,0x00,0x09,0x00,0x00,0x00,0x07,0x00,0xff,0xff,0xf0,
  0x03,0xef,0xff,0xff,0xff,0xc1,0xfe,0xd8,0x00,0xf2,0x02,0xca,
  0x02,0x26,0x00,0x05,0x00,0x00,0x00,0x06,0x00,0xff,0xc1,0x00,
  0xff,0xff,0x00,0x0a,0x00,0x00,0x00,0xfb,0x03,0x8d,0x00,0x26,
  0x00,0x05,0x4e,0x00,0x00,0x06,0x00,0xec,0xec,0x4a,0xff,0xff,
  0x00,0x0a,0x00,0x00,0x00,0xfb,0x03,0x97,0x00,0x26,0x00,0x05,
  0x4e,0x00,0x00,0x06,0x00,0xed,0xec,0x4a,0xff,0xff,0x00,0x1e,
  0xff,0x2d,0x03,0xaf,0x01,0x93,0x02,0x26,0x00,0x0b,0x00,0x00,
  0x00,0x07,0x00,0xf5,0x01,0x9a,0xff,0xe9,0xff,0xff,0x00,0x1e,
  0xff,0xeb,0x03,0xaf,0x01,0xf4,0x02,0x26,0x00,0x0b,0x00,0x00,
  0x00,0x07,0x00,0xd8,0x01,0x58,0xff,0x5b,0xff,0xff,0x00,0x1e,
  0xff,0xeb,0x03,0xaf,0x02,0x62,0x02,0x26,0x00,0x0b,0x00,0x00,
  0x00,0x07,0x00,0xdd,0x01,0x58,0xff,0x5b,0xff,0xff,0x00,0x1e,
  0xff,0xeb,0x03,0xaf,0x02,0xae,0x02,0x26,0x00,0x0b,0x00,0x00,
  0x00,0x07,0x00,0xef,0x01,0x5f,0xff,0x7c,0xff,0xff,0x00,0x1e,
  0xff,0xeb,0x03,0xaf,0x02,0x75,0x02,0x26,0x00,0x0b,0x00,0x00,
  0x00,0x07,0x00,0xdc,0x01,0x9b,0xff,0x5b,0xff,0xff,0x00,0x1e,
  0xfe,0xab,0x03,0xaf,0x01,0x93,0x02,0x26,0x00,0x0b,0x00,0x00,
  0x00,0x07,0x00,0xf9,0x01,0x9a,0xff,0xe6,0xff,0xff,0x00,0x1e,
  0xff,0x67,0x03,0xaf,0x01,0xf4,0x02,0x26,0x00,0x0b,0x00,0x00,
  0x00,0x27,0x00,0xd8,0x01,0x58,0xff,0x5b,0x00,0x07,0x01,0x12,
  0x01,0x74,0xff,0x71,0xff,0xff,0x00,0x1e,0xff,0xeb,0x03,0xaf,
  0x02,0x62,0x02,0x26,0x00,0x0b,0x00,0x00,0x00,0x07,0x00,0xe0,
  0x01,0x58,0xff,0x5b,0xff,0xff,0x00,0x1e,0xfe,0xbb,0x03,0xaf,
  0x01,0x93,0x02,0x26,0x00,0x0b,0x00,0x00,0x00,0x07,0x00,0xfc,
  0x01,0x55,0xff,0xe4,0xff,0xff,0x00,0x1e,0xff,0xeb,0x03,0xaf,
  0x02,0x71,0x02,0x26,0x00,0x0b,0x00,0x00,0x00,0x07,0x00,0xe1,
  0x01,0x58,0xff,0x5b,0xff,0xff,0x00,0x1e,0xfe,0xaf,0x03,0xaf,
  0x01,0x93,0x02,0x26,0x00,0x0b,0x00,0x00,0x00,0x07,0x00,0xfd,
  0x01,0x59,0xff,0xe7,0xff,0xff,0x00,0x1e,0xff,0x29,0x03,0xaf,
  0x01,0x93,0x02,0x26,0x00,0x0b,0x00,0x00,0x00,0x07,0x00,0xfa,
  0x01,0x16,0xff,0xe0,0xff,0xff,0x00,0x1e,0xff,0x2d,0x03,0xaf,
  0x02,0x62,0x02,0x26,0x00,0x0b,0x00,0x00,0x00,0x27,0x00,0xf5,
  0x01,0x9a,0xff,0xe9,0x00,0x07,0x00,0xdd,0x01,0x58,0xff,0x5b,
  0xff,0xff,0x00,0x1e,0xfe,0xbb,0x03,0xaf,0x01,0x93,0x02,0x26,
  0x00,0x0b,0x00,0x00,0x00,0x07,0x00,0xfb,0x01,0x55,0xff,0xe4,
  0xff,0xff,0x00,0x1e,0xfe,0xbb,0x03,0xaf,0x01,0xf4,0x02,0x26,
  0x00,0x0b,0x00,0x00,0x00,0x27,0x00,0xfb,0x01,0x55,0xff,0xe4,
  0x00,0x07,0x00,0xd8,0x01,0x58,0xff,0x5b,0xff,0xff,0x00,0x1e,
  0xff,0x2a,0x03,0xaf,0x01,0xf4,0x02,0x26,0x00,0x0b,0x00,0x00,
  0x00,0x27,0x00,0xf7,0x01,0x59,0xff,0xe7,0x00,0x07,0x00,0xd3,
  0x01,0x9b,0xff,0x5b,0xff,0xff,0x00,0x1e,0xfe,0xe9,0x03,0xaf,
  0x01,0x93,0x02,0x26,0x00,0x0b,0x00,0x00,0x00,0x07,0x01,0x01,
  0x01,0x7a,0xff,0xe7,0xff,0xff,0x00,0x1e,0xff,0xeb,0x03,0xaf,
  0x02,0x7a,0x02,0x26,0x00,0x0b,0x00,0x00,0x00,0x07,0x00,0xe7,
  0x01,0x73,0xff,0x7c,0xff,0xff,0x00,0x1e,0xfe,0xe9,0x03,0xaf,
  0x01,0x93,0x02,0x26,0x00,0x0b,0x00,0x00,0x00,0x07,0x01,0x00,
  0x01,0x7a,0xff,0xe7,0xff,0xff,0x00,0x1e,0xff,0x2d,0x03,0xaf,
  0x02,0x52,0x02,0x26,0x00,0x0b,0x00,0x00,0x00,0x27,0x00,0xf5,
  0x01,0x9a,0xff,0xe9,0x00,0x07,0x00,0xe2,0x01,0x65,0xff,0x24,
  0xff,0xff,0x00,0x1e,0xff,0x2d,0x03,0xaf,0x02,0x57,0x02,0x26,
  0x00,0x0b,0x00,0x00,0x00,0x27,0x00,0xf5,0x01,0x9a,0xff,0xe9,
  0x00,0x07,0x01,0x44,0x01,0x70,0xff,0x6f,0xff,0xff,0x00,0x1e,
  0xfe,0xbb,0x03,0xaf,0x02,0x57,0x02,0x26,0x00,0x0b,0x00,0x00,
  0x00,0x27,0x00,0xfc,0x01,0x55,0xff,0xe4,0x00,0x07,0x01,0x44,
  0x01,0x70,0xff,0x6f,0xff,0xff,0x00,0x1e,0xff,0xeb,0x03,0xaf,
  0x02,0x3a,0x02,0x26,0x00,0x0b,0x00,0x00,0x00,0x07,0x00,0xf2,
  0x01,0x48,0xff,0x1a,0xff,0xff,0x00,0x1e,0xfe,0xbb,0x03,0xaf,
  0x02,0x7a,0x02,0x26,0x00,0x0b,0x00,0x00,0x00,0x27,0x00,0xfc,
  0x01,0x55,0xff,0xe4,0x00,0x07,0x00,0xe7,0x01,0x73,0xff,0x7c,
  0xff,0xff,0x00,0x1e,0xff,0xeb,0x03,0xaf,0x03,0x44,0x02,0x26,
  0x00,0x0b,0x00,0x00,0x00,0x27,0x00,0xd8,0x01,0x58,0xff,0x5b,
  0x00,0x07,0x00,0xe7,0x01,0x6e,0x00,0x46,0xff,0xff,0x00,0x1e,
  0xff,0xeb,0x03,0xaf,0x03,0x64,0x02,0x26,0x00,0x0b,0x00,0x00,
  0x00,0x27,0x00,0xf0,0x01,0x5f,0xff,0x7c,0x00,0x07,0x00,0xe7,
  0x01,0x8a,0x00,0x66,0xff,0xff,0x00,0x0a,0xfe,0x76,0x02,0x57,
  0x01,0xa0,0x02,0x26,0x00,0x11,0x00,0x00,0x00,0x07,0x01,0x06,
  0x01,0x13,0xff,0xbe,0xff,0xff,0x00,0x0a,0xfe,0x76,0x02,0x57,
  0x02,0x6a,0x02,0x26,0x00,0x11,0x00,0x00,0x00,0x07,0x00,0xd3,
  0x00,0xec,0xff,0xd1,0xff,0xff,0x00,0x0a,0xfe,0x76,0x02,0x57,
  0x02,0xc8,0x02,0x26,0x00,0x11,0x00,0x00,0x00,0x07,0x00,0xe2,
  0x00,0xb6,0xff,0x9a,0xff,0xff,0x00,0x0a,0xfe,0x76,0x02,0x57,
  0x02,0xeb,0x02,0x26,0x00,0x11,0x00,0x00,0x00,0x07,0x00,0xdc,
  0x00,0xec,0xff,0xd1,0xff,0xff,0x00,0x0a,0xfe,0x76,0x02,0x6b,
  0x01,0xa0,0x02,0x26,0x00,0x12,0x00,0x00,0x00,0x07,0x00,0xd8,
  0x00,0xce,0xfd,0x56,0xff,0xff,0x00,0x0a,0xfe,0x76,0x02,0x57,
  0x01,0xa0,0x02,0x26,0x00,0x11,0x00,0x00,0x00,0x07,0x01,0x0b,
  0x01,0x13,0xff,0xbe,0xff,0xff,0x00,0x0a,0xfe,0x76,0x02,0x57,
  0x02,0xd8,0x02,0x26,0x00,0x11,0x00,0x00,0x00,0x07,0x00,0xdd,
  0x00,0xa9,0xff,0xd1,0xff,0xff,0x00,0x0a,0xfe,0x76,0x02,0x6b,
  0x01,0xa0,0x02,0x26,0x00,0x12,0x00,0x00,0x00,0x07,0x01,0x0d,
  0x00,0xcf,0xff,0xbe,0xff,0xff,0x00,0x0a,0xfe,0x76,0x02,0x6b,
  0x01,0xa0,0x02,0x26,0x00,0x12,0x00,0x00,0x00,0x07,0x01,0x0e,
  0x00,0xcd,0xff,0xbe,0xff,0xff,0x00,0x0a,0xfe,0x76,0x02,0x6b,
  0x02,0x6a,0x02,0x26,0x00,0x12,0x00,0x00,0x00,0x27,0x01,0x0d,
  0x00,0xcf,0xff,0xbe,0x00,0x07,0x00,0xd3,0x00,0xf6,0xff,0xd1,
  0xff,0xff,0x00,0x0a,0xfe,0x76,0x02,0x57,0x02,0x6a,0x02,0x26,
  0x00,0x11,0x00,0x00,0x00,0x07,0x00,0xd8,0x00,0xa9,0xff,0xd1,
  0xff,0xff,0x00,0x0a,0xfe,0x76,0x02,0x6b,0x01,0xa0,0x02,0x26,
  0x00,0x12,0x00,0x00,0x00,0x07,0x01,0x0c,0x00,0xce,0xff,0xbe,
  0xff,0xff,0x00,0x0a,0xfe,0x76,0x02,0x6b,0x01,0xa0,0x02,0x26,
  0x00,0x12,0x00,0x00,0x00,0x07,0x01,0x10,0x00,0xd9,0xff,0xbe,
  0xff,0xff,0x00,0x0a,0xfe,0x76,0x02,0x6b,0x01,0xa0,0x02,0x26,
  0x00,0x12,0x00,0x00,0x00,0x07,0x01,0x0a,0x00,0xd2,0xff,0xbe,
  0xff,0xff,0x00,0x0a,0xfe,0x76,0x02,0x57,0x03,0x24,0x02,0x26,
  0x00,0x11,0x00,0x00,0x00,0x07,0x00,0xef,0x00,0xb0,0xff,0xf2,
  0xff,0xff,0x00,0x0a,0xfe,0x76,0x02,0x6b,0x01,0xa0,0x02,0x26,
  0x00,0x12,0x00,0x00,0x00,0x07,0x01,0x0f,0x00,0xef,0xff,0xbe,
  0xff,0xff,0x00,0x0a,0xfe,0x76,0x02,0x57,0x02,0x6a,0x02,0x26,
  0x00,0x11,0x00,0x00,0x00,0x27,0x01,0x06,0x01,0x13,0xff,0xbe,
  0x00,0x07,0x00,0xd8,0x00,0xa9,0xff,0xd1,0xff,0xff,0x00,0x0a,
  0xfe,0x76,0x02,0x6b,0x02,0xf0,0x02,0x26,0x00,0x12,0x00,0x00,
  0x00,0x27,0x01,0x0d,0x00,0xcf,0xff,0xbe,0x00,0x07,0x00,0xe7,
  0x00,0xce,0xff,0xf2,0xff,0xff,0x00,0x0a,0xfe,0x76,0x02,0x57,
  0x02,0xd8,0x02,0x26,0x00,0x11,0x00,0x00,0x00,0x27,0x01,0x06,
  0x01,0x13,0xff,0xbe,0x00,0x07,0x00,0xdd,0x00,0xa9,0xff,0xd1,
  0xff,0xff,0x00,0x0a,0xfe,0x76,0x02,0x6b,0x01,0xa0,0x02,0x26,
  0x00,0x12,0x00,0x00,0x00,0x07,0x01,0x08,0x01,0x10,0x00,0x89,
  0xff,0xff,0x00,0x23,0xff,0xfa,0x01,0xb0,0x02,0x93,0x02,0x26,
  0x00,0x17,0x00,0x00,0x00,0x07,0x00,0xd3,0x00,0x8c,0xff,0xfa,
  0xff,0xff,0x00,0x23,0xff,0xfa,0x01,0xb0,0x03,0x4d,0x02,0x26,
  0x00,0x17,0x00,0x00,0x00,0x06,0x00,0xef,0x50,0x1b,0xff,0xff,
  0x00,0x23,0xff,0x78,0x01,0xb0,0x01,0xd5,0x02,0x26,0x00,0x17,
  0x00,0x00,0x00,0x06,0x01,0x12,0x76,0x82,0xff,0xff,0x00,0x23,
  0xff,0x41,0x01,0xb0,0x01,0xd5,0x02,0x26,0x00,0x17,0x00,0x00,
  0x00,0x07,0x00,0xf5,0x00,0x96,0xff,0xfd,0xff,0xff,0x00,0x23,
  0xff,0x41,0x01,0xb0,0x03,0x4d,0x02,0x26,0x00,0x17,0x00,0x00,
  0x00,0x27,0x00,0xf5,0x00,0x96,0xff,0xfd,0x00,0x06,0x00,0xef,
  0x50,0x1b,0xff,0xff,0x00,0x23,0xff,0xfa,0x01,0xb0,0x02,0x93,
  0x02,0x26,0x00,0x17,0x00,0x00,0x00,0x06,0x00,0xd8,0x49,0xfa,
  0xff,0xff,0x00,0x23,0xff,0x3e,0x01,0xb0,0x01,0xd5,0x02,0x26,
  0x00,0x17,0x00,0x00,0x00,0x06,0x00,0xf7,0x55,0xfb,0xff,0xff,
  0x00,0x23,0xff,0xfa,0x01,0xb0,0x03,0x01,0x02,0x26,0x00,0x17,
  0x00,0x00,0x00,0x06,0x00,0xdd,0x49,0xfa,0xff,0xff,0x00,0x23,
  0xff,0xfa,0x01,0xb0,0x03,0x01,0x02,0x26,0x00,0x17,0x00,0x00,
  0x00,0x06,0x00,0xe0,0x49,0xfa,0xff,0xff,0x00,0x23,0xff,0xfa,
  0x01,0xb0,0x03,0x10,0x02,0x26,0x00,0x17,0x00,0x00,0x00,0x06,
  0x00,0xe1,0x49,0xfa,0xff,0xff,0x00,0x23,0xff,0xfa,0x01,0xb0,
  0x03,0x11,0x02,0x26,0x00,0x17,0x00,0x00,0x00,0x06,0x00,0xe8,
  0x64,0x1b,0xff,0xff,0x00,0x23,0xfe,0xbf,0x01,0xb0,0x03,0x4d,
  0x02,0x26,0x00,0x17,0x00,0x00,0x00,0x27,0x00,0xf9,0x00,0x96,
  0xff,0xfa,0x00,0x06,0x00,0xef,0x50,0x1b,0xff,0xff,0x00,0x23,
  0xfe,0xfd,0x01,0xb0,0x01,0xd5,0x02,0x26,0x00,0x17,0x00,0x00,
  0x00,0x06,0x01,0x01,0x76,0xfb,0xff,0xff,0x00,0x23,0xfe,0xcf,
  0x01,0xb0,0x01,0xd5,0x02,0x26,0x00,0x17,0x00,0x00,0x00,0x06,
  0x00,0xfc,0x51,0xf8,0xff,0xff,0xff,0xe7,0xff,0x1a,0x01,0x2d,
  0x02,0x29,0x02,0x26,0x00,0x19,0x00,0x00,0x00,0x06,0x00,0xd3,
  0x65,0x90,0xff,0xff,0xff,0xe7,0xff,0x1a,0x01,0x42,0x02,0xe3,
  0x02,0x26,0x00,0x19,0x00,0x00,0x00,0x06,0x00,0xef,0x29,0xb1,
  0xff,0xff,0xff,0xe7,0xff,0x1a,0x01,0x2d,0x02,0xaf,0x02,0x26,
  0x00,0x19,0x00,0x00,0x00,0x06,0x00,0xe7,0x3d,0xb1,0xff,0xff,
  0xff,0xe7,0xff,0x1a,0x01,0x52,0x01,0x53,0x02,0x26,0x00,0x19,
  0x00,0x00,0x00,0x07,0x01,0x12,0x00,0x8c,0xff,0x31,0xff,0xff,
  0xff,0xe7,0xfe,0x70,0x01,0x2d,0x01,0x53,0x02,0x26,0x00,0x19,
  0x00,0x00,0x00,0x07,0x00,0xf5,0x00,0x3d,0xff,0x2c,0x00,0x02,
  0xff,0xe7,0xfe,0x5f,0x01,0x2d,0x01,0x53,0x00,0x12,0x00,0x25,
  0x00,0x00,0x17,0x27,0x3e,0x02,0x35,0x34,0x26,0x26,0x27,0x37,
  0x16,0x16,0x15,0x14,0x0e,0x03,0x17,0x2e,0x02,0x27,0x37,0x1e,
  0x02,0x17,0x3e,0x02,0x37,0x17,0x0e,0x02,0x07,0x04,0x1d,0x65,
  0x6d,0x29,0x0c,0x1e,0x1b,0x49,0x26,0x21,0x29,0x43,0x4f,0x4f,
  0x56,0x08,0x19,0x1b,0x0a,0x25,0x06,0x15,0x16,0x09,0x08,0x15,
  0x12,0x04,0x24,0x06,0x1a,0x1b,0x06,0xe6,0x4c,0x20,0x59,0x60,
  0x2c,0x1c,0x34,0x42,0x31,0x25,0x41,0x74,0x2c,0x3f,0x66,0x4f,
  0x38,0x24,0xc3,0x10,0x32,0x33,0x11,0x14,0x09,0x25,0x2a,0x11,
  0x14,0x2d,0x23,0x07,0x0f,0x0b,0x34,0x39,0x10,0x00,0xff,0xff,
  0xff,0xe7,0xfe,0x70,0x01,0x2d,0x01,0x53,0x02,0x26,0x00,0x19,
  0x00,0x00,0x00,0x26,0x01,0x06,0xdc,0x24,0x00,0x07,0x00,0xf5,
  0x00,0x3d,0xff,0x2c,0xff,0xff,0xff,0xe7,0xff,0x1a,0x01,0x2d,
  0x02,0x29,0x02,0x26,0x00,0x19,0x00,0x00,0x00,0x06,0x00,0xd8,
  0x22,0x90,0xff,0xff,0xff,0xe7,0xff,0x1a,0x01,0x2d,0x02,0x97,
  0x02,0x26,0x00,0x19,0x00,0x00,0x00,0x06,0x00,0xdd,0x22,0x90,
  0xff,0xff,0xff,0xe7,0xff,0x1a,0x01,0x2d,0x02,0xa6,0x02,0x26,
  0x00,0x19,0x00,0x00,0x00,0x06,0x00,0xe1,0x22,0x90,0xff,0xff,
  0xff,0xe7,0xff,0x1a,0x01,0x2d,0x02,0xa7,0x02,0x26,0x00,0x19,
  0x00,0x00,0x00,0x06,0x00,0xe8,0x3d,0xb1,0xff,0xff,0xff,0xe7,
  0xff,0x1a,0x01,0x6e,0x01,0x53,0x02,0x26,0x00,0x19,0x00,0x00,
  0x00,0x06,0x01,0x17,0x25,0x2a,0xff,0xff,0xff,0xe7,0xff,0x1a,
  0x01,0x2d,0x02,0xaa,0x02,0x26,0x00,0x19,0x00,0x00,0x00,0x06,
  0x00,0xdc,0x65,0x90,0xff,0xff,0xff,0xe7,0xff,0x1a,0x01,0x2d,
  0x02,0x87,0x02,0x26,0x00,0x19,0x00,0x00,0x00,0x07,0x00,0xe2,
  0x00,0x2f,0xff,0x59,0xff,0xff,0xff,0xe7,0xff,0x1a,0x01,0x2d,
  0x02,0xb2,0x02,0x26,0x00,0x19,0x00,0x00,0x00,0x07,0x00,0xdb,
  0x00,0x20,0x01,0x5f,0xff,0xff,0xff,0xe7,0xff,0x1a,0x01,0x2d,
  0x02,0xf8,0x02,0x26,0x00,0x19,0x00,0x00,0x00,0x26,0x00,0xd3,
  0x65,0x90,0x00,0x06,0x00,0xe8,0x42,0x02,0xff,0xff,0xff,0xe7,
  0xff,0x1a,0x01,0x2d,0x02,0xf4,0x02,0x26,0x00,0x19,0x00,0x00,
  0x00,0x06,0x00,0xf3,0x28,0x95,0xff,0xff,0x00,0x1e,0xff,0x18,
  0x04,0x87,0x02,0x84,0x02,0x26,0x00,0x1d,0x00,0x00,0x00,0x07,
  0x00,0xdd,0x02,0xa7,0xff,0x7d,0xff,0xff,0x00,0x1e,0xff,0x18,
  0x04,0x87,0x02,0x16,0x02,0x26,0x00,0x1d,0x00,0x00,0x00,0x27,
  0x00,0xf5,0x02,0xfb,0xff,0xfd,0x00,0x07,0x00,0xd3,0x02,0xea,
  0xff,0x7d,0xff,0xff,0x00,0x1e,0xfe,0xcf,0x04,0x87,0x01,0x93,
  0x02,0x26,0x00,0x1d,0x00,0x00,0x00,0x07,0x00,0xfc,0x02,0xb6,
  0xff,0xf8,0xff,0xff,0x00,0x1e,0xfe,0xcf,0x04,0x87,0x02,0x84,
  0x02,0x26,0x00,0x1d,0x00,0x00,0x00,0x27,0x00,0xdd,0x02,0xa7,
  0xff,0x7d,0x00,0x07,0x00,0xfc,0x02,0xb6,0xff,0xf8,0xff,0xff,
  0x00,0x1e,0xff,0x18,0x04,0x87,0x02,0x84,0x02,0x26,0x00,0x1d,
  0x00,0x00,0x00,0x27,0x00,0xdd,0x02,0xa7,0xff,0x7d,0x00,0x07,
  0x00,0xf5,0x02,0xfb,0xff,0xfd,0xff,0xff,0x00,0x1e,0xff,0x18,
  0x04,0x87,0x02,0x93,0x02,0x26,0x00,0x1d,0x00,0x00,0x00,0x07,
  0x00,0xe1,0x02,0xa7,0xff,0x7d,0xff,0xff,0x00,0x1e,0xff,0x18,
  0x04,0x87,0x02,0x97,0x02,0x26,0x00,0x1d,0x00,0x00,0x00,0x07,
  0x00,0xdc,0x02,0xea,0xff,0x7d,0xff,0xff,0x00,0x1e,0xff,0x18,
  0x04,0x87,0x02,0x9f,0x02,0x26,0x00,0x1d,0x00,0x00,0x00,0x07,
  0x00,0xdb,0x02,0xa5,0x01,0x4c,0xff,0xff,0x00,0x1e,0xff,0x18,
  0x04,0x87,0x02,0x8c,0x02,0x26,0x00,0x1d,0x00,0x00,0x00,0x07,
  0x00,0xee,0x02,0xe1,0xff,0x3c,0xff,0xff,0x00,0x1e,0xff,0x18,
  0x04,0x87,0x02,0x94,0x02,0x26,0x00,0x1d,0x00,0x00,0x00,0x07,
  0x00,0xe8,0x02,0xc2,0xff,0x9e,0xff,0xff,0x00,0x1e,0xff,0x18,
  0x04,0xed,0x02,0x40,0x02,0x26,0x00,0x21,0x00,0x00,0x00,0x07,
  0x00,0xd3,0x03,0xd3,0xff,0xa7,0xff,0xff,0x00,0x1e,0xff,0x18,
  0x04,0xed,0x01,0x76,0x02,0x26,0x00,0x21,0x00,0x00,0x00,0x07,
  0x00,0xf7,0x02,0xfb,0xff,0xf3,0xff,0xff,0x00,0x1e,0xff,0x18,
  0x04,0xed,0x02,0xae,0x02,0x26,0x00,0x21,0x00,0x00,0x00,0x07,
  0x00,0xdd,0x03,0x90,0xff,0xa7,0xff,0xff,0x00,0x1e,0xff,0x18,
  0x04,0xed,0x02,0x40,0x02,0x26,0x00,0x21,0x00,0x00,0x00,0x27,
  0x00,0xd3,0x03,0xd3,0xff,0xa7,0x00,0x07,0x00,0xf5,0x03,0x3c,
  0xff,0xf5,0xff,0xff,0x00,0x1e,0xfe,0xc7,0x04,0xed,0x01,0x76,
  0x02,0x26,0x00,0x21,0x00,0x00,0x00,0x07,0x00,0xfc,0x02,0xf7,
  0xff,0xf0,0xff,0xff,0x00,0x14,0xff,0xf3,0x02,0xe7,0x02,0xca,
  0x02,0x26,0x00,0x25,0x00,0x00,0x00,0x07,0x00,0xd3,0x01,0xeb,
  0xff,0xa7,0xff,0xff,0x00,0x14,0xff,0xf3,0x02,0xe7,0x02,0xca,
  0x02,0x26,0x00,0x25,0x00,0x00,0x00,0x07,0x00,0xdd,0x01,0xa8,
  0xff,0xa7,0xff,0xff,0x00,0x14,0xff,0xf3,0x02,0xe7,0x02,0xca,
  0x02,0x26,0x00,0x25,0x00,0x00,0x00,0x07,0x00,0xd8,0x01,0xa8,
  0xff,0xa7,0xff,0xff,0x00,0x0a,0xfe,0x76,0x02,0x41,0x02,0xbd,
  0x02,0x26,0x00,0x29,0x00,0x00,0x00,0x07,0x00,0xd3,0x00,0xa6,
  0x00,0x24,0xff,0xff,0x00,0x0a,0xfe,0x76,0x02,0x41,0x03,0x2b,
  0x02,0x26,0x00,0x29,0x00,0x00,0x00,0x06,0x00,0xdd,0x63,0x24,
  0xff,0xff,0x00,0x0a,0xfe,0x76,0x02,0x41,0x02,0xbd,0x02,0x26,
  0x00,0x29,0x00,0x00,0x00,0x27,0x00,0xd3,0x00,0xa6,0x00,0x24,
  0x00,0x07,0x01,0x06,0x00,0xde,0xff,0xa1,0xff,0xff,0x00,0x0a,
  0xfe,0x76,0x02,0x41,0x02,0xbd,0x02,0x26,0x00,0x29,0x00,0x00,
  0x00,0x06,0x00,0xd8,0x63,0x24,0xff,0xff,0x00,0x0a,0xfe,0x76,
  0x02,0x41,0x03,0x2b,0x02,0x26,0x00,0x29,0x00,0x00,0x00,0x06,
  0x00,0xe0,0x63,0x24,0xff,0xff,0x00,0x0a,0xfe,0x76,0x02,0x41,
  0x03,0x3e,0x02,0x26,0x00,0x29,0x00,0x00,0x00,0x07,0x00,0xdc,
  0x00,0xa6,0x00,0x24,0xff,0xff,0x00,0x0a,0xfe,0x76,0x02,0x41,
  0x01,0xf3,0x02,0x26,0x00,0x29,0x00,0x00,0x00,0x07,0x01,0x0d,
  0x00,0x9a,0xff,0xa1,0xff,0xff,0x00,0x0a,0xfe,0x76,0x02,0x41,
  0x03,0x45,0x02,0x26,0x00,0x29,0x00,0x00,0x00,0x07,0x00,0xd4,
  0x00,0xa6,0x00,0x24,0xff,0xff,0x00,0x1e,0xff,0xeb,0x03,0xaa,
  0x02,0xbf,0x02,0x26,0x00,0x2d,0x00,0x00,0x00,0x07,0x00,0xd3,
  0x02,0xab,0x00,0x26,0xff,0xff,0x00,0x1e,0xff,0x2d,0x03,0xaa,
  0x01,0xf5,0x02,0x26,0x00,0x2d,0x00,0x00,0x00,0x07,0x00,0xf5,
  0x02,0xb6,0xff,0xe9,0xff,0xff,0x00,0x1e,0xff,0x2d,0x03,0xaa,
  0x02,0xbf,0x02,0x26,0x00,0x2d,0x00,0x00,0x00,0x27,0x00,0xd3,
  0x02,0xab,0x00,0x26,0x00,0x07,0x00,0xf5,0x02,0xb6,0xff,0xe9,
  0xff,0xff,0x00,0x1e,0xff,0xeb,0x03,0xaa,0x03,0x2d,0x02,0x26,
  0x00,0x2d,0x00,0x00,0x00,0x07,0x00,0xdd,0x02,0x68,0x00,0x26,
  0xff,0xff,0x00,0x1e,0xfe,0xbb,0x03,0xaa,0x01,0xf5,0x02,0x26,
  0x00,0x2d,0x00,0x00,0x00,0x07,0x00,0xfc,0x02,0x71,0xff,0xe4,
  0xff,0xff,0x00,0x1e,0xff,0xeb,0x03,0xaa,0x03,0x3c,0x02,0x26,
  0x00,0x2d,0x00,0x00,0x00,0x07,0x00,0xe1,0x02,0x68,0x00,0x26,
  0xff,0xff,0x00,0x1e,0xff,0x2a,0x03,0xaa,0x01,0xf5,0x02,0x26,
  0x00,0x2d,0x00,0x00,0x00,0x07,0x00,0xf7,0x02,0x75,0xff,0xe7,
  0xff,0xff,0x00,0x1e,0xfe,0xbb,0x03,0xaa,0x01,0xf5,0x02,0x26,
  0x00,0x2d,0x00,0x00,0x00,0x07,0x00,0xfb,0x02,0x71,0xff,0xe4,
  0xff,0xff,0x00,0x1e,0xff,0x2d,0x03,0xaa,0x03,0x2d,0x02,0x26,
  0x00,0x2d,0x00,0x00,0x00,0x27,0x00,0xf5,0x02,0xb6,0xff,0xe9,
  0x00,0x07,0x00,0xdd,0x02,0x68,0x00,0x26,0xff,0xff,0x00,0x1e,
  0xff,0xeb,0x03,0xaa,0x01,0xf5,0x02,0x06,0x00,0x2d,0x00,0x00,
  0xff,0xff,0x00,0x1e,0xff,0x44,0x02,0xd9,0x02,0x6a,0x02,0x26,
  0x00,0x31,0x00,0x00,0x00,0x07,0x00,0xd8,0x01,0x97,0xff,0xd1,
  0xff,0xff,0x00,0x1e,0xff,0x44,0x02,0xd9,0x02,0x6a,0x02,0x26,
  0x00,0x31,0x00,0x00,0x00,0x07,0x00,0xd3,0x01,0xda,0xff,0xd1,
  0xff,0xff,0x00,0x1e,0xff,0x44,0x02,0xd9,0x02,0xd8,0x02,0x26,
  0x00,0x31,0x00,0x00,0x00,0x07,0x00,0xdd,0x01,0x97,0xff,0xd1,
  0xff,0xff,0x00,0x1e,0xfe,0x8a,0x02,0xd9,0x02,0x6a,0x02,0x26,
  0x00,0x31,0x00,0x00,0x00,0x27,0x00,0xd8,0x01,0x97,0xff,0xd1,
  0x00,0x07,0x00,0xf5,0x00,0xfa,0xff,0x46,0xff,0xff,0x00,0x1e,
  0xff,0x44,0x02,0xd9,0x01,0xa0,0x02,0x06,0x00,0x31,0x00,0x00,
  0xff,0xff,0x00,0x1e,0xff,0x44,0x02,0xd9,0x02,0xd8,0x02,0x26,
  0x00,0x31,0x00,0x00,0x00,0x07,0x00,0xdd,0x01,0x97,0xff,0xd1,
  0xff,0xff,0x00,0x1e,0xfe,0x8a,0x02,0xd9,0x01,0xa0,0x02,0x26,
  0x00,0x31,0x00,0x00,0x00,0x07,0x00,0xf5,0x00,0xfa,0xff,0x46,
  0xff,0xff,0x00,0x1e,0xff,0xeb,0x03,0x37,0x02,0xca,0x02,0x26,
  0x00,0x35,0x00,0x00,0x00,0x06,0x01,0x11,0x00,0x00,0xff,0xff,
  0x00,0x1e,0xff,0xeb,0x03,0x37,0x02,0xda,0x02,0x26,0x00,0x35,
  0x00,0x00,0x00,0x26,0x01,0x11,0x00,0x00,0x00,0x07,0x00,0xd3,
  0x01,0x87,0x00,0x41,0xff,0xff,0x00,0x1e,0xff,0xeb,0x03,0x37,
  0x03,0x48,0x02,0x26,0x00,0x35,0x00,0x00,0x00,0x26,0x01,0x11,
  0x00,0x00,0x00,0x07,0x00,0xdf,0x01,0x44,0x00,0x41,0xff,0xff,
  0x00,0x1e,0xfe,0xbf,0x03,0x37,0x02,0xca,0x02,0x26,0x00,0x35,
  0x00,0x00,0x00,0x26,0x01,0x11,0x00,0x00,0x00,0x07,0x00,0xfc,
  0x01,0x09,0xff,0xe8,0xff,0xff,0x00,0x1e,0xff,0xeb,0x03,0x37,
  0x02,0xda,0x02,0x26,0x00,0x35,0x00,0x00,0x00,0x26,0x01,0x11,
  0x00,0x00,0x00,0x07,0x00,0xd8,0x01,0x44,0x00,0x41,0xff,0xff,
  0x00,0x1e,0xff,0x31,0x03,0x37,0x02,0xca,0x02,0x26,0x00,0x35,
  0x00,0x00,0x00,0x26,0x01,0x11,0x00,0x00,0x00,0x07,0x00,0xf5,
  0x01,0x4e,0xff,0xed,0xff,0xff,0x00,0x1e,0xff,0xeb,0x03,0x77,
  0x03,0x3e,0x02,0x26,0x00,0x39,0x00,0x00,0x00,0x07,0x00,0xd9,
  0x02,0x18,0xff,0xa0,0xff,0xff,0x00,0x1e,0xfe,0xbf,0x03,0x77,
  0x02,0xc3,0x02,0x26,0x00,0x39,0x00,0x00,0x00,0x07,0x00,0xfc,
  0x01,0x09,0xff,0xe8,0xff,0xff,0x00,0x1e,0xff,0xeb,0x03,0x78,
  0x02,0xc3,0x02,0x26,0x00,0x39,0x00,0x00,0x00,0x07,0x01,0x13,
  0x02,0xb2,0x01,0xd3,0xff,0xff,0x00,0x1e,0xff,0xeb,0x03,0x77,
  0x03,0x35,0x02,0x26,0x00,0x39,0x00,0x00,0x00,0x07,0x00,0xe9,
  0x01,0xd3,0x00,0x00,0xff,0xff,0x00,0x1e,0xff,0xeb,0x03,0x78,
  0x03,0x35,0x02,0x26,0x00,0x39,0x00,0x00,0x00,0x27,0x00,0xe9,
  0x01,0xd3,0x00,0x00,0x00,0x07,0x01,0x13,0x02,0xb2,0x01,0xd3,
  0xff,0xff,0x00,0x1e,0xff,0xeb,0x03,0x77,0x03,0xa5,0x02,0x26,
  0x00,0x39,0x00,0x00,0x00,0x27,0x00,0xe9,0x01,0xd3,0x00,0x00,
  0x00,0x07,0x00,0xd9,0x01,0xe2,0x00,0x07,0xff,0xff,0x00,0x1e,
  0xff,0x2e,0x03,0x77,0x03,0x35,0x02,0x26,0x00,0x39,0x00,0x00,
  0x00,0x27,0x00,0xe9,0x01,0xd3,0x00,0x00,0x00,0x07,0x00,0xf7,
  0x01,0x0d,0xff,0xeb,0xff,0xff,0x00,0x1e,0xfe,0xaf,0x03,0x77,
  0x03,0x35,0x02,0x26,0x00,0x39,0x00,0x00,0x00,0x27,0x00,0xe9,
  0x01,0xd3,0x00,0x00,0x00,0x07,0x00,0xf9,0x01,0x4e,0xff,0xea,
  0xff,0xff,0x00,0x1e,0xff,0xeb,0x03,0x77,0x03,0xbb,0x02,0x26,
  0x00,0x39,0x00,0x00,0x00,0x27,0x00,0xe9,0x01,0xd3,0x00,0x00,
  0x00,0x07,0x00,0xde,0x01,0xcb,0x00,0xcd,0xff,0xff,0x00,0x1e,
  0xff,0xeb,0x03,0x77,0x03,0x34,0x02,0x26,0x00,0x39,0x00,0x00,
  0x00,0x07,0x00,0xd3,0x02,0x51,0x00,0x9b,0xff,0xff,0x00,0x1e,
  0xff,0xeb,0x03,0x77,0x03,0x54,0x02,0x26,0x00,0x39,0x00,0x00,
  0x00,0x07,0x00,0xde,0x02,0x01,0x00,0x66,0xff,0xff,0x00,0x1e,
  0xfe,0xbf,0x03,0x77,0x02,0xc3,0x02,0x26,0x00,0x39,0x00,0x00,
  0x00,0x07,0x00,0xfb,0x01,0x09,0xff,0xe8,0xff,0xff,0x00,0x1e,
  0xff,0xeb,0x03,0xa8,0x02,0xc3,0x02,0x26,0x00,0x39,0x00,0x00,
  0x00,0x07,0x01,0x14,0x02,0xa2,0xff,0xfe,0xff,0xff,0x00,0x1e,
  0xff,0xeb,0x03,0x77,0x03,0xba,0x02,0x26,0x00,0x39,0x00,0x00,
  0x00,0x07,0x00,0xe7,0x02,0x29,0x00,0xbc,0xff,0xff,0x00,0x1e,
  0xff,0xeb,0x03,0x77,0x03,0xad,0x02,0x26,0x00,0x39,0x00,0x00,
  0x00,0x07,0x00,0xea,0x01,0xd3,0x00,0x00,0xff,0xff,0x00,0x1e,
  0xff,0x18,0x02,0x9e,0x04,0x1a,0x02,0x26,0x00,0x3f,0x00,0x00,
  0x00,0x07,0x00,0xe7,0x01,0xbb,0x01,0x1c,0xff,0xff,0x00,0x1e,
  0xff,0x18,0x02,0x79,0x03,0x94,0x02,0x26,0x00,0x3f,0x00,0x00,
  0x00,0x07,0x00,0xd3,0x01,0xe3,0x00,0xfb,0xff,0xff,0x00,0x1e,
  0xff,0x18,0x02,0xa6,0x04,0x02,0x02,0x26,0x00,0x3f,0x00,0x00,
  0x00,0x07,0x00,0xdd,0x01,0xa0,0x00,0xfb,0xff,0xff,0x00,0x1e,
  0xfd,0xec,0x02,0x79,0x02,0xca,0x02,0x26,0x00,0x3f,0x00,0x00,
  0x00,0x07,0x00,0xfc,0x00,0xa8,0xff,0x15,0xff,0xff,0x00,0x1e,
  0xff,0x18,0x02,0xc7,0x02,0xca,0x02,0x26,0x00,0x3f,0x00,0x00,
  0x00,0x07,0x01,0x15,0x01,0x82,0xff,0xff,0xff,0xff,0x00,0x1e,
  0xff,0x18,0x02,0xc7,0x02,0xca,0x02,0x26,0x00,0x3f,0x00,0x00,
  0x00,0x27,0x01,0x15,0x01,0x82,0xff,0xb1,0x00,0x07,0x01,0x15,
  0x01,0x82,0x00,0x25,0xff,0xff,0x00,0x1e,0xff,0x18,0x02,0xc0,
  0x04,0x4e,0x02,0x26,0x00,0x3f,0x00,0x00,0x00,0x07,0x00,0xef,
  0x01,0xa7,0x01,0x1c,0xff,0xff,0x00,0x14,0xfe,0x77,0x01,0xbc,
  0x02,0xb6,0x02,0x26,0x00,0x45,0x00,0x00,0x00,0x06,0x00,0xdd,
  0x79,0xaf,0xff,0xff,0x00,0x14,0xfe,0x77,0x01,0xbc,0x02,0x48,
  0x02,0x26,0x00,0x45,0x00,0x00,0x00,0x07,0x00,0xd3,0x00,0xbc,
  0xff,0xaf,0xff,0xff,0x00,0x14,0xfe,0x77,0x01,0xbc,0x01,0x7e,
  0x02,0x26,0x00,0x45,0x00,0x00,0x00,0x07,0x00,0xf5,0x00,0xb8,
  0x00,0x02,0xff,0xff,0x00,0x1e,0xff,0x1a,0x02,0x7b,0x01,0xf1,
  0x02,0x26,0x00,0x4b,0x00,0x00,0x00,0x07,0x00,0xd3,0x01,0x00,
  0xff,0x58,0xff,0xff,0x00,0x1e,0xfe,0x5e,0x02,0x7b,0x01,0xf1,
  0x02,0x26,0x00,0x4b,0x00,0x00,0x00,0x27,0x00,0xd3,0x01,0x00,
  0xff,0x58,0x00,0x07,0x00,0xf5,0x00,0xed,0xff,0x1a,0xff,0xff,
  0x00,0x1e,0xff,0x1a,0x02,0x7b,0x02,0xab,0x02,0x26,0x00,0x4b,
  0x00,0x00,0x00,0x07,0x00,0xef,0x00,0xc4,0xff,0x79,0xff,0xff,
  0x00,0x1e,0xfe,0x8e,0x02,0x7b,0x01,0xf1,0x02,0x26,0x00,0x4b,
  0x00,0x00,0x00,0x27,0x00,0xd3,0x01,0x00,0xff,0x58,0x00,0x07,
  0x01,0x12,0x00,0xd9,0xfe,0x98,0xff,0xff,0x00,0x1e,0xff,0x1a,
  0x02,0x7b,0x02,0x5f,0x02,0x26,0x00,0x4b,0x00,0x00,0x00,0x07,
  0x00,0xdd,0x00,0xbd,0xff,0x58,0xff,0xff,0x00,0x1e,0xfe,0x5b,
  0x02,0x7b,0x01,0xf1,0x02,0x26,0x00,0x4b,0x00,0x00,0x00,0x27,
  0x00,0xd3,0x01,0x00,0xff,0x58,0x00,0x07,0x00,0xf7,0x00,0xac,
  0xff,0x18,0xff,0xff,0x00,0x1e,0xff,0x1a,0x02,0x7b,0x02,0xf4,
  0x02,0x26,0x00,0x4b,0x00,0x00,0x00,0x27,0x00,0xd3,0x01,0x00,
  0xff,0x58,0x00,0x07,0x00,0xf0,0x00,0xbb,0xff,0xd5,0xff,0xff,
  0x00,0x1e,0xff,0x1a,0x02,0x7b,0x02,0xdb,0x02,0x26,0x00,0x4b,
  0x00,0x00,0x00,0x27,0x00,0xd3,0x01,0x00,0xff,0x58,0x00,0x07,
  0x00,0xe7,0x00,0xd9,0xff,0xdd,0xff,0xff,0x00,0x1e,0xff,0x1a,
  0x02,0x7b,0x01,0x3e,0x02,0x06,0x00,0x4b,0x00,0x00,0xff,0xff,
  0x00,0x1e,0x00,0x00,0x01,0x77,0x02,0x93,0x02,0x26,0x00,0x55,
  0x00,0x00,0x00,0x06,0x00,0xd8,0x41,0xfa,0xff,0xff,0x00,0x1e,
  0x00,0x00,0x01,0x77,0x02,0xf1,0x02,0x26,0x00,0x55,0x00,0x00,
  0x00,0x06,0x00,0xe2,0x4e,0xc3,0xff,0xff,0x00,0x1e,0x00,0x00,
  0x01,0x77,0x02,0xf1,0x02,0x26,0x00,0x55,0x00,0x00,0x00,0x06,
  0x00,0xe2,0x4e,0xc3,0xff,0xff,0x00,0x1e,0x00,0x00,0x01,0x77,
  0x02,0x93,0x02,0x26,0x00,0x55,0x00,0x00,0x00,0x06,0x00,0xd8,
  0x41,0xfa,0xff,0xff,0x00,0x0f,0xff,0xf8,0x02,0x73,0x03,0x11,
  0x02,0x26,0x00,0x56,0x00,0x00,0x00,0x07,0x00,0xe8,0x00,0xd3,
  0x00,0x1b,0xff,0xff,0x00,0x28,0xff,0x1a,0x01,0x88,0x02,0x79,
  0x02,0x26,0x00,0x5b,0x00,0x00,0x00,0x07,0x00,0xe2,0x00,0x67,
  0xff,0x4b,0xff,0xff,0x00,0x28,0xff,0x19,0x01,0x88,0x01,0x51,
  0x02,0x26,0x00,0x5c,0x00,0x00,0x00,0x07,0x01,0x13,0x00,0x1a,
  0xff,0x4a,0xff,0xff,0x00,0x28,0xff,0x19,0x01,0x88,0x01,0x51,
  0x02,0x26,0x00,0x5c,0x00,0x00,0x00,0x06,0x01,0x16,0x35,0xd7,
  0xff,0xff,0x00,0x28,0xff,0x19,0x01,0x88,0x01,0x51,0x02,0x26,
  0x00,0x5c,0x00,0x00,0x00,0x06,0x01,0x07,0x18,0xba,0xff,0xff,
  0x00,0x28,0xff,0x1a,0x01,0x88,0x02,0xa1,0x02,0x26,0x00,0x5b,
  0x00,0x00,0x00,0x06,0x00,0xe7,0x75,0xa3,0xff,0xff,0x00,0x28,
  0xff,0x1a,0x01,0x88,0x02,0x8d,0x02,0x26,0x00,0x5b,0x00,0x00,
  0x00,0x07,0x00,0xeb,0x00,0xa4,0xff,0x87,0xff,0xff,0x00,0x28,
  0xff,0x1a,0x01,0x88,0x02,0x8d,0x02,0x26,0x00,0x5b,0x00,0x00,
  0x00,0x07,0x01,0x42,0x00,0x9a,0xff,0x87,0xff,0xff,0x00,0x28,
  0xff,0x1a,0x01,0x88,0x02,0x99,0x02,0x26,0x00,0x5b,0x00,0x00,
  0x00,0x06,0x00,0xe8,0x75,0xa3,0xff,0xff,0x00,0x28,0xff,0x1a,
  0x01,0x88,0x02,0x1b,0x02,0x26,0x00,0x5b,0x00,0x00,0x00,0x06,
  0x00,0xd8,0x5a,0x82,0xff,0xff,0x00,0x28,0xff,0x1a,0x01,0x88,
  0x02,0x89,0x02,0x26,0x00,0x5b,0x00,0x00,0x00,0x06,0x00,0xdd,
  0x5a,0x82,0xff,0xff,0x00,0x28,0xff,0x1a,0x01,0x88,0x02,0x1b,
  0x02,0x26,0x00,0x5b,0x00,0x00,0x00,0x07,0x00,0xd3,0x00,0x9d,
  0xff,0x82,0xff,0xff,0x00,0x28,0xff,0x1a,0x01,0x88,0x02,0x56,
  0x02,0x26,0x00,0x5b,0x00,0x00,0x00,0x07,0x00,0xec,0x00,0x22,
  0xff,0x13,0xff,0xff,0x00,0x28,0xff,0x1a,0x01,0x88,0x02,0x60,
  0x02,0x26,0x00,0x5b,0x00,0x00,0x00,0x07,0x00,0xed,0x00,0x22,
  0xff,0x13,0x00,0x01,0x00,0x1e,0xff,0x18,0x02,0x03,0x01,0xa3,
  0x00,0x2e,0x00,0x00,0x17,0x16,0x16,0x33,0x32,0x3e,0x02,0x35,
  0x34,0x2e,0x03,0x35,0x34,0x3e,0x02,0x33,0x32,0x16,0x17,0x07,
  0x26,0x26,0x23,0x22,0x0e,0x02,0x15,0x14,0x1e,0x04,0x15,0x14,
  0x0e,0x02,0x23,0x22,0x22,0x27,0x1e,0x0e,0x2b,0x0f,0x48,0x6c,
  0x48,0x23,0x30,0x46,0x46,0x30,0x29,0x47,0x58,0x2f,0x2a,0x3c,
  0x0d,0x21,0x11,0x2a,0x17,0x1d,0x3b,0x31,0x1e,0x23,0x38,0x3f,
  0x38,0x23,0x32,0x62,0x8d,0x5c,0x0a,0x13,0x09,0x92,0x02,0x02,
  0x1f,0x30,0x34,0x14,0x11,0x19,0x19,0x21,0x32,0x25,0x29,0x51,
  0x44,0x29,0x17,0x0a,0x47,0x08,0x0e,0x18,0x28,0x30,0x18,0x11,
  0x1c,0x18,0x19,0x1d,0x26,0x1a,0x25,0x56,0x4b,0x30,0x01,0x00,
  0xff,0xff,0x00,0x1e,0xff,0x18,0x02,0xe8,0x01,0xbe,0x02,0x26,
  0x00,0x60,0x00,0x00,0x00,0x07,0x00,0xe2,0x00,0x57,0xfe,0x90,
  0xff,0xff,0x00,0x1e,0xff,0x18,0x02,0xe8,0x01,0xde,0x02,0x26,
  0x00,0x60,0x00,0x00,0x00,0x07,0x00,0xe8,0x00,0x65,0xfe,0xe8,
  0xff,0xff,0x00,0x1e,0xff,0x18,0x02,0xe8,0x01,0xa3,0x02,0x26,
  0x00,0x60,0x00,0x00,0x00,0x07,0x00,0xd8,0x00,0x4a,0xfe,0xc7,
  0xff,0xff,0x00,0x1e,0xff,0x18,0x02,0xe8,0x01,0xce,0x02,0x26,
  0x00,0x60,0x00,0x00,0x00,0x07,0x00,0xdd,0x00,0x4a,0xfe,0xc7,
  0xff,0xff,0x00,0x1e,0xfe,0x5b,0x02,0xe8,0x01,0xa3,0x02,0x26,
  0x00,0x60,0x00,0x00,0x00,0x07,0x00,0xf7,0x00,0xd7,0xff,0x18,
  0xff,0xff,0x00,0x1e,0xff,0x18,0x02,0xe8,0x01,0xa3,0x02,0x06,
  0x00,0x60,0x00,0x00,0xff,0xff,0xff,0x8d,0xff,0x18,0x02,0xe8,
  0x01,0xa3,0x02,0x26,0x00,0x60,0x00,0x00,0x00,0x06,0x01,0x19,
  0x8d,0xcf,0xff,0xff,0x00,0x1e,0xff,0x18,0x02,0xe8,0x01,0xe6,
  0x02,0x26,0x00,0x60,0x00,0x00,0x00,0x07,0x00,0xe7,0x00,0x65,
  0xfe,0xe8,0xff,0xff,0x00,0x1e,0xfd,0xdc,0x02,0xe8,0x01,0xa3,
  0x02,0x26,0x00,0x60,0x00,0x00,0x00,0x07,0x00,0xf9,0x01,0x18,
  0xff,0x17,0xff,0xff,0x00,0x1e,0xfd,0xec,0x02,0xe8,0x01,0xa3,
  0x02,0x26,0x00,0x60,0x00,0x00,0x00,0x07,0x00,0xfc,0x00,0xd3,
  0xff,0x15,0xff,0xff,0x00,0x1e,0xff,0x18,0x02,0xe8,0x01,0xc9,
  0x02,0x26,0x00,0x60,0x00,0x00,0x00,0x07,0x00,0xec,0x00,0x7e,
  0xfe,0x86,0xff,0xff,0x00,0x1e,0xff,0x18,0x02,0xe8,0x01,0xd3,
  0x02,0x26,0x00,0x60,0x00,0x00,0x00,0x07,0x00,0xed,0x00,0x7e,
  0xfe,0x86,0xff,0xff,0x00,0x1e,0xfd,0xf1,0x02,0xe8,0x01,0xa3,
  0x02,0x26,0x00,0x60,0x00,0x00,0x00,0x07,0x01,0x03,0x01,0x17,
  0xfb,0x98,0xff,0xff,0x00,0x1e,0xfe,0x5b,0x02,0xe8,0x01,0xbe,
  0x02,0x26,0x00,0x60,0x00,0x00,0x00,0x27,0x00,0xf7,0x00,0xd7,
  0xff,0x18,0x00,0x07,0x00,0xe2,0x00,0x57,0xfe,0x90,0xff,0xff,
  0x00,0x1e,0xfe,0x5b,0x02,0xe8,0x01,0xa3,0x02,0x26,0x00,0x60,
  0x00,0x00,0x00,0x27,0x00,0xf7,0x00,0xd7,0xff,0x18,0x00,0x07,
  0x00,0xd3,0x00,0x8d,0xfe,0xc7,0xff,0xff,0x00,0x1e,0xfe,0x5b,
  0x02,0xe8,0x02,0x2b,0x02,0x26,0x00,0x60,0x00,0x00,0x00,0x27,
  0x00,0xf7,0x00,0xd7,0xff,0x18,0x00,0x07,0x00,0xf3,0x00,0x50,
  0xfe,0xcc,0xff,0xff,0x00,0x20,0xff,0xeb,0x03,0x8b,0x02,0xc8,
  0x02,0x26,0x00,0x62,0x00,0x00,0x00,0x06,0x00,0xe2,0x41,0x9a,
  0xff,0xff,0x00,0x20,0xff,0xeb,0x03,0x8b,0x02,0x8a,0x02,0x26,
  0x00,0x62,0x00,0x00,0x00,0x07,0x00,0xec,0x00,0x28,0xff,0x47,
  0xff,0xff,0x00,0x20,0xff,0xeb,0x03,0x8b,0x02,0x94,0x02,0x26,
  0x00,0x62,0x00,0x00,0x00,0x07,0x00,0xed,0x00,0x28,0xff,0x47,
  0xff,0xff,0x00,0x48,0x00,0x00,0x02,0x66,0x02,0xca,0x00,0x27,
  0x00,0x03,0x00,0xee,0x00,0x97,0x00,0x06,0x00,0x05,0x00,0x00,
  0xff,0xff,0x00,0x28,0xff,0x1a,0x03,0x37,0x01,0xfa,0x00,0x27,
  0x00,0x03,0x01,0xbf,0x00,0x97,0x00,0x06,0x00,0x5b,0x00,0x00,
  0xff,0xff,0x00,0x28,0xff,0x1a,0x03,0x37,0x02,0x8d,0x00,0x27,
  0x00,0x03,0x01,0xbf,0x00,0x97,0x00,0x26,0x00,0x5b,0x00,0x00,
  0x00,0x07,0x00,0xeb,0x00,0xa4,0xff,0x87,0xff,0xff,0x00,0x1e,
  0xff,0x18,0x04,0x70,0x01,0xfa,0x00,0x27,0x00,0x03,0x02,0xf8,
  0x00,0x97,0x00,0x06,0x00,0x60,0x00,0x00,0x00,0x01,0x00,0x1e,
  0xff,0x19,0x02,0x54,0x00,0x93,0x00,0x22,0x00,0x00,0x17,0x32,
  0x16,0x37,0x3e,0x03,0x35,0x34,0x26,0x27,0x37,0x16,0x16,0x33,
  0x32,0x16,0x15,0x14,0x06,0x23,0x23,0x16,0x16,0x15,0x14,0x06,
  0x06,0x07,0x0e,0x02,0x22,0x27,0x1e,0x1b,0x4d,0x2b,0x2f,0x5c,
  0x4c,0x2e,0x50,0x48,0x13,0x68,0x74,0x1f,0x15,0x13,0x1c,0x16,
  0x25,0x02,0x02,0x47,0x84,0x5e,0x0b,0x2b,0x32,0x2b,0x0b,0x9a,
  0x01,0x04,0x05,0x17,0x22,0x2c,0x19,0x1a,0x26,0x14,0x53,0x28,
  0x1e,0x17,0x10,0x10,0x1b,0x09,0x0b,0x09,0x26,0x51,0x3e,0x0a,
  0x01,0x03,0x02,0x01,0xff,0xff,0x00,0x48,0xff,0xfb,0x01,0xff,
  0x02,0xca,0x00,0x27,0x00,0x0f,0x01,0x23,0x00,0x00,0x00,0x27,
  0x00,0xe2,0x01,0x21,0xff,0x8e,0x00,0x06,0x00,0x06,0x00,0x00,
  0xff,0xff,0x00,0x48,0xff,0xfb,0x02,0xac,0x02,0xca,0x00,0x27,
  0x00,0x0d,0x01,0x23,0x00,0x00,0x00,0x27,0x00,0xe2,0x01,0x3d,
  0xff,0x15,0x00,0x06,0x00,0x06,0x00,0x00,0xff,0xff,0x00,0x14,
  0xff,0xfb,0x02,0xbb,0x02,0xbc,0x00,0x27,0x00,0x0f,0x01,0xdf,
  0x00,0x00,0x00,0x27,0x00,0xe2,0x01,0xdd,0xff,0x8e,0x00,0x06,
  0x00,0x52,0x00,0x00,0xff,0xff,0x00,0x14,0xff,0xfb,0x03,0x68,
  0x02,0x43,0x00,0x27,0x00,0x0d,0x01,0xdf,0x00,0x00,0x00,0x27,
  0x00,0xe2,0x01,0xf9,0xff,0x15,0x00,0x06,0x00,0x52,0x00,0x00,
  0xff,0xff,0x00,0x28,0xff,0x1a,0x02,0xb4,0x02,0xbc,0x00,0x27,
  0x00,0x0f,0x01,0xd8,0x00,0x00,0x00,0x27,0x00,0xe2,0x01,0xd6,
  0xff,0x8e,0x00,0x06,0x00,0x5d,0x00,0x00,0xff,0xff,0x00,0x28,
  0xff,0x1a,0x03,0x61,0x02,0x43,0x00,0x27,0x00,0x0d,0x01,0xd8,
  0x00,0x00,0x00,0x27,0x00,0xe2,0x01,0xf2,0xff,0x15,0x00,0x06,
  0x00,0x5d,0x00,0x00,0xff,0xff,0x00,0x28,0xff,0x1a,0x02,0xb4,
  0x02,0xbc,0x00,0x27,0x00,0x0f,0x01,0xd8,0x00,0x00,0x00,0x27,
  0x00,0xe2,0x01,0xd6,0xff,0x8e,0x00,0x26,0x00,0x5d,0x00,0x00,
  0x00,0x07,0x00,0xeb,0x00,0xa4,0xff,0x88,0xff,0xff,0x00,0x28,
  0xff,0x1a,0x03,0x61,0x02,0x8e,0x00,0x27,0x00,0x0d,0x01,0xd8,
  0x00,0x00,0x00,0x27,0x00,0xe2,0x01,0xf2,0xff,0x15,0x00,0x26,
  0x00,0x5d,0x00,0x00,0x00,0x07,0x00,0xeb,0x00,0xa4,0xff,0x88,
  0xff,0xff,0x00,0x28,0xff,0x1a,0x02,0xb4,0x02,0xbc,0x00,0x27,
  0x00,0x0f,0x01,0xd8,0x00,0x00,0x00,0x27,0x00,0xe2,0x01,0xd6,
  0xff,0x8e,0x00,0x26,0x00,0x5d,0x00,0x00,0x00,0x06,0x00,0xe7,
  0x75,0xa4,0xff,0xff,0x00,0x28,0xff,0x1a,0x03,0x61,0x02,0xa2,
  0x00,0x27,0x00,0x0d,0x01,0xd8,0x00,0x00,0x00,0x27,0x00,0xe2,
  0x01,0xf2,0xff,0x15,0x00,0x26,0x00,0x5d,0x00,0x00,0x00,0x06,
  0x00,0xe7,0x75,0xa4,0xff,0xff,0x00,0x28,0xff,0x1a,0x02,0xb4,
  0x02,0xbc,0x00,0x27,0x00,0x0f,0x01,0xd8,0x00,0x00,0x00,0x27,
  0x00,0xe2,0x01,0xd6,0xff,0x8e,0x00,0x26,0x00,0x5d,0x00,0x00,
  0x00,0x07,0x01,0x42,0x00,0x9a,0xff,0x88,0xff,0xff,0x00,0x28,
  0xff,0x1a,0x03,0x61,0x02,0x8e,0x00,0x27,0x00,0x0d,0x01,0xd8,
  0x00,0x00,0x00,0x27,0x00,0xe2,0x01,0xf2,0xff,0x15,0x00,0x26,
  0x00,0x5d,0x00,0x00,0x00,0x07,0x01,0x42,0x00,0x9a,0xff,0x88,
  0xff,0xff,0x00,0x1e,0xfd,0xdc,0x03,0xbc,0x02,0xbc,0x00,0x27,
  0x00,0x0f,0x02,0xe0,0x00,0x00,0x00,0x27,0x00,0xe2,0x02,0xde,
  0xff,0x8e,0x00,0x26,0x00,0x61,0x00,0x00,0x00,0x07,0x00,0xf9,
  0x00,0xfa,0xff,0x17,0xff,0xff,0x00,0x1e,0xfd,0xdc,0x04,0x69,
  0x02,0x43,0x00,0x27,0x00,0x0d,0x02,0xe0,0x00,0x00,0x00,0x27,
  0x00,0xe2,0x02,0xfa,0xff,0x15,0x00,0x26,0x00,0x61,0x00,0x00,
  0x00,0x07,0x00,0xf9,0x00,0xfa,0xff,0x17,0xff,0xff,0x00,0x00,
  0xfe,0xbf,0x02,0x51,0x02,0xbc,0x00,0x27,0x00,0x0f,0x01,0x75,
  0x00,0x00,0x00,0x27,0x00,0xe2,0x01,0x73,0xff,0x8e,0x00,0x26,
  0x00,0x0e,0x00,0x00,0x00,0x06,0x00,0xf9,0x68,0xfa,0xff,0xff,
  0x00,0x1e,0xff,0x18,0x03,0xbc,0x02,0xbc,0x00,0x27,0x00,0x0f,
  0x02,0xe0,0x00,0x00,0x00,0x27,0x00,0xe2,0x02,0xde,0xff,0x8e,
  0x00,0x06,0x00,0x61,0x00,0x00,0xff,0xff,0x00,0x1e,0xff,0x18,
  0x04,0x69,0x02,0x43,0x00,0x27,0x00,0x0d,0x02,0xe0,0x00,0x00,
  0x00,0x27,0x00,0xe2,0x02,0xfa,0xff,0x15,0x00,0x06,0x00,0x61,
  0x00,0x00,0xff,0xff,0x00,0x00,0xff,0xfb,0x02,0x33,0x02,0xbc,
  0x00,0x27,0x00,0x0f,0x01,0x57,0x00,0x00,0x00,0x27,0x00,0xe2,
  0x01,0x55,0xff,0x8e,0x00,0x06,0x00,0x0d,0x00,0x00,0xff,0xff,
  0xff,0xb8,0x00,0x00,0x02,0x05,0x02,0xe4,0x00,0x27,0x00,0x44,
  0x01,0x6b,0x00,0x00,0x00,0x26,0x00,0x07,0x00,0x00,0x00,0x06,
  0x00,0xe6,0xb8,0x22,0xff,0xff,0xff,0xcc,0xff,0xfb,0x02,0x89,
  0x02,0xe4,0x00,0x27,0x00,0x42,0x01,0x7b,0x00,0x00,0x00,0x26,
  0x00,0x08,0x00,0x00,0x00,0x06,0x00,0xe6,0xcc,0x22,0xff,0xff,
  0xff,0xfc,0x00,0x00,0x02,0x05,0x03,0x50,0x00,0x27,0x00,0x44,
  0x01,0x6b,0x00,0x00,0x00,0x26,0x00,0x07,0x00,0x00,0x00,0x06,
  0x00,0xe2,0xe1,0x22,0xff,0xff,0x00,0x10,0xff,0xfb,0x02,0x89,
  0x03,0x50,0x00,0x27,0x00,0x42,0x01,0x7b,0x00,0x00,0x00,0x26,
  0x00,0x08,0x00,0x00,0x00,0x06,0x00,0xe2,0xf5,0x22,0xff,0xff,
  0x00,0x28,0xfe,0xd1,0x02,0x05,0x02,0xca,0x00,0x27,0x00,0x44,
  0x01,0x6b,0x00,0x00,0x00,0x26,0x00,0x07,0x00,0x00,0x00,0x07,
  0x00,0xe2,0x00,0x35,0xfc,0x8f,0xff,0xff,0x00,0x28,0xfe,0xd1,
  0x02,0x89,0x02,0xca,0x00,0x27,0x00,0x42,0x01,0x7b,0x00,0x00,
  0x00,0x26,0x00,0x08,0x00,0x00,0x00,0x07,0x00,0xe2,0x00,0x76,
  0xfc,0x8f,0xff,0xff,0x00,0x28,0x00,0x00,0x02,0x05,0x02,0xca,
  0x00,0x27,0x00,0x44,0x01,0x6b,0x00,0x00,0x00,0x06,0x00,0x07,
  0x00,0x00,0xff,0xff,0x00,0x28,0xff,0xfb,0x02,0x89,0x02,0xca,
  0x00,0x27,0x00,0x42,0x01,0x7b,0x00,0x00,0x00,0x06,0x00,0x08,
  0x00,0x00,0xff,0xff,0x00,0x00,0xff,0x41,0x00,0xdb,0x01,0x93,
  0x02,0x26,0x00,0x0f,0x00,0x00,0x00,0x06,0x00,0xf5,0x1f,0xfd,
  0xff,0xff,0xff,0xfe,0xff,0x3e,0x00,0xef,0x01,0x93,0x02,0x26,
  0x00,0x10,0x00,0x00,0x00,0x06,0x00,0xf7,0xe4,0xfb,0xff,0xff,
  0xff,0xfb,0xfe,0xcf,0x00,0xef,0x01,0x93,0x02,0x26,0x00,0x10,
  0x00,0x00,0x00,0x06,0x00,0xfc,0xe0,0xf8,0xff,0xff,0xff,0xff,
  0xfe,0xc3,0x00,0xef,0x01,0x93,0x02,0x26,0x00,0x10,0x00,0x00,
  0x00,0x06,0x00,0xfd,0xe4,0xfb,0xff,0xff,0x00,0x00,0xfe,0xbf,
  0x00,0xef,0x01,0x93,0x02,0x26,0x00,0x10,0x00,0x00,0x00,0x06,
  0x00,0xf9,0x25,0xfa,0xff,0xff,0x00,0x00,0xff,0xfb,0x00,0xf7,
  0x02,0x5e,0x02,0x26,0x00,0x0f,0x00,0x00,0x00,0x06,0x00,0xd8,
  0xf1,0xc5,0xff,0xff,0x00,0x00,0xff,0xfb,0x00,0xf7,0x02,0xcc,
  0x02,0x26,0x00,0x0f,0x00,0x00,0x00,0x06,0x00,0xdd,0xf1,0xc5,
  0xff,0xff,0x00,0x00,0xff,0xfb,0x01,0x11,0x03,0x18,0x02,0x26,
  0x00,0x0f,0x00,0x00,0x00,0x06,0x00,0xef,0xf8,0xe6,0xff,0xff,
  0x00,0x00,0xff,0xfb,0x00,0xef,0x02,0xdf,0x02,0x26,0x00,0x10,
  0x00,0x00,0x00,0x06,0x00,0xdc,0x48,0xc5,0xff,0xff,0x00,0x00,
  0xff,0xfb,0x01,0x0b,0x02,0xdb,0x02,0x26,0x00,0x10,0x00,0x00,
  0x00,0x06,0x00,0xe1,0x05,0xc5,0xff,0xff,0x00,0x00,0xff,0xfb,
  0x00,0xdb,0x02,0x5e,0x02,0x26,0x00,0x0f,0x00,0x00,0x00,0x06,
  0x00,0xd3,0x34,0xc5,0xff,0xff,0x00,0x00,0xff,0xfb,0x00,0xdc,
  0x02,0xbc,0x02,0x26,0x00,0x0f,0x00,0x00,0x00,0x06,0x00,0xe2,
  0xfe,0x8e,0xff,0xff,0x00,0x00,0xff,0x46,0x02,0x25,0x01,0x60,
  0x02,0x26,0x00,0x16,0x00,0x00,0x00,0x07,0x00,0xf5,0x00,0xcb,
  0x00,0x02,0xff,0xff,0x00,0x00,0xff,0xfb,0x02,0x25,0x02,0x2a,
  0x02,0x26,0x00,0x16,0x00,0x00,0x00,0x06,0x00,0xd3,0x5b,0x91,
  0xff,0xff,0x00,0x00,0xff,0x43,0x02,0x25,0x01,0x60,0x02,0x26,
  0x00,0x16,0x00,0x00,0x00,0x07,0x00,0xf7,0x00,0x8a,0x00,0x00,
  0xff,0xff,0x00,0x00,0xfe,0xc4,0x02,0x25,0x01,0x60,0x02,0x26,
  0x00,0x16,0x00,0x00,0x00,0x07,0x00,0xf9,0x00,0xcb,0xff,0xff,
  0xff,0xff,0x00,0x00,0xfe,0xd4,0x02,0x25,0x01,0x60,0x02,0x26,
  0x00,0x16,0x00,0x00,0x00,0x07,0x00,0xfc,0x00,0x86,0xff,0xfd,
  0xff,0xff,0x00,0x00,0xfe,0xc8,0x02,0x25,0x01,0x60,0x02,0x26,
  0x00,0x16,0x00,0x00,0x00,0x07,0x00,0xfd,0x00,0x8a,0x00,0x00,
  0xff,0xff,0x00,0x00,0xff,0xfb,0x02,0xde,0x02,0x84,0x02,0x26,
  0x00,0x20,0x00,0x00,0x00,0x07,0x00,0xdd,0x01,0x1e,0xff,0x7d,
  0xff,0xff,0x00,0x00,0xff,0xee,0x03,0x5a,0x02,0x3b,0x02,0x26,
  0x00,0x24,0x00,0x00,0x00,0x07,0x00,0xd3,0x02,0x40,0xff,0xa2,
  0xff,0xff,0x00,0x00,0xff,0xfb,0x02,0x78,0x02,0xca,0x02,0x26,
  0x00,0x28,0x00,0x00,0x00,0x07,0x00,0xd3,0x01,0x4a,0xff,0xa2,
  0xff,0xff,0x00,0x00,0xff,0xfb,0x01,0xd9,0x02,0x81,0x02,0x26,
  0x00,0x2c,0x00,0x00,0x00,0x07,0x00,0xd3,0x00,0xbd,0xff,0xe8,
  0xff,0xff,0x00,0x00,0xff,0xfb,0x01,0x92,0x02,0xbf,0x02,0x26,
  0x00,0x30,0x00,0x00,0x00,0x07,0x00,0xd3,0x00,0x93,0x00,0x26,
  0xff,0xff,0x00,0x00,0xff,0xfb,0x01,0x92,0x03,0x2d,0x02,0x26,
  0x00,0x30,0x00,0x00,0x00,0x06,0x00,0xdd,0x50,0x26,0xff,0xff,
  0x00,0x00,0xff,0xfb,0x01,0x92,0x03,0x3c,0x02,0x26,0x00,0x30,
  0x00,0x00,0x00,0x06,0x00,0xe1,0x50,0x26,0xff,0xff,0x00,0x00,
  0xff,0xfb,0x01,0x92,0x02,0xbf,0x02,0x26,0x00,0x30,0x00,0x00,
  0x00,0x06,0x00,0xd8,0x50,0x26,0xff,0xff,0x00,0x00,0xff,0xfb,
  0x01,0xa6,0x02,0xc3,0x02,0x06,0x00,0x38,0x00,0x00,0xff,0xff,
  0x00,0x00,0xff,0xfb,0x01,0xa6,0x03,0x52,0x02,0x26,0x00,0x38,
  0x00,0x00,0x00,0x06,0x00,0xde,0x2f,0x64,0xff,0xff,0x00,0x00,
  0xff,0xfb,0x01,0xa6,0x03,0x35,0x02,0x26,0x00,0x38,0x00,0x00,
  0x00,0x06,0x00,0xe9,0x02,0x00,0xff,0xff,0x00,0x00,0xff,0xfb,
  0x01,0xa6,0x03,0xa5,0x02,0x26,0x00,0x38,0x00,0x00,0x00,0x26,
  0x00,0xe9,0x02,0x00,0x00,0x06,0x00,0xd9,0x11,0x07,0xff,0xff,
  0x00,0x00,0xfe,0xc4,0x01,0xa6,0x03,0x35,0x02,0x26,0x00,0x38,
  0x00,0x00,0x00,0x26,0x00,0xe9,0x02,0x00,0x00,0x06,0x00,0xf9,
  0x57,0xff,0xff,0xff,0x00,0x00,0xff,0xf8,0x02,0x11,0x01,0xf3,
  0x02,0x06,0x00,0x50,0x00,0x00,0xff,0xff,0x00,0x00,0xff,0x41,
  0x01,0x89,0x01,0x1b,0x02,0x26,0x00,0x0d,0x00,0x00,0x00,0x06,
  0x00,0xf5,0x5e,0xfd,0xff,0xff,0x00,0x00,0xff,0xfb,0x01,0xa7,
  0x01,0xe5,0x02,0x26,0x00,0x0e,0x00,0x00,0x00,0x07,0x00,0xd8,
  0x00,0x36,0xff,0x4c,0xff,0xff,0x00,0x00,0xff,0xfb,0x01,0xa7,
  0x02,0x53,0x02,0x26,0x00,0x0e,0x00,0x00,0x00,0x07,0x00,0xdd,
  0x00,0x36,0xff,0x4c,0xff,0xff,0x00,0x00,0xff,0xfb,0x01,0xa7,
  0x02,0x9f,0x02,0x26,0x00,0x0e,0x00,0x00,0x00,0x07,0x00,0xef,
  0x00,0x3d,0xff,0x6d,0xff,0xff,0x00,0x00,0xff,0xfb,0x01,0xa7,
  0x02,0x66,0x02,0x26,0x00,0x0e,0x00,0x00,0x00,0x07,0x00,0xdc,
  0x00,0x79,0xff,0x4c,0xff,0xff,0x00,0x00,0xfe,0xcf,0x01,0xa7,
  0x01,0x1b,0x02,0x26,0x00,0x0e,0x00,0x00,0x00,0x06,0x00,0xfc,
  0x23,0xf8,0xff,0xff,0x00,0x00,0xff,0xfb,0x01,0xa7,0x02,0x62,
  0x02,0x26,0x00,0x0e,0x00,0x00,0x00,0x07,0x00,0xe1,0x00,0x36,
  0xff,0x4c,0xff,0xff,0x00,0x00,0xfe,0xc3,0x01,0xa7,0x01,0x1b,
  0x02,0x26,0x00,0x0e,0x00,0x00,0x00,0x06,0x00,0xfd,0x27,0xfb,
  0xff,0xff,0x00,0x00,0xff,0xfb,0x01,0x89,0x01,0xe5,0x02,0x26,
  0x00,0x0d,0x00,0x00,0x00,0x07,0x00,0xd3,0x00,0x50,0xff,0x4c,
  0xff,0xff,0x00,0x00,0xff,0xfb,0x01,0x89,0x02,0x43,0x02,0x26,
  0x00,0x0d,0x00,0x00,0x00,0x07,0x00,0xe2,0x00,0x1a,0xff,0x15,
  0xff,0xff,0x00,0x00,0xff,0x3e,0x01,0xa7,0x01,0x1b,0x02,0x26,
  0x00,0x0e,0x00,0x00,0x00,0x06,0x00,0xf7,0x27,0xfb,0xff,0xff,
  0x00,0x00,0xfe,0xbf,0x01,0xa7,0x01,0x1b,0x02,0x26,0x00,0x0e,
  0x00,0x00,0x00,0x06,0x00,0xf9,0x68,0xfa,0xff,0xff,0x00,0x00,
  0xff,0x46,0x02,0xaf,0x01,0x60,0x02,0x26,0x00,0x15,0x00,0x00,
  0x00,0x07,0x00,0xf5,0x00,0xb9,0x00,0x02,0xff,0xff,0x00,0x00,
  0xff,0xfb,0x02,0xaf,0x02,0x2a,0x02,0x26,0x00,0x15,0x00,0x00,
  0x00,0x06,0x00,0xd3,0x51,0x91,0xff,0xff,0x00,0x00,0xff,0x43,
  0x02,0xaf,0x01,0x60,0x02,0x26,0x00,0x15,0x00,0x00,0x00,0x06,
  0x00,0xf7,0x78,0x00,0xff,0xff,0x00,0x00,0xfe,0xc4,0x02,0xaf,
  0x01,0x60,0x02,0x26,0x00,0x15,0x00,0x00,0x00,0x07,0x00,0xf9,
  0x00,0xb9,0xff,0xff,0xff,0xff,0x00,0x00,0xfe,0xd4,0x02,0xaf,
  0x01,0x60,0x02,0x26,0x00,0x15,0x00,0x00,0x00,0x06,0x00,0xfc,
  0x74,0xfd,0xff,0xff,0x00,0x00,0xfe,0xc8,0x02,0xaf,0x01,0x60,
  0x02,0x26,0x00,0x15,0x00,0x00,0x00,0x06,0x00,0xfd,0x78,0x00,
  0xff,0xff,0x00,0x00,0xff,0xfb,0x03,0x84,0x02,0x84,0x02,0x26,
  0x00,0x1f,0x00,0x00,0x00,0x07,0x00,0xdd,0x01,0x1e,0xff,0x7d,
  0xff,0xff,0x00,0x00,0xff,0xee,0x03,0xe7,0x02,0x3b,0x02,0x26,
  0x00,0x23,0x00,0x00,0x00,0x07,0x00,0xd3,0x02,0x40,0xff,0xa2,
  0xff,0xff,0x00,0x00,0xff,0xfb,0x02,0xf8,0x02,0xca,0x02,0x26,
  0x00,0x27,0x00,0x00,0x00,0x07,0x00,0xd3,0x01,0x4a,0xff,0xa2,
  0xff,0xff,0x00,0x00,0xff,0xfb,0x02,0x3b,0x02,0x65,0x02,0x26,
  0x00,0x2b,0x00,0x00,0x00,0x07,0x00,0xd3,0x00,0xc7,0xff,0xcc,
  0xff,0xff,0x00,0x00,0xff,0xfb,0x02,0x21,0x02,0x69,0x02,0x26,
  0x00,0x2f,0x00,0x00,0x00,0x07,0x00,0xd3,0x00,0xab,0xff,0xd0,
  0xff,0xff,0x00,0x00,0xff,0xfb,0x02,0x21,0x02,0xd7,0x02,0x26,
  0x00,0x2f,0x00,0x00,0x00,0x06,0x00,0xdd,0x68,0xd0,0xff,0xff,
  0x00,0x00,0xff,0xfb,0x02,0x21,0x02,0xe6,0x02,0x26,0x00,0x2f,
  0x00,0x00,0x00,0x06,0x00,0xe1,0x68,0xd0,0xff,0xff,0x00,0x00,
  0xff,0xfb,0x02,0x21,0x02,0x69,0x02,0x26,0x00,0x2f,0x00,0x00,
  0x00,0x06,0x00,0xd8,0x68,0xd0,0xff,0xff,0x00,0x00,0xff,0xfb,
  0x02,0x2e,0x02,0xc3,0x02,0x06,0x00,0x37,0x00,0x00,0xff,0xff,
  0x00,0x00,0xff,0xfb,0x02,0x2e,0x03,0x47,0x02,0x26,0x00,0x37,
  0x00,0x00,0x00,0x06,0x00,0xde,0x1b,0x59,0xff,0xff,0x00,0x00,
  0xff,0xfb,0x02,0x2e,0x03,0x35,0x02,0x26,0x00,0x37,0x00,0x00,
  0x00,0x06,0x00,0xe9,0x02,0x00,0xff,0xff,0x00,0x00,0xff,0xfb,
  0x02,0x2e,0x03,0xa5,0x02,0x26,0x00,0x37,0x00,0x00,0x00,0x26,
  0x00,0xe9,0x02,0x00,0x00,0x06,0x00,0xd9,0x11,0x07,0xff,0xff,
  0x00,0x00,0xfe,0xc4,0x02,0x2e,0x03,0x35,0x02,0x26,0x00,0x37,
  0x00,0x00,0x00,0x26,0x00,0xe9,0x02,0x00,0x00,0x06,0x00,0xf9,
  0x57,0xff,0xff,0xff,0xff,0xc6,0xff,0xfb,0x01,0x55,0x03,0x86,
  0x02,0x26,0x00,0x06,0x00,0x00,0x00,0x07,0x00,0xe6,0xff,0xc6,
  0x00,0xc4,0xff,0xff,0x00,0x0a,0xff,0xfb,0x01,0x55,0x03,0xf2,
  0x02,0x26,0x00,0x06,0x00,0x00,0x00,0x07,0x00,0xe2,0xff,0xef,
  0x00,0xc4,0xff,0xff,0x00,0x39,0xfe,0xd1,0x01,0x55,0x02,0xca,
  0x02,0x26,0x00,0x06,0x00,0x00,0x00,0x07,0x00,0xe2,0x00,0x1e,
  0xfc,0x8f,0xff,0xff,0xff,0xcf,0xff,0xfb,0x01,0x55,0x03,0xd4,
  0x02,0x26,0x00,0x06,0x00,0x00,0x00,0x07,0x00,0xe5,0xff,0xb6,
  0x00,0xc4,0xff,0xff,0x00,0x1e,0xff,0x2d,0x04,0x77,0x01,0x53,
  0x02,0x26,0x00,0x0c,0x00,0x00,0x00,0x07,0x00,0xf5,0x01,0x83,
  0xff,0xe9,0xff,0xff,0x00,0x1e,0xff,0xeb,0x04,0x77,0x01,0xf4,
  0x02,0x26,0x00,0x0c,0x00,0x00,0x00,0x07,0x00,0xd8,0x01,0x59,
  0xff,0x5b,0xff,0xff,0x00,0x1e,0xff,0xeb,0x04,0x77,0x02,0x62,
  0x02,0x26,0x00,0x0c,0x00,0x00,0x00,0x07,0x00,0xdd,0x01,0x59,
  0xff,0x5b,0xff,0xff,0x00,0x1e,0xff,0xeb,0x04,0x77,0x02,0xae,
  0x02,0x26,0x00,0x0c,0x00,0x00,0x00,0x07,0x00,0xef,0x01,0x60,
  0xff,0x7c,0xff,0xff,0x00,0x1e,0xff,0xeb,0x04,0x77,0x02,0x75,
  0x02,0x26,0x00,0x0c,0x00,0x00,0x00,0x07,0x00,0xdc,0x01,0x9c,
  0xff,0x5b,0xff,0xff,0x00,0x1e,0xfe,0xab,0x04,0x77,0x01,0x53,
  0x02,0x26,0x00,0x0c,0x00,0x00,0x00,0x07,0x00,0xf9,0x01,0x83,
  0xff,0xe6,0xff,0xff,0x00,0x1e,0xfe,0xbb,0x04,0x77,0x01,0x53,
  0x02,0x26,0x00,0x0c,0x00,0x00,0x00,0x07,0x00,0xfc,0x01,0x3e,
  0xff,0xe4,0xff,0xff,0x00,0x1e,0xff,0xeb,0x04,0x77,0x02,0x71,
  0x02,0x26,0x00,0x0c,0x00,0x00,0x00,0x07,0x00,0xe1,0x01,0x59,
  0xff,0x5b,0xff,0xff,0x00,0x1e,0xfe,0xaf,0x04,0x77,0x01,0x53,
  0x02,0x26,0x00,0x0c,0x00,0x00,0x00,0x07,0x00,0xfd,0x01,0x42,
  0xff,0xe7,0xff,0xff,0x00,0x0a,0xfe,0x76,0x02,0xbb,0x01,0xa0,
  0x02,0x26,0x00,0x13,0x00,0x00,0x00,0x07,0x01,0x06,0x01,0x13,
  0xff,0xbe,0xff,0xff,0x00,0x0a,0xfe,0x76,0x02,0xbb,0x02,0x6a,
  0x02,0x26,0x00,0x13,0x00,0x00,0x00,0x07,0x00,0xd3,0x00,0xec,
  0xff,0xd1,0xff,0xff,0x00,0x0a,0xfe,0x76,0x03,0x01,0x01,0xa0,
  0x02,0x26,0x00,0x14,0x00,0x00,0x00,0x07,0x00,0xd8,0x00,0xce,
  0xfd,0x56,0xff,0xff,0x00,0x0a,0xfe,0x76,0x02,0xbb,0x01,0xa0,
  0x02,0x26,0x00,0x13,0x00,0x00,0x00,0x07,0x01,0x0b,0x01,0x13,
  0xff,0xbe,0xff,0xff,0x00,0x0a,0xfe,0x76,0x03,0x01,0x01,0xa0,
  0x02,0x26,0x00,0x14,0x00,0x00,0x00,0x07,0x01,0x0d,0x00,0xcf,
  0xff,0xbe,0xff,0xff,0x00,0x0a,0xfe,0x76,0x03,0x01,0x01,0xa0,
  0x02,0x26,0x00,0x14,0x00,0x00,0x00,0x07,0x01,0x0e,0x00,0xcd,
  0xff,0xbe,0xff,0xff,0x00,0x23,0xff,0xfa,0x02,0x46,0x02,0x93,
  0x02,0x26,0x00,0x18,0x00,0x00,0x00,0x07,0x00,0xd3,0x00,0x91,
  0xff,0xfa,0xff,0xff,0x00,0x23,0xff,0xfa,0x02,0x46,0x03,0x4d,
  0x02,0x26,0x00,0x18,0x00,0x00,0x00,0x06,0x00,0xef,0x55,0x1b,
  0xff,0xff,0x00,0x23,0xff,0xfa,0x02,0x46,0x02,0x93,0x02,0x26,
  0x00,0x18,0x00,0x00,0x00,0x06,0x00,0xd8,0x4e,0xfa,0xff,0xff,
  0x00,0x23,0xff,0x3e,0x02,0x46,0x01,0xd5,0x02,0x26,0x00,0x18,
  0x00,0x00,0x00,0x06,0x00,0xf7,0x5d,0xfb,0xff,0xff,0xff,0xe7,
  0xff,0x18,0x01,0xbe,0x02,0x29,0x02,0x26,0x00,0x1a,0x00,0x00,
  0x00,0x06,0x00,0xd3,0x57,0x90,0xff,0xff,0xff,0xe7,0xff,0x18,
  0x01,0xbe,0x02,0xe3,0x02,0x26,0x00,0x1a,0x00,0x00,0x00,0x06,
  0x00,0xef,0x1b,0xb1,0xff,0xff,0xff,0xe7,0xff,0x18,0x01,0xbe,
  0x02,0x97,0x02,0x26,0x00,0x1a,0x00,0x00,0x00,0x06,0x00,0xdd,
  0x14,0x90,0xff,0xff,0x00,0x1e,0xff,0x18,0x05,0x27,0x02,0x84,
  0x02,0x26,0x00,0x1e,0x00,0x00,0x00,0x07,0x00,0xdd,0x02,0xa7,
  0xff,0x7d,0xff,0xff,0x00,0x1e,0xff,0x18,0x05,0x7a,0x02,0x40,
  0x02,0x26,0x00,0x22,0x00,0x00,0x00,0x07,0x00,0xd3,0x03,0xd3,
  0xff,0xa7,0xff,0xff,0x00,0x14,0xff,0xf3,0x03,0x71,0x02,0xca,
  0x02,0x26,0x00,0x26,0x00,0x00,0x00,0x07,0x00,0xd3,0x01,0xb9,
  0xff,0xa7,0xff,0xff,0x00,0x0a,0xfe,0x76,0x02,0x45,0x02,0x65,
  0x02,0x26,0x00,0x2a,0x00,0x00,0x00,0x07,0x00,0xd3,0x00,0xdb,
  0xff,0xcc,0xff,0xff,0x00,0x1e,0xff,0xeb,0x04,0x7c,0x02,0x69,
  0x02,0x26,0x00,0x2e,0x00,0x00,0x00,0x07,0x00,0xd3,0x03,0x06,
  0xff,0xd0,0xff,0xff,0x00,0x1e,0xff,0xeb,0x04,0x7c,0x02,0xd7,
  0x02,0x26,0x00,0x2e,0x00,0x00,0x00,0x07,0x00,0xdd,0x02,0xc3,
  0xff,0xd0,0xff,0xff,0x00,0x1e,0xff,0xeb,0x04,0x7c,0x02,0xe6,
  0x02,0x26,0x00,0x2e,0x00,0x00,0x00,0x07,0x00,0xe1,0x02,0xc3,
  0xff,0xd0,0xff,0xff,0x00,0x1e,0xfe,0xf0,0x03,0x5a,0x02,0x15,
  0x02,0x26,0x00,0x32,0x00,0x00,0x00,0x07,0x00,0xd8,0x01,0xaa,
  0xff,0x7c,0xff,0xff,0x00,0x1e,0xff,0xeb,0x03,0xcc,0x02,0xca,
  0x02,0x26,0x00,0x36,0x00,0x00,0x00,0x06,0x01,0x11,0x00,0x00,
  0xff,0xff,0x00,0x1e,0xff,0xeb,0x03,0xcc,0x03,0x48,0x02,0x26,
  0x00,0x36,0x00,0x00,0x00,0x26,0x01,0x11,0x00,0x00,0x00,0x07,
  0x00,0xdf,0x01,0x44,0x00,0x41,0xff,0xff,0x00,0x1e,0xff,0xeb,
  0x04,0x01,0x03,0x35,0x02,0x26,0x00,0x3a,0x00,0x00,0x00,0x07,
  0x00,0xe9,0x01,0xd3,0x00,0x00,0xff,0xff,0x00,0x1e,0xff,0xeb,
  0x04,0x01,0x03,0xa5,0x02,0x26,0x00,0x3a,0x00,0x00,0x00,0x27,
  0x00,0xe9,0x01,0xd3,0x00,0x00,0x00,0x07,0x00,0xd9,0x01,0xe2,
  0x00,0x07,0xff,0xff,0x00,0x1e,0xfe,0xaf,0x04,0x01,0x03,0x35,
  0x02,0x26,0x00,0x3a,0x00,0x00,0x00,0x27,0x00,0xe9,0x01,0xd3,
  0x00,0x00,0x00,0x07,0x00,0xf9,0x01,0x4e,0xff,0xea,0xff,0xff,
  0x00,0x1e,0xff,0x18,0x03,0x0c,0x01,0xf1,0x02,0x26,0x00,0x4c,
  0x00,0x00,0x00,0x07,0x00,0xd3,0x01,0x00,0xff,0x58,0xff,0xff,
  0x00,0x1e,0xff,0x18,0x03,0x0c,0x02,0xab,0x02,0x26,0x00,0x4c,
  0x00,0x00,0x00,0x07,0x00,0xef,0x00,0xc4,0xff,0x79,0xff,0xff,
  0x00,0x1e,0xff,0xfb,0x02,0x18,0x02,0xda,0x02,0x26,0x00,0x4e,
  0x00,0x00,0x00,0x06,0x00,0xd8,0x65,0x41,0xff,0xff,0x00,0x1e,
  0xff,0xfb,0x02,0x18,0x03,0x38,0x02,0x26,0x00,0x4e,0x00,0x00,
  0x00,0x06,0x00,0xe2,0x72,0x0a,0xff,0xff,0x00,0x28,0xff,0x1a,
  0x02,0x0a,0x02,0x7a,0x02,0x26,0x00,0x5d,0x00,0x00,0x00,0x07,
  0x00,0xe2,0x00,0x67,0xff,0x4c,0xff,0xff,0x00,0x28,0xff,0x1a,
  0x02,0x0a,0x02,0xa2,0x02,0x26,0x00,0x5d,0x00,0x00,0x00,0x06,
  0x00,0xe7,0x75,0xa4,0xff,0xff,0x00,0x28,0xff,0x1a,0x02,0x0a,
  0x02,0x8e,0x02,0x26,0x00,0x5d,0x00,0x00,0x00,0x07,0x00,0xeb,
  0x00,0xa4,0xff,0x88,0xff,0xff,0x00,0x28,0xff,0x1a,0x02,0x0a,
  0x02,0x8e,0x02,0x26,0x00,0x5d,0x00,0x00,0x00,0x07,0x01,0x42,
  0x00,0x9a,0xff,0x88,0xff,0xff,0x00,0x28,0xff,0x1a,0x02,0x0a,
  0x02,0x9a,0x02,0x26,0x00,0x5d,0x00,0x00,0x00,0x06,0x00,0xe8,
  0x75,0xa4,0xff,0xff,0x00,0x28,0xff,0x1a,0x02,0x0a,0x02,0x8a,
  0x02,0x26,0x00,0x5d,0x00,0x00,0x00,0x06,0x00,0xdd,0x5a,0x83,
  0xff,0xff,0x00,0x1e,0xff,0x18,0x03,0x12,0x01,0xbe,0x02,0x26,
  0x00,0x61,0x00,0x00,0x00,0x07,0x00,0xe2,0x00,0x57,0xfe,0x90,
  0xff,0xff,0x00,0x1e,0xfe,0x5b,0x03,0x12,0x00,0xb0,0x02,0x26,
  0x00,0x61,0x00,0x00,0x00,0x07,0x00,0xf7,0x00,0xb9,0xff,0x18,
  0xff,0xff,0x00,0x1e,0xfd,0xdc,0x03,0x12,0x00,0xb0,0x02,0x26,
  0x00,0x61,0x00,0x00,0x00,0x07,0x00,0xf9,0x00,0xfa,0xff,0x17,
  0xff,0xff,0x00,0x00,0xfe,0xec,0x02,0x57,0x01,0x4f,0x02,0x26,
  0x00,0x63,0x00,0x00,0x00,0x07,0x00,0xe2,0x00,0x42,0xfe,0x21,
  0xff,0xff,0x00,0x00,0xfe,0xbf,0x00,0xdb,0x01,0x93,0x02,0x26,
  0x00,0x0f,0x00,0x00,0x00,0x06,0x00,0xf9,0x1f,0xfa,0xff,0xff,
  0x00,0x00,0xfe,0xbf,0x01,0x89,0x01,0x1b,0x02,0x26,0x00,0x0d,
  0x00,0x00,0x00,0x06,0x00,0xf9,0x5e,0xfa,0xff,0xff,0x00,0x23,
  0xff,0xfa,0x02,0x46,0x03,0x01,0x02,0x26,0x00,0x18,0x00,0x00,
  0x00,0x06,0x00,0xdd,0x4e,0xfa,0xff,0xff,0x00,0x00,0xff,0xfb,
  0x00,0xdb,0x01,0x93,0x02,0x06,0x00,0x0f,0x00,0x00,0xff,0xff,
  0x00,0x00,0xff,0xfb,0x01,0x89,0x01,0x1b,0x02,0x06,0x00,0x0d,
  0x00,0x00,0xff,0xff,0x00,0x28,0xff,0x18,0x02,0x0a,0x01,0x4b,
  0x02,0x26,0x00,0x5e,0x00,0x00,0x00,0x06,0x01,0x16,0x48,0xd4,
  0x00,0x01,0x00,0x00,0x03,0x12,0x03,0x0a,0x00,0x26,0x00,0xed,
  0x00,0x0b,0x00,0x01,0x00,0x00,0x00,0x00,0x00,0x00,0x00,0x00,
  0x00,0x00,0x00,0x00,0x00,0x08,0x00,0x01,0x00,0x00,0x00,0x14,
  0x00,0x14,0x00,0x14,0x00,0x49,0x00,0x52,0x00,0x5f,0x00,0x7e,
  0x00,0x92,0x00,0xa7,0x00,0xb4,0x00,0xd3,0x01,0x00,0x01,0x3b,
  0x01,0x64,0x01,0x8f,0x01,0xab,0x01,0xc7,0x02,0x06,0x02,0x47,
  0x02,0x9b,0x02,0xf1,0x03,0x2c,0x03,0x55,0x03,0x79,0x03,0xad,
  0x03,0xcd,0x03,0xfa,0x04,0x3b,0x04,0x8f,0x04,0xf7,0x05,0x69,
  0x05,0xc3,0x06,0x10,0x06,0x6d,0x06,0xde,0x07,0x38,0x07,0x7f,
  0x07,0xbc,0x08,0x0c,0x08,0x56,0x08,0x8c,0x08,0xd1,0x09,0x34,
  0x09,0x7e,0x09,0xb2,0x0a,0x06,0x0a,0x60,0x0a,0xa8,0x0a,0xea,
  0x0b,0x3c,0x0b,0x92,0x0b,0xef,0x0c,0x63,0x0c,0x8f,0x0c,0xc9,
  0x0d,0x0c,0x0d,0x3f,0x0d,0x83,0x0d,0xd7,0x0e,0x18,0x0e,0x6b,
  0x0e,0xb6,0x0e,0xee,0x0f,0x1a,0x0f,0x56,0x0f,0x7d,0x0f,0xad,
  0x0f,0xc6,0x0f,0xfc,0x10,0x35,0x10,0x7a,0x10,0xcb,0x11,0x1d,
  0x11,0x66,0x11,0xa2,0x11,0xd3,0x12,0x13,0x12,0x1b,0x12,0x53,
  0x12,0xb0,0x13,0x01,0x13,0x09,0x13,0x42,0x13,0x73,0x13,0xa4,
  0x13,0xd3,0x14,0x2c,0x14,0x8e,0x14,0xf6,0x14,0xfe,0x15,0x5e,
  0x15,0x97,0x15,0xd3,0x16,0x0f,0x16,0x4e,0x16,0x89,0x16,0xd5,
  0x17,0x10,0x17,0x4b,0x17,0x7c,0x17,0x99,0x17,0xab,0x17,0xb3,
  0x17,0xc5,0x17,0xdd,0x18,0x07,0x18,0x10,0x18,0x4f,0x18,0x58,
  0x18,0x61,0x18,0x69,0x18,0xb4,0x18,0xbc,0x18,0xc4,0x18,0xcc,
  0x18,0xf0,0x19,0x15,0x19,0x1d,0x19,0x26,0x19,0x2e,0x19,0x71,
  0x19,0xb5,0x19,0xbd,0x19,0xc5,0x19,0xd8,0x19,0xf2,0x1a,0x22,
  0x1a,0x59,0x1a,0x8b,0x1a,0xb0,0x1a,0xe7,0x1b,0x1c,0x1b,0x24,
  0x1b,0x2c,0x1b,0x64,0x1b,0x8b,0x1b,0xa7,0x1b,0xc4,0x1b,0xd1,
  0x1b,0xef,0x1b,0xfb,0x1c,0x1b,0x1c,0x3f,0x1c,0x5e,0x1c,0x82,
  0x1c,0x8b,0x1c,0xc8,0x1c,0xdc,0x1d,0x1c,0x1d,0xc7,0x1e,0x73,
  0x1e,0x91,0x1f,0x05,0x1f,0x51,0x20,0x2c,0x20,0x34,0x20,0x3c,
  0x20,0x45,0x20,0x4e,0x20,0x57,0x20,0xc0,0x20,0xc8,0x20,0xd0,
  0x20,0xd8,0x21,0x4b,0x21,0xc0,0x22,0x3e,0x22,0xc0,0x22,0xfc,
  0x23,0x38,0x23,0x74,0x23,0x9a,0x23,0xa2,0x23,0xc8,0x23,0xf7,
  0x23,0xff,0x24,0x3c,0x24,0x65,0x24,0x65,0x24,0x8e,0x24,0xc4,
  0x25,0x07,0x25,0x1b,0x25,0x27,0x25,0x67,0x25,0x7b,0x25,0xd3,
  0x2a,0x0c,0x2a,0x77,0x2a,0x87,0x2a,0xea,0x2a,0xf6,0x2b,0x02,
  0x2b,0x0d,0x2b,0x15,0x2b,0x1d,0x2b,0x25,0x2b,0x2d,0x2b,0x35,
  0x2b,0x3d,0x2b,0x45,0x2b,0x4d,0x2b,0x55,0x2b,0x5d,0x2b,0x65,
  0x2b,0x6d,0x2b,0x75,0x2b,0x7d,0x2b,0x85,0x2b,0x8e,0x2b,0x96,
  0x2b,0xac,0x2b,0xf0,0x2b,0xfc,0x2c,0x07,0x2c,0x12,0x2c,0x37,
  0x2c,0x5d,0x2c,0x65,0x2c,0xb8,0x2c,0xde,0x2d,0x13,0x2d,0x53,
  0x2d,0x88,0x2d,0xbd,0x2e,0x01,0x2e,0x2e,0x2e,0x5b,0x2e,0x64,
  0x2e,0x94,0x2e,0xb9,0x2e,0xdc,0x2e,0xff,0x2f,0x13,0x2f,0x44,
  0x2f,0x61,0x2f,0x89,0x2f,0xca,0x2f,0xfd,0x30,0x35,0x30,0x6a,
  0x30,0x76,0x30,0xc1,0x30,0xf8,0x31,0x00,0x31,0x16,0x31,0x5a,
  0x31,0x7f,0x31,0xd1,0x31,0xf6,0x32,0x2b,0x32,0x5f,0x32,0x93,
  0x32,0xd6,0x32,0xdf,0x33,0x1c,0x33,0x3f,0x33,0x62,0x33,0x87,
  0x33,0xba,0x33,0xcd,0x33,0xd6,0x33,0xec,0x34,0x02,0x34,0x46,
  0x34,0x4f,0x34,0xa1,0x34,0xc6,0x34,0xfa,0x35,0x2e,0x35,0x71,
  0x35,0xa3,0x35,0xd7,0x35,0xff,0x36,0x24,0x36,0x49,0x36,0x5d,
  0x36,0x69,0x36,0x75,0x36,0x81,0x36,0x8c,0x36,0x9a,0x36,0xd2,
  0x36,0xdf,0x36,0xf0,0x36,0xfd,0x37,0x29,0x37,0x55,0x37,0x81,
  0x37,0x8c,0x37,0xc9,0x37,0xd5,0x37,0xe1,0x38,0x07,0x38,0x14,
  0x38,0x3d,0x38,0x6e,0x38,0xa3,0x38,0xae,0x39,0x12,0x39,0x1d,
  0x39,0x2a,0x39,0x56,0x39,0x61,0x39,0x96,0x39,0xb1,0x39,0xd3,
  0x3a,0x07,0x3a,0x2a,0x3a,0x4d,0x3a,0x59,0x3a,0x68,0x3a,0x73,
  0x3a,0x89,0x3a,0xae,0x3a,0xde,0x3b,0x04,0x3b,0x28,0x3b,0x3d,
  0x3b,0x53,0x3b,0x69,0x3b,0x71,0x3b,0x7e,0x3b,0xc5,0x3b,0xf3,
  0x3c,0x22,0x3c,0x2b,0x3c,0x61,0x3c,0xb5,0x3c,0xf2,0x3d,0x2f,
  0x3d,0x94,0x3d,0xd2,0x3e,0x16,0x3e,0x3f,0x3e,0x6d,0x3e,0xa3,
  0x3e,0xac,0x3e,0xb9,0x3e,0xc6,0x3e,0xd2,0x3e,0xdb,0x3e,0xe4,
  0x3e,0xf1,0x3e,0xfa,0x3f,0x03,0x3f,0x0c,0x3f,0x15,0x3f,0x1e,
  0x3f,0x34,0x3f,0x59,0x3f,0x62,0x3f,0x78,0x3f,0x81,0x3f,0xa7,
  0x3f,0xb2,0x3f,0xbb,0x3f,0xc4,0x3f,0xf3,0x3f,0xfc,0x40,0x05,
  0x40,0x3a,0x40,0x7e,0x40,0xac,0x40,0xf9,0x41,0x42,0x41,0x4b,
  0x41,0x83,0x41,0xe1,0x42,0x0f,0x42,0x46,0x42,0x63,0x42,0x96,
  0x43,0x79,0x44,0x35,0x45,0x28,0x45,0xbe,0x46,0x59,0x47,0x2c,
  0x48,0x1d,0x48,0x7c,0x48,0xf2,0x49,0x2c,0x49,0x3f,0x49,0x58,
  0x49,0x82,0x49,0xc5,0x49,0xf8,0x4a,0x29,0x4a,0x4c,0x4a,0x6e,
  0x4a,0x90,0x4a,0xc2,0x4b,0x04,0x4b,0x39,0x4b,0x79,0x4b,0xa8,
  0x4b,0xcd,0x4b,0xe0,0x4b,0xf8,0x4c,0x22,0x4c,0x65,0x4c,0x98,
  0x4c,0xc3,0x4c,0xe4,0x4d,0x06,0x4d,0x28,0x4d,0x59,0x4d,0x97,
  0x4d,0xc9,0x4e,0x06,0x4e,0x32,0x4e,0x55,0x4e,0x60,0x4e,0x6f,
  0x4e,0x77,0x4e,0x84,0x4e,0x8c,0x4e,0x98,0x4e,0xa0,0x4e,0xac,
  0x4e,0xb5,0x4e,0xc1,0x4e,0xc9,0x4e,0xd5,0x4e,0xdd,0x4e,0xe9,
  0x4e,0xf4,0x4e,0xff,0x4f,0x0b,0x4f,0x17,0x4f,0x23,0x4f,0x2e,
  0x4f,0x39,0x4f,0x44,0x4f,0x50,0x4f,0x5c,0x4f,0x68,0x4f,0x74,
  0x4f,0x80,0x4f,0x8c,0x4f,0x9c,0x4f,0xa8,0x4f,0xb4,0x4f,0xc0,
  0x4f,0xcc,0x4f,0xd8,0x4f,0xe8,0x4f,0xf4,0x50,0x04,0x50,0x14,
  0x50,0x20,0x50,0x2c,0x50,0x38,0x50,0x48,0x50,0x58,0x50,0x68,
  0x50,0x74,0x50,0x84,0x50,0x94,0x50,0xa4,0x50,0xb0,0x50,0xbc,
  0x50,0xc8,0x50,0xd4,0x50,0xe0,0x50,0xec,0x50,0xf8,0x51,0x04,
  0x51,0x10,0x51,0x20,0x51,0x2c,0x51,0x38,0x51,0x44,0x51,0x50,
  0x51,0x5c,0x51,0x68,0x51,0x78,0x51,0x88,0x51,0x98,0x51,0xa4,
  0x51,0xb0,0x51,0xbb,0x51,0xc6,0x51,0xd2,0x51,0xe1,0x51,0xec,
  0x51,0xf7,0x52,0x02,0x52,0x0d,0x52,0x18,0x52,0x23,0x52,0x32,
  0x52,0x3d,0x52,0x48,0x52,0x53,0x52,0x5e,0x52,0x69,0x52,0x75,
  0x52,0x81,0x52,0xbd,0x52,0xcc,0x52,0xd7,0x52,0xe2,0x52,0xed,
  0x52,0xf8,0x53,0x03,0x53,0x0e,0x53,0x1a,0x53,0x26,0x53,0x34,
  0x53,0x3f,0x53,0x4b,0x53,0x5b,0x53,0x67,0x53,0x77,0x53,0x87,
  0x53,0x93,0x53,0x9f,0x53,0xab,0x53,0xb7,0x53,0xc3,0x53,0xcf,
  0x53,0xdb,0x53,0xe7,0x53,0xf7,0x54,0x03,0x54,0x0f,0x54,0x1b,
  0x54,0x27,0x54,0x33,0x54,0x3e,0x54,0x4e,0x54,0x59,0x54,0x64,
  0x54,0x70,0x54,0x7c,0x54,0x88,0x54,0x94,0x54,0xa0,0x54,0xb0,
  0x54,0xbc,0x54,0xc8,0x54,0xd4,0x54,0xe0,0x54,0xec,0x54,0xfc,
  0x55,0x04,0x55,0x10,0x55,0x1c,0x55,0x28,0x55,0x38,0x55,0x40,
  0x55,0x4c,0x55,0x58,0x55,0x63,0x55,0x72,0x55,0x81,0x55,0x90,
  0x55,0x9f,0x55,0xae,0x55,0xba,0x55,0xc6,0x55,0xd2,0x55,0xde,
  0x55,0xee,0x55,0xfe,0x56,0x0e,0x56,0x1e,0x56,0x2e,0x56,0x3a,
  0x56,0x46,0x56,0x52,0x56,0x5e,0x56,0x6a,0x56,0x76,0x56,0x82,
  0x56,0x8e,0x56,0x9a,0x56,0xa6,0x56,0xb2,0x56,0xc2,0x56,0xce,
  0x56,0xd9,0x56,0xe5,0x56,0xf1,0x56,0xfd,0x57,0x0d,0x57,0x19,
  0x57,0x29,0x57,0x35,0x57,0x45,0x57,0x55,0x57,0x65,0x57,0x6d,
  0x57,0x78,0x57,0x83,0x57,0x8e,0x57,0x99,0x57,0xa5,0x57,0xb1,
  0x57,0xbd,0x57,0xc8,0x57,0xd3,0x57,0xde,0x57,0xea,0x57,0xf6,
  0x58,0x01,0x58,0x0c,0x58,0x17,0x58,0x23,0x58,0x2f,0x58,0x3b,
  0x58,0x7c,0x58,0x88,0x58,0x94,0x58,0xa0,0x58,0xac,0x58,0xb8,
  0x58,0xc0,0x58,0xcb,0x58,0xd7,0x58,0xe3,0x58,0xef,0x58,0xfb,
  0x59,0x07,0x59,0x13,0x59,0x23,0x59,0x33,0x59,0x43,0x59,0x4e,
  0x59,0x5a,0x59,0x66,0x59,0x72,0x59,0x7e,0x59,0x8e,0x59,0x9a,
  0x59,0xce,0x59,0xde,0x59,0xee,0x59,0xfe,0x5a,0x0e,0x5a,0x1e,
  0x5a,0x2e,0x5a,0x42,0x5a,0x56,0x5a,0x69,0x5a,0x7c,0x5a,0x90,
  0x5a,0xa4,0x5a,0xb8,0x5a,0xcc,0x5a,0xdf,0x5a,0xef,0x5a,0xff,
  0x5b,0x0f,0x5b,0x1e,0x5b,0x2d,0x5b,0x3c,0x5b,0x4b,0x5b,0x5b,
  0x5b,0x6b,0x5b,0x77,0x5b,0x83,0x5b,0x8e,0x5b,0x99,0x5b,0xa4,
  0x5b,0xaf,0x5b,0xba,0x5b,0xc5,0x5b,0xd0,0x5b,0xdb,0x5b,0xe6,
  0x5b,0xf1,0x5b,0xfc,0x5c,0x07,0x5c,0x13,0x5c,0x1e,0x5c,0x2a,
  0x5c,0x36,0x5c,0x42,0x5c,0x4e,0x5c,0x5a,0x5c,0x66,0x5c,0x72,
  0x5c,0x7e,0x5c,0x8a,0x5c,0x95,0x5c,0xa0,0x5c,0xab,0x5c,0xb3,
  0x5c,0xbe,0x5c,0xc9,0x5c,0xd7,0x5c,0xe5,0x5c,0xed,0x5c,0xf8,
  0x5d,0x04,0x5d,0x10,0x5d,0x1c,0x5d,0x28,0x5d,0x33,0x5d,0x3f,
  0x5d,0x4a,0x5d,0x56,0x5d,0x62,0x5d,0x6d,0x5d,0x78,0x5d,0x84,
  0x5d,0x8f,0x5d,0x9a,0x5d,0xa6,0x5d,0xb1,0x5d,0xbc,0x5d,0xc8,
  0x5d,0xd4,0x5d,0xe0,0x5d,0xec,0x5d,0xf8,0x5e,0x03,0x5e,0x0e,
  0x5e,0x19,0x5e,0x21,0x5e,0x2c,0x5e,0x37,0x5e,0x45,0x5e,0x53,
  0x5e,0x5f,0x5e,0x6b,0x5e,0x77,0x5e,0x83,0x5e,0x8f,0x5e,0x9b,
  0x5e,0xa7,0x5e,0xb3,0x5e,0xbf,0x5e,0xcb,0x5e,0xd7,0x5e,0xe3,
  0x5e,0xef,0x5e,0xfb,0x5f,0x07,0x5f,0x13,0x5f,0x1f,0x5f,0x2b,
  0x5f,0x37,0x5f,0x43,0x5f,0x4e,0x5f,0x59,0x5f,0x64,0x5f,0x6f,
  0x5f,0x7a,0x5f,0x85,0x5f,0x91,0x5f,0x9d,0x5f,0xa9,0x5f,0xb5,
  0x5f,0xc1,0x5f,0xcd,0x5f,0xd9,0x5f,0xe5,0x5f,0xf0,0x5f,0xff,
  0x60,0x0b,0x60,0x1b,0x60,0x2b,0x60,0x37,0x60,0x43,0x60,0x4e,
  0x60,0x59,0x60,0x65,0x60,0x70,0x60,0x7c,0x60,0x88,0x60,0x93,
  0x60,0x9e,0x60,0xaa,0x60,0xb6,0x60,0xc2,0x60,0xce,0x60,0xd9,
  0x60,0xe4,0x60,0xef,0x60,0xf7,0x60,0xff,0x61,0x0a,0x00,0x00,
  0x00,0x01,0x00,0x00,0x00,0x02,0x03,0x54,0x15,0x7b,0x14,0xda,
  0x5f,0x0f,0x3c,0xf5,0x00,0x07,0x03,0xe8,0x00,0x00,0x00,0x00,
  0xdc,0xdb,0x95,0x79,0x00,0x00,0x00,0x00,0xe5,0x15,0x29,0x46,
  0xfe,0xb6,0xfd,0xdc,0x26,0x13,0x05,0x97,0x00,0x00,0x00,0x06,
  0x00,0x02,0x00,0x00,0x00,0x00,0x00,0x00,0x02,0x58,0x00,0x5e,
  0x00,0x00,0x00,0x00,0x01,0x04,0x00,0x00,0x01,0x9b,0x00,0x11,
  0x01,0x9b,0x00,0x11,0x00,0xee,0x00,0x48,0x01,0x23,0x00,0x48,
  0x01,0x6b,0x00,0x28,0x01,0x7b,0x00,0x28,0x00,0xeb,0x00,0x48,
  0x01,0x21,0x00,0x48,0x03,0xe1,0x00,0x1e,0x04,0x45,0x00,0x1e,
  0x01,0x57,0x00,0x00,0x01,0x75,0x00,0x00,0x01,0x0d,0x00,0x00,
  0x01,0x2b,0x00,0x00,0x02,0x7f,0x00,0x0a,0x02,0x93,0x00,0x0a,
  0x02,0x89,0x00,0x0a,0x02,0xcf,0x00,0x0a,0x02,0x7d,0x00,0x00,
  0x02,0x4d,0x00,0x00,0x01,0xdd,0x00,0x23,0x02,0x14,0x00,0x23,
  0x01,0x6f,0xff,0xe7,0x01,0x8c,0xff,0xe7,0x01,0xe9,0x00,0x1e,
  0x02,0x1c,0x00,0x1e,0x04,0xb9,0x00,0x1e,0x04,0xf5,0x00,0x1e,
  0x03,0x52,0x00,0x00,0x03,0x10,0x00,0x00,0x05,0x1a,0x00,0x1e,
  0x05,0x48,0x00,0x1e,0x03,0xb5,0x00,0x00,0x03,0x87,0x00,0x00,
  0x03,0x14,0x00,0x14,0x03,0x3f,0x00,0x14,0x02,0xc6,0x00,0x00,
  0x02,0xa5,0x00,0x00,0x01,0xfb,0x00,0x0a,0x02,0x13,0x00,0x0a,
  0x02,0x09,0x00,0x00,0x01,0xf7,0x00,0x00,0x03,0xd7,0x00,0x1e,
  0x04,0x4a,0x00,0x1e,0x01,0xef,0x00,0x00,0x01,0xbf,0x00,0x00,
  0x03,0x06,0x00,0x1e,0x03,0x28,0x00,0x1e,0x02,0x28,0x00,0x0f,
  0x02,0x37,0x00,0x00,0x03,0x72,0x00,0x1e,0x03,0x9a,0x00,0x1e,
  0x01,0xfc,0x00,0x00,0x01,0x9c,0x00,0x00,0x03,0x6d,0x00,0x1e,
  0x03,0xcf,0x00,0x1e,0x03,0xfa,0x00,0x37,0x04,0x43,0x00,0x37,
  0x03,0x46,0x00,0x00,0x02,0xfb,0x00,0x00,0x02,0xb7,0x00,0x1e,
  0x02,0xda,0x00,0x1e,0x01,0x2c,0x00,0x00,0x00,0xdc,0xfe,0xb6,
  0x01,0x04,0x00,0x00,0x00,0xdb,0xff,0x08,0x01,0xe4,0x00,0x14,
  0x03,0x88,0x00,0x3c,0x03,0xc4,0x00,0x3c,0x02,0x32,0x00,0x0a,
  0x02,0x42,0x00,0x00,0x02,0x0d,0x00,0x00,0x02,0xad,0x00,0x1e,
  0x02,0xda,0x00,0x1e,0x02,0xa0,0x00,0x0f,0x01,0xe6,0x00,0x1e,
  0x01,0xfb,0x00,0x00,0x02,0x3e,0x00,0x00,0x01,0x95,0x00,0x1e,
  0x01,0xdf,0x00,0x14,0x01,0xb6,0x00,0x00,0x01,0x0d,0x00,0x00,
  0x01,0x95,0x00,0x1e,0x02,0xa0,0x00,0x0f,0x02,0x66,0x00,0x0f,
  0x02,0xb6,0x00,0x0f,0x01,0xfb,0x00,0x00,0x02,0x23,0x00,0x00,
  0x01,0xbf,0x00,0x28,0x01,0xbf,0x00,0x28,0x01,0xd8,0x00,0x28,
  0x01,0xd8,0x00,0x28,0x01,0xd8,0x00,0x40,0x02,0xf8,0x00,0x1e,
  0x02,0xe0,0x00,0x1e,0x03,0xae,0x00,0x20,0x02,0x25,0x00,0x00,
  0x01,0x0a,0x00,0x1e,0x01,0x0e,0x00,0x00,0x01,0xd6,0x00,0x00,
  0x01,0x72,0x00,0x00,0x00,0xed,0x00,0x48,0x00,0xb5,0x00,0x14,
  0x01,0x5f,0x00,0x14,0x01,0x5a,0x00,0x14,0x02,0x3c,0x00,0xcc,
  0x02,0x3c,0x00,0xc9,0x02,0x3c,0x00,0x53,0x02,0x3c,0x00,0x23,
  0x02,0x3c,0x00,0x50,0x02,0x3c,0x00,0x55,0x02,0x3c,0x00,0x4a,
  0x02,0x3c,0x00,0x11,0x02,0x3c,0x00,0x11,0x02,0x3c,0x00,0x57,
  0x02,0x3c,0x00,0xcc,0x02,0x3c,0x00,0x53,0x02,0x3c,0x00,0x51,
  0x02,0x3c,0x00,0x4f,0x02,0x3c,0x00,0x65,0x02,0x3c,0x00,0x11,
  0x01,0x27,0x00,0x41,0x01,0x18,0x00,0x33,0x01,0xe7,0x00,0x33,
  0x01,0xde,0x00,0x37,0x02,0x14,0x00,0x41,0x01,0xf8,0x00,0x14,
  0x01,0xeb,0x00,0x1e,0x01,0xa9,0x00,0x19,0x02,0x3c,0x00,0x47,
  0x02,0x3c,0x00,0x5c,0x01,0xfe,0x00,0x32,0x01,0xcb,0x00,0x1e,
  0x00,0xf5,0x00,0x00,0x00,0xf5,0x00,0x1e,0x00,0x00,0xff,0xee,
  0x00,0x00,0xff,0x90,0x01,0x2b,0x00,0x28,0x01,0x48,0x00,0x5a,
  0x01,0x58,0x00,0x48,0x01,0x48,0x00,0x5a,0x01,0x58,0x00,0x48,
  0x01,0x21,0x00,0x1b,0x02,0x5c,0x00,0x5a,0x01,0x6d,0x00,0x1e,
  0x01,0xb2,0x00,0x0c,0x01,0xad,0x00,0x14,0x01,0xad,0x00,0x32,
  0x01,0xf2,0x00,0x0a,0x03,0xe7,0x00,0x27,0x02,0x60,0x00,0x28,
  0x05,0x5a,0x00,0x64,0x05,0x5a,0x00,0x64,0x05,0x5a,0x00,0x64,
  0x02,0x3c,0x00,0x4f,0x02,0x4a,0x00,0x58,0x03,0x6f,0x00,0xe9,
  0x05,0xe0,0x00,0x13,0x05,0xe0,0x00,0x13,0x05,0xe0,0x00,0x13,
  0x06,0x2e,0x00,0x13,0x07,0xf5,0x00,0x0a,0x08,0x25,0x00,0x0a,
  0x0a,0x61,0x00,0x0a,0x0c,0x9d,0x00,0x0a,0x05,0x1c,0x00,0x14,
  0x05,0x1c,0x00,0x14,0x05,0xf1,0x00,0x14,0x04,0x76,0x00,0x14,
  0x04,0x76,0x00,0x14,0x05,0x7a,0x00,0x14,0x04,0x3b,0x00,0x14,
  0x04,0x3b,0x00,0x14,0x03,0x88,0x00,0x14,0x04,0xca,0x00,0x1e,
  0x02,0x58,0x00,0x00,0x01,0xd9,0x00,0x32,0x02,0x89,0x00,0x32,
  0x03,0x41,0x00,0x32,0x02,0x6e,0x00,0x0a,0x02,0x6e,0x00,0x0a,
  0x02,0x6e,0x00,0x0a,0x05,0x04,0x00,0x1e,0x04,0x16,0x00,0x1e,
  0x26,0x33,0x00,0x08,0x04,0x55,0x00,0x14,0x01,0xbf,0x00,0x00,
  0x02,0x09,0xff,0xdd,0x01,0xe4,0x00,0x14,0x03,0x88,0x00,0x3c,
  0x01,0x9b,0x00,0x11,0x00,0x97,0x00,0x1a,0x00,0x97,0x00,0x1a,
  0x01,0x21,0x00,0x1a,0x01,0x21,0x00,0x1a,0x01,0x21,0x00,0x1b,
  0x01,0x21,0x00,0x1b,0x01,0x21,0x00,0x1b,0x01,0x21,0x00,0x1b,
  0x01,0x21,0x00,0x1b,0x01,0x21,0x00,0x1b,0x01,0x05,0x00,0x2d,
  0x00,0x96,0x00,0x19,0x00,0x98,0x00,0x1a,0x00,0xda,0x00,0x14,
  0x01,0x2d,0x00,0x0f,0x01,0x15,0x00,0x0f,0x01,0x60,0x00,0x19,
  0x00,0x00,0x00,0x1a,0x00,0x00,0x00,0x03,0x00,0x00,0x00,0x00,
  0x00,0x00,0x00,0x00,0x00,0x00,0x00,0x00,0x00,0x00,0x00,0x1a,
  0x00,0x00,0x00,0x1b,0x00,0x00,0x00,0x0a,0x00,0x00,0x00,0x16,
  0x00,0x00,0x00,0x19,0x00,0x00,0x00,0x1b,0x00,0x00,0xff,0xfc,
  0x00,0x00,0x00,0x1b,0x00,0x00,0x00,0x1b,0x00,0x00,0x00,0x1b,
  0x00,0x00,0x00,0x1b,0x00,0x00,0x00,0x1b,0x00,0x00,0x00,0x00,
  0x00,0x00,0x00,0x19,0x00,0x00,0x00,0x00,0x00,0x00,0x00,0x00,
  0x00,0x00,0x00,0x00,0x00,0x00,0x00,0x00,0x00,0x00,0x00,0x00,
  0x00,0x00,0x00,0x00,0x00,0x00,0x00,0x1e,0x00,0x00,0x00,0x1e,
  0x00,0x00,0x00,0x14,0x00,0x00,0x00,0x0f,0x00,0x00,0x00,0x16,
  0x00,0x00,0x00,0x16,0x00,0x00,0x00,0x1e,0x00,0x00,0x00,0x1b,
  0x00,0x00,0x00,0x26,0x00,0x00,0x00,0x1a,0x00,0x00,0x00,0x07,
  0x00,0x00,0x00,0x1a,0x00,0x00,0x00,0x2a,0x00,0x00,0x00,0x1a,
  0x00,0x00,0x00,0x1f,0x00,0x00,0x00,0x1b,0x00,0x00,0x00,0x1b,
  0x00,0x00,0x00,0x1b,0x00,0x00,0x00,0x1b,0x00,0x00,0x00,0x00,
  0x00,0x00,0x00,0x00,0x00,0x00,0x00,0x00,0x00,0x00,0x00,0x14,
  0x00,0x00,0x00,0x14,0x00,0x00,0x00,0x2d,0x00,0x00,0x00,0x0f,
  0x00,0x00,0x00,0x1a,0x00,0x00,0x00,0x1a,0x00,0x00,0x00,0x07,
  0x00,0x00,0x00,0x1a,0x00,0x00,0x00,0x2a,0x00,0x00,0x00,0x19,
  0x00,0x00,0x00,0x1b,0x00,0x00,0x00,0x1a,0x00,0x00,0x00,0x1b,
  0x00,0x00,0x00,0x14,0x00,0x00,0x00,0x0f,0x00,0x00,0x01,0x59,
  0x00,0x00,0x00,0x14,0x00,0x00,0x00,0x14,0x00,0x00,0x00,0x00,
  0x00,0x00,0x00,0x00,0x00,0x00,0x00,0x00,0x00,0x00,0x00,0x00,
  0x00,0x00,0x00,0x00,0x00,0x00,0x00,0x00,0x00,0x00,0x00,0x1a,
  0x00,0x00,0x00,0x28,0x00,0x00,0x00,0x28,0x00,0x00,0x00,0x28,
  0x00,0x00,0x00,0x11,0x00,0x00,0x00,0x26,0x00,0x00,0x00,0x3c,
  0x00,0x00,0x00,0x28,0x00,0x00,0x00,0x06,0x00,0x00,0x00,0x28,
  0x00,0x00,0x00,0x11,0x00,0x00,0x00,0x1f,0x00,0x00,0x00,0x28,
  0x00,0x00,0x00,0x1d,0x00,0x00,0x00,0x1e,0x00,0x00,0x00,0x38,
  0x00,0x00,0x00,0x1e,0x00,0x00,0x00,0x1e,0x00,0x00,0x00,0x14,
  0x00,0x00,0x00,0x1e,0x00,0x00,0x00,0x28,0x00,0x00,0x00,0x28,
  0x00,0x00,0x00,0x03,0x00,0x00,0x00,0x03,0x00,0x00,0x00,0x28,
  0x00,0x00,0x00,0x0a,0x00,0x00,0x00,0x14,0x00,0x00,0x00,0x1e,
  0x00,0x00,0x00,0x1e,0x00,0x00,0x00,0x14,0x00,0x00,0x00,0x14,
  0x00,0x00,0x00,0x14,0x00,0x00,0x00,0x14,0x00,0x00,0x00,0x0f,
  0x00,0x00,0x00,0x1f,0x00,0x00,0x00,0x2e,0x00,0x00,0x00,0x11,
  0x00,0x00,0x00,0x14,0x00,0x00,0x00,0x0a,0x00,0x00,0x00,0x00,
  0x00,0x00,0x00,0x2d,0x00,0x00,0x00,0x0f,0x00,0x00,0x00,0x26,
  0x00,0x00,0x00,0x1e,0x00,0x00,0x00,0x0a,0x00,0x00,0x00,0x14,
  0x00,0x00,0x00,0x14,0x00,0x00,0x00,0x27,0x00,0x00,0x00,0x08,
  0x00,0x00,0x00,0x21,0x00,0x00,0x00,0x1b,0x00,0x00,0x00,0x1b,
  0x00,0x00,0x00,0x14,0x00,0x00,0x00,0x17,0x00,0x00,0x00,0x0a,
  0x00,0x00,0x00,0x28,0x00,0x00,0x00,0x28,0x00,0x00,0x00,0x28,
  0x00,0x00,0x00,0x28,0x00,0x00,0x00,0x28,0x00,0x00,0x00,0x1e,
  0x00,0x00,0x00,0x1e,0x00,0x00,0x00,0x26,0x00,0x00,0x00,0x29,
  0x00,0x00,0x00,0x0a,0x00,0x00,0x00,0x14,0x00,0x00,0x00,0x1e,
  0x00,0x00,0x00,0x14,0x00,0x00,0x00,0x14,0x00,0x00,0x00,0x23,
  0x00,0x00,0x00,0x14,0x00,0x00,0x00,0x0a,0x00,0x00,0x00,0x0a,
  0x00,0x00,0x00,0x0a,0x00,0x00,0x00,0x2d,0x00,0x00,0x00,0x26,
  0x00,0x00,0x00,0x1e,0x00,0x00,0x00,0x27,0x00,0x00,0x00,0x11,
  0x00,0x00,0x00,0x14,0x00,0x00,0x00,0x22,0x00,0x00,0x00,0x0d,
  0x00,0x00,0x00,0x11,0x00,0x00,0x00,0x11,0x00,0x00,0x00,0x0f,
  0x00,0x00,0x00,0x1e,0x00,0x00,0x00,0x20,0x00,0x00,0x00,0x3c,
  0x00,0x00,0x00,0x1b,0x00,0x00,0x00,0x14,0x00,0x00,0x00,0x0a,
  0x00,0x00,0x00,0x0a,0x00,0x00,0x00,0x0a,0x00,0x00,0x00,0x0a,
  0x00,0x00,0x00,0x14,0x00,0x00,0x00,0x0a,0x00,0x00,0x00,0x0a,
  0x00,0x00,0x00,0x0a,0x00,0x00,0x00,0x14,0x00,0x00,0x00,0x14,
  0x00,0x00,0x00,0x00,0x00,0x00,0x00,0x83,0x00,0x00,0x00,0x81,
  0x00,0x00,0x00,0x35,0x00,0x00,0x00,0x16,0x00,0x00,0x00,0x33,
  0x00,0x00,0x00,0x36,0x00,0x00,0x00,0x2f,0x00,0x00,0x00,0x0b,
  0x00,0x00,0x00,0x0b,0x00,0x00,0x00,0x38,0x00,0x00,0x00,0x34,
  0x00,0x00,0x00,0x2d,0x00,0x00,0x00,0x33,0x00,0x00,0x00,0x41,
  0x00,0x00,0x00,0x3b,0x00,0x00,0x00,0x68,0x00,0x00,0x00,0x67,
  0x00,0x00,0x00,0x2a,0x00,0x00,0x00,0x12,0x00,0x00,0x00,0x29,
  0x00,0x00,0x00,0x2c,0x00,0x00,0x00,0x26,0x00,0x00,0x00,0x09,
  0x00,0x00,0x00,0x09,0x00,0x00,0x00,0x2d,0x00,0x00,0x00,0x29,
  0x00,0x00,0x00,0x24,0x00,0x00,0x00,0x28,0x00,0x00,0x00,0x34,
  0x00,0x00,0x00,0x2f,0x01,0x30,0x00,0x28,0x01,0x0e,0x00,0x00,
  0x01,0x75,0x00,0x1d,0x01,0x30,0x00,0x28,0x01,0x30,0x00,0x28,
  0x01,0x0e,0x00,0x00,0x01,0x40,0x00,0x11,0x01,0x0e,0xff,0xe5,
  0x01,0x30,0x00,0x28,0x01,0x0e,0x00,0x00,0x01,0x43,0x00,0x1a,
  0x01,0x0e,0xff,0xf1,0x00,0xeb,0x00,0x1f,0x01,0x0e,0x00,0x00,
  0x00,0xeb,0xff,0xc7,0x00,0xeb,0x00,0x0b,0x00,0xee,0x00,0x35,
  0x00,0xeb,0xff,0xeb,0x00,0xeb,0xff,0xf0,0x00,0xee,0xff,0xc1,
  0x01,0x3c,0x00,0x0a,0x01,0x3c,0x00,0x0a,0x03,0xe1,0x00,0x1e,
  0x03,0xe1,0x00,0x1e,0x03,0xe1,0x00,0x1e,0x03,0xe1,0x00,0x1e,
  0x03,0xe1,0x00,0x1e,0x03,0xe1,0x00,0x1e,0x03,0xe1,0x00,0x1e,
  0x03,0xe1,0x00,0x1e,0x03,0xe1,0x00,0x1e,0x03,0xe1,0x00,0x1e,
  0x03,0xe1,0x00,0x1e,0x03,0xe1,0x00,0x1e,0x03,0xe1,0x00,0x1e,
  0x03,0xe1,0x00,0x1e,0x03,0xe1,0x00,0x1e,0x03,0xe1,0x00,0x1e,
  0x03,0xe1,0x00,0x1e,0x03,0xe1,0x00,0x1e,0x03,0xe1,0x00,0x1e,
  0x03,0xe1,0x00,0x1e,0x03,0xe1,0x00,0x1e,0x03,0xe1,0x00,0x1e,
  0x03,0xe1,0x00,0x1e,0x03,0xe1,0x00,0x1e,0x03,0xe1,0x00,0x1e,
  0x03,0xe1,0x00,0x1e,0x02,0x7f,0x00,0x0a,0x02,0x7f,0x00,0x0a,
  0x02,0x7f,0x00,0x0a,0x02,0x7f,0x00,0x0a,0x02,0x93,0x00,0x0a,
  0x02,0x7f,0x00,0x0a,0x02,0x7f,0x00,0x0a,0x02,0x93,0x00,0x0a,
  0x02,0x93,0x00,0x0a,0x02,0x93,0x00,0x0a,0x02,0x7f,0x00,0x0a,
  0x02,0x93,0x00,0x0a,0x02,0x93,0x00,0x0a,0x02,0x93,0x00,0x0a,
  0x02,0x7f,0x00,0x0a,0x02,0x93,0x00,0x0a,0x02,0x7f,0x00,0x0a,
  0x02,0x93,0x00,0x0a,0x02,0x7f,0x00,0x0a,0x02,0x93,0x00,0x0a,
  0x01,0xdd,0x00,0x23,0x01,0xdd,0x00,0x23,0x01,0xdd,0x00,0x23,
  0x01,0xdd,0x00,0x23,0x01,0xdd,0x00,0x23,0x01,0xdd,0x00,0x23,
  0x01,0xdd,0x00,0x23,0x01,0xdd,0x00,0x23,0x01,0xdd,0x00,0x23,
  0x01,0xdd,0x00,0x23,0x01,0xdd,0x00,0x23,0x01,0xdd,0x00,0x23,
  0x01,0xdd,0x00,0x23,0x01,0xdd,0x00,0x23,0x01,0x6f,0xff,0xe7,
  0x01,0x6f,0xff,0xe7,0x01,0x6f,0xff,0xe7,0x01,0x6f,0xff,0xe7,
  0x01,0x6f,0xff,0xe7,0x01,0x6f,0xff,0xe7,0x01,0x6f,0xff,0xe7,
  0x01,0x6f,0xff,0xe7,0x01,0x6f,0xff,0xe7,0x01,0x6f,0xff,0xe7,
  0x01,0x6f,0xff,0xe7,0x01,0x6f,0xff,0xe7,0x01,0x6f,0xff,0xe7,
  0x01,0x6f,0xff,0xe7,0x01,0x6f,0xff,0xe7,0x01,0x6f,0xff,0xe7,
  0x01,0x6f,0xff,0xe7,0x04,0xb9,0x00,0x1e,0x04,0xb9,0x00,0x1e,
  0x04,0xb9,0x00,0x1e,0x04,0xb9,0x00,0x1e,0x04,0xb9,0x00,0x1e,
  0x04,0xb9,0x00,0x1e,0x04,0xb9,0x00,0x1e,0x04,0xb9,0x00,0x1e,
  0x04,0xb9,0x00,0x1e,0x04,0xb9,0x00,0x1e,0x05,0x1a,0x00,0x1e,
  0x05,0x1a,0x00,0x1e,0x05,0x1a,0x00,0x1e,0x05,0x1a,0x00,0x1e,
  0x05,0x1a,0x00,0x1e,0x03,0x14,0x00,0x14,0x03,0x14,0x00,0x14,
  0x03,0x14,0x00,0x14,0x01,0xfb,0x00,0x0a,0x01,0xfb,0x00,0x0a,
  0x01,0xfb,0x00,0x0a,0x01,0xfb,0x00,0x0a,0x01,0xfb,0x00,0x0a,
  0x01,0xfb,0x00,0x0a,0x01,0xfb,0x00,0x0a,0x01,0xfb,0x00,0x0a,
  0x03,0xd7,0x00,0x1e,0x03,0xd7,0x00,0x1e,0x03,0xd7,0x00,0x1e,
  0x03,0xd7,0x00,0x1e,0x03,0xd7,0x00,0x1e,0x03,0xd7,0x00,0x1e,
  0x03,0xd7,0x00,0x1e,0x03,0xd7,0x00,0x1e,0x03,0xd7,0x00,0x1e,
  0x03,0xd7,0x00,0x1e,0x03,0x06,0x00,0x1e,0x03,0x06,0x00,0x1e,
  0x03,0x06,0x00,0x1e,0x03,0x06,0x00,0x1e,0x03,0x06,0x00,0x1e,
  0x03,0x06,0x00,0x1e,0x03,0x06,0x00,0x1e,0x03,0x72,0x00,0x1e,
  0x03,0x72,0x00,0x1e,0x03,0x72,0x00,0x1e,0x03,0x72,0x00,0x1e,
  0x03,0x72,0x00,0x1e,0x03,0x72,0x00,0x1e,0x03,0x6d,0x00,0x1e,
  0x03,0x6d,0x00,0x1e,0x03,0x6d,0x00,0x1e,0x03,0x6d,0x00,0x1e,
  0x03,0x6d,0x00,0x1e,0x03,0x6d,0x00,0x1e,0x03,0x6d,0x00,0x1e,
  0x03,0x6d,0x00,0x1e,0x03,0x6d,0x00,0x1e,0x03,0x6d,0x00,0x1e,
  0x03,0x6d,0x00,0x1e,0x03,0x6d,0x00,0x1e,0x03,0x6d,0x00,0x1e,
  0x03,0x6d,0x00,0x1e,0x03,0x6d,0x00,0x1e,0x02,0xb7,0x00,0x1e,
  0x02,0xb7,0x00,0x1e,0x02,0xb7,0x00,0x1e,0x02,0xb7,0x00,0x1e,
  0x02,0xb7,0x00,0x1e,0x02,0xb7,0x00,0x1e,0x02,0xb7,0x00,0x1e,
  0x01,0xe4,0x00,0x14,0x01,0xe4,0x00,0x14,0x01,0xe4,0x00,0x14,
  0x02,0xad,0x00,0x1e,0x02,0xad,0x00,0x1e,0x02,0xad,0x00,0x1e,
  0x02,0xad,0x00,0x1e,0x02,0xad,0x00,0x1e,0x02,0xad,0x00,0x1e,
  0x02,0xad,0x00,0x1e,0x02,0xad,0x00,0x1e,0x02,0xad,0x00,0x1e,
  0x01,0x95,0x00,0x1e,0x01,0x95,0x00,0x1e,0x01,0x95,0x00,0x1e,
  0x01,0x95,0x00,0x1e,0x02,0xa0,0x00,0x0f,0x01,0xbf,0x00,0x28,
  0x01,0xbf,0x00,0x28,0x01,0xbf,0x00,0x28,0x01,0xbf,0x00,0x28,
  0x01,0xbf,0x00,0x28,0x01,0xbf,0x00,0x28,0x01,0xbf,0x00,0x28,
  0x01,0xbf,0x00,0x28,0x01,0xbf,0x00,0x28,0x01,0xbf,0x00,0x28,
  0x01,0xbf,0x00,0x28,0x01,0xbf,0x00,0x28,0x01,0xbf,0x00,0x28,
  0x02,0x13,0x00,0x1e,0x02,0xf8,0x00,0x1e,0x02,0xf8,0x00,0x1e,
  0x02,0xf8,0x00,0x1e,0x02,0xf8,0x00,0x1e,0x02,0xf8,0x00,0x1e,
  0x02,0xf8,0x00,0x1e,0x02,0xf8,0xff,0x8d,0x02,0xf8,0x00,0x1e,
  0x02,0xf8,0x00,0x1e,0x02,0xf8,0x00,0x1e,0x02,0xf8,0x00,0x1e,
  0x02,0xf8,0x00,0x1e,0x02,0xf8,0x00,0x1e,0x02,0xf8,0x00,0x1e,
  0x02,0xf8,0x00,0x1e,0x02,0xf8,0x00,0x1e,0x03,0xae,0x00,0x20,
  0x03,0xae,0x00,0x20,0x03,0xae,0x00,0x20,0x02,0x89,0x00,0x48,
  0x03,0x5a,0x00,0x28,0x03,0x5a,0x00,0x28,0x04,0x93,0x00,0x1e,
  0x02,0x22,0x00,0x1e,0x02,0x30,0x00,0x48,0x02,0x7a,0x00,0x48,
  0x02,0xec,0x00,0x14,0x03,0x36,0x00,0x14,0x02,0xe5,0x00,0x28,
  0x03,0x2f,0x00,0x28,0x02,0xe5,0x00,0x28,0x03,0x2f,0x00,0x28,
  0x02,0xe5,0x00,0x28,0x03,0x2f,0x00,0x28,0x02,0xe5,0x00,0x28,
  0x03,0x2f,0x00,0x28,0x03,0xed,0x00,0x1e,0x04,0x37,0x00,0x1e,
  0x02,0x82,0x00,0x00,0x03,0xed,0x00,0x1e,0x04,0x37,0x00,0x1e,
  0x02,0x64,0x00,0x00,0x02,0x46,0xff,0xb8,0x02,0x57,0xff,0xcc,
  0x02,0x46,0xff,0xfc,0x02,0x57,0x00,0x10,0x02,0x46,0x00,0x28,
  0x02,0x57,0x00,0x28,0x02,0x46,0x00,0x28,0x02,0x57,0x00,0x28,
  0x01,0x0d,0x00,0x00,0x01,0x2b,0xff,0xfe,0x01,0x2b,0xff,0xfb,
  0x01,0x2b,0xff,0xff,0x01,0x2b,0x00,0x00,0x01,0x0d,0x00,0x00,
  0x01,0x0d,0x00,0x00,0x01,0x0d,0x00,0x00,0x01,0x2b,0x00,0x00,
  0x01,0x2b,0x00,0x00,0x01,0x0d,0x00,0x00,0x01,0x0d,0x00,0x00,
  0x02,0x4d,0x00,0x00,0x02,0x4d,0x00,0x00,0x02,0x4d,0x00,0x00,
  0x02,0x4d,0x00,0x00,0x02,0x4d,0x00,0x00,0x02,0x4d,0x00,0x00,
  0x03,0x10,0x00,0x00,0x03,0x87,0x00,0x00,0x02,0xa5,0x00,0x00,
  0x01,0xf7,0x00,0x00,0x01,0xbf,0x00,0x00,0x01,0xbf,0x00,0x00,
  0x01,0xbf,0x00,0x00,0x01,0xbf,0x00,0x00,0x01,0x9c,0x00,0x00,
  0x01,0x9c,0x00,0x00,0x01,0x9c,0x00,0x00,0x01,0x9c,0x00,0x00,
  0x01,0x9c,0x00,0x00,0x02,0x3e,0x00,0x00,0x01,0x57,0x00,0x00,
  0x01,0x75,0x00,0x00,0x01,0x75,0x00,0x00,0x01,0x75,0x00,0x00,
  0x01,0x75,0x00,0x00,0x01,0x75,0x00,0x00,0x01,0x75,0x00,0x00,
  0x01,0x75,0x00,0x00,0x01,0x57,0x00,0x00,0x01,0x57,0x00,0x00,
  0x01,0x75,0x00,0x00,0x01,0x75,0x00,0x00,0x02,0x7d,0x00,0x00,
  0x02,0x7d,0x00,0x00,0x02,0x7d,0x00,0x00,0x02,0x7d,0x00,0x00,
  0x02,0x7d,0x00,0x00,0x02,0x7d,0x00,0x00,0x03,0x52,0x00,0x00,
  0x03,0xb5,0x00,0x00,0x02,0xc6,0x00,0x00,0x02,0x09,0x00,0x00,
  0x01,0xef,0x00,0x00,0x01,0xef,0x00,0x00,0x01,0xef,0x00,0x00,
  0x01,0xef,0x00,0x00,0x01,0xfc,0x00,0x00,0x01,0xfc,0x00,0x00,
  0x01,0xfc,0x00,0x00,0x01,0xfc,0x00,0x00,0x01,0xfc,0x00,0x00,
  0x01,0x23,0xff,0xc6,0x01,0x23,0x00,0x0a,0x01,0x23,0x00,0x39,
  0x01,0x23,0xff,0xcf,0x04,0x45,0x00,0x1e,0x04,0x45,0x00,0x1e,
  0x04,0x45,0x00,0x1e,0x04,0x45,0x00,0x1e,0x04,0x45,0x00,0x1e,
  0x04,0x45,0x00,0x1e,0x04,0x45,0x00,0x1e,0x04,0x45,0x00,0x1e,
  0x04,0x45,0x00,0x1e,0x02,0x89,0x00,0x0a,0x02,0x89,0x00,0x0a,
  0x02,0xcf,0x00,0x0a,0x02,0x89,0x00,0x0a,0x02,0xcf,0x00,0x0a,
  0x02,0xcf,0x00,0x0a,0x02,0x14,0x00,0x23,0x02,0x14,0x00,0x23,
  0x02,0x14,0x00,0x23,0x02,0x14,0x00,0x23,0x01,0x8c,0xff,0xe7,
  0x01,0x8c,0xff,0xe7,0x01,0x8c,0xff,0xe7,0x04,0xf5,0x00,0x1e,
  0x05,0x48,0x00,0x1e,0x03,0x3f,0x00,0x14,0x02,0x13,0x00,0x0a,
  0x04,0x4a,0x00,0x1e,0x04,0x4a,0x00,0x1e,0x04,0x4a,0x00,0x1e,
  0x03,0x28,0x00,0x1e,0x03,0x9a,0x00,0x1e,0x03,0x9a,0x00,0x1e,
  0x03,0xcf,0x00,0x1e,0x03,0xcf,0x00,0x1e,0x03,0xcf,0x00,0x1e,
  0x02,0xda,0x00,0x1e,0x02,0xda,0x00,0x1e,0x01,0xe6,0x00,0x1e,
  0x01,0xe6,0x00,0x1e,0x01,0xd8,0x00,0x28,0x01,0xd8,0x00,0x28,
  0x01,0xd8,0x00,0x28,0x01,0xd8,0x00,0x28,0x01,0xd8,0x00,0x28,
  0x01,0xd8,0x00,0x28,0x02,0xe0,0x00,0x1e,0x02,0xe0,0x00,0x1e,
  0x02,0xe0,0x00,0x1e,0x02,0x25,0x00,0x00,0x01,0x0d,0x00,0x00,
  0x01,0x57,0x00,0x00,0x02,0x14,0x00,0x23,0x01,0x0d,0x00,0x00,
  0x01,0x57,0x00,0x00,0x01,0xd8,0x00,0x28,0x00,0x01,0x00,0x00,
  0x05,0x5e,0xfd,0x1e,0x00,0x00,0x26,0x33,0xfe,0xb6,0xfb,0xfb,
  0x26,0x13,0x03,0xe8,0x00,0x00,0x00,0x00,0x00,0x00,0x00,0x00,
  0x00,0x00,0x00,0x00,0x00,0x00,0x03,0x12,0x00,0x04,0x03,0xa4,
  0x01,0x90,0x00,0x05,0x00,0x00,0x02,0x8a,0x02,0x58,0x00,0x00,
  0x00,0x4b,0x02,0x8a,0x02,0x58,0x00,0x00,0x01,0x5e,0x00,0x32,
  0x01,0x42,0x00,0x00,0x02,0x0b,0x05,0x02,0x04,0x05,0x04,0x02,
  0x02,0x04,0x80,0x00,0x20,0x01,0x80,0x00,0x00,0x00,0x00,0x00,
  0x00,0x08,0x00,0x00,0x00,0x00,0x47,0x4f,0x4f,0x47,0x01,0xc0,
  0x00,0x20,0xfe,0xff,0x05,0x5e,0xfd,0x1e,0x00,0x00,0x05,0x97,
  0x02,0xe2,0x00,0x00,0x00,0x40,0x00,0x00,0x00,0x00,0x02,0x18,
  0x02,0xca,0x00,0x00,0x00,0x20,0x00,0x06,0x00,0x00,0x00,0x02,
  0x00,0x00,0x00,0x03,0x00,0x00,0x00,0x14,0x00,0x03,0x00,0x01,
  0x00,0x00,0x00,0x14,0x00,0x04,0x05,0xa0,0x00,0x00,0x00,0x32,
  0x00,0x20,0x00,0x04,0x00,0x12,0x00,0x20,0x06,0x5f,0x06,0x69,
  0x06,0x87,0x06,0x90,0x06,0x99,0x06,0xff,0x07,0x56,0x07,0x7f,
  0x08,0xff,0x20,0x0d,0xfb,0xb1,0xfb,0xc2,0xfb,0xe9,0xfb,0xfb,
  0xfb,0xff,0xfd,0x3f,0xfd,0xf2,0xfd,0xfd,0xfe,0x74,0xfe,0x7f,
  0xfe,0xf4,0xfe,0xfc,0xfe,0xff,0xff,0xff,0x00,0x00,0x00,0x20,
  0x06,0x00,0x06,0x60,0x06,0x6a,0x06,0x88,0x06,0x91,0x06,0x9a,
  0x07,0x50,0x07,0x57,0x08,0xa0,0x20,0x0c,0xfb,0x50,0xfb,0xb2,
  0xfb,0xd3,0xfb,0xea,0xfb,0xfc,0xfd,0x3e,0xfd,0xf2,0xfd,0xfd,
  0xfe,0x70,0xfe,0x76,0xfe,0x80,0xfe,0xf5,0xfe,0xff,0xff,0xff,
  0xff,0xe2,0x00,0x00,0xfa,0x0c,0x00,0x00,0xfb,0x5a,0xfb,0x5f,
  0x00,0x00,0xfa,0x6e,0x00,0x00,0x00,0x00,0xe0,0x7e,0x00,0x00,
  0x05,0x10,0x00,0x00,0x06,0x94,0x00,0x00,0x03,0x57,0x02,0xc7,
  0x02,0xbe,0x00,0x00,0x03,0x2b,0x00,0x00,0x03,0x9b,0x01,0x02,
  0x00,0x01,0x00,0x00,0x00,0x30,0x00,0x00,0x00,0xec,0x00,0x00,
  0x00,0x00,0x01,0x22,0x00,0x00,0x01,0xea,0x02,0x3a,0x00,0x00,
  0x02,0xf6,0x00,0x00,0x03,0xb6,0x00,0x00,0x03,0xe0,0x00,0x00,
  0x00,0x00,0x00,0x00,0x03,0xe0,0x00,0x00,0x03,0xe6,0x00,0x00,
  0x00,0x00,0x00,0x00,0x00,0xab,0x00,0xa0,0x00,0xae,0x00,0xa8,
  0x00,0xa4,0x00,0xb1,0x00,0xb7,0x00,0xb8,0x00,0xbc,0x00,0xb4,
  0x00,0xb5,0x00,0xbd,0x00,0x8d,0x00,0x93,0x00,0xb0,0x00,0xbe,
  0x01,0x4c,0x01,0x4d,0x01,0x4a,0x01,0x4b,0x01,0x4e,0x01,0x6e,
  0x01,0x7e,0x01,0x6b,0x01,0x26,0x01,0x27,0x01,0x55,0x00,0x8e,
  0x00,0xb2,0x00,0x92,0x00,0x91,0x00,0x94,0x02,0x65,0x00,0x03,
  0x01,0xab,0x01,0xac,0x02,0x58,0x01,0xad,0x02,0x66,0x00,0x05,
  0x01,0xb3,0x02,0x53,0x01,0xb4,0x01,0xb5,0x01,0xcd,0x00,0x11,
  0x01,0xce,0x00,0x17,0x01,0xe1,0x00,0x19,0x01,0xef,0x00,0x1d,
  0x02,0x00,0x00,0x21,0x02,0x0a,0x00,0x25,0x02,0x0f,0x00,0x29,
  0x02,0x12,0x02,0x31,0x02,0x32,0x02,0x67,0x02,0x68,0x02,0x69,
  0x00,0x65,0x02,0x1a,0x02,0x24,0x02,0x2b,0x00,0x3f,0x00,0x45,
  0x02,0x4a,0x00,0x4d,0x00,0x5b,0x00,0x60,0x02,0x6a,0x01,0x21,
  0x01,0x22,0x01,0x52,0x01,0x1d,0x01,0x1e,0x01,0x51,0x01,0x1a,
  0x01,0x25,0x00,0xe6,0x00,0xe2,0x00,0xfe,0x01,0x64,0x01,0x1f,
  0x01,0x31,0x01,0x2d,0x00,0xe7,0x00,0xe8,0x01,0x60,0x01,0x20,
  0x01,0x2e,0x00,0xff,0x00,0xb3,0x00,0x88,0x00,0x89,0x00,0x97,
  0x00,0x0b,0x00,0x31,0x01,0x42,0x01,0xae,0x01,0xaf,0x01,0xb0,
  0x00,0x04,0x02,0x79,0x02,0x7a,0x02,0x7b,0x02,0x7c,0x01,0xb6,
  0x01,0xb7,0x01,0xb8,0x01,0xb9,0x01,0xba,0x01,0xbb,0x01,0xbc,
  0x01,0xbd,0x01,0xcf,0x01,0xd0,0x01,0xd1,0x01,0xd2,0x01,0xd3,
  0x01,0xd4,0x01,0xd5,0x02,0x01,0x02,0x02,0x02,0x03,0x02,0x0b,
  0x02,0x0c,0x02,0x10,0x02,0x13,0x00,0x2d,0x02,0x1b,0x02,0x1c,
  0x02,0x1d,0x02,0x1e,0x02,0x1f,0x02,0x25,0x02,0x26,0x00,0x39,
  0x00,0x3b,0x02,0x33,0x02,0x2c,0x02,0x2d,0x02,0x2e,0x02,0x34,
  0x02,0x35,0x02,0x36,0x02,0x37,0x02,0x38,0x02,0x39,0x02,0x40,
  0x02,0x41,0x02,0x42,0x02,0x43,0x02,0x4b,0x00,0x4b,0x02,0x4c,
  0x02,0x4d,0x02,0x4e,0x00,0x56,0x01,0xd6,0x02,0x54,0x00,0x51,
  0x02,0x55,0x02,0x56,0x02,0x59,0x02,0x5a,0x02,0x5c,0x02,0x5d,
  0x02,0x5e,0x02,0x5f,0x02,0x60,0x02,0x61,0x02,0x6b,0x02,0x6c,
  0x02,0x6d,0x02,0x62,0x02,0x6e,0x02,0x6f,0x00,0x62,0x02,0x76,
  0x00,0x8c,0x00,0x55,0x01,0x7c,0x01,0x7d,0x01,0x71,0x01,0x73,
  0x01,0x6a,0x01,0x69,0x01,0x6c,0x00,0x9a,0x00,0x98,0x01,0x3c,
  0x01,0x3b,0x01,0x3d,0x01,0x44,0x01,0x68,0x01,0x41,0x00,0x69,
  0x00,0x6a,0x01,0x47,0x01,0x72,0x00,0x99,0x01,0x5f,0x01,0x3e,
  0x01,0x3f,0x01,0x65,0x01,0xeb,0x01,0xf9,0x00,0x76,0x00,0x6d,
  0x00,0x77,0x00,0x6f,0x00,0x78,0x00,0x79,0x00,0x7a,0x00,0x7b,
  0x00,0x74,0x00,0x75,0x02,0x04,0x02,0x0d,0x02,0x14,0x00,0xc1,
  0x00,0xbf,0x02,0x57,0x01,0xd7,0x01,0xd8,0x01,0xec,0x01,0xed,
  0x01,0xfa,0x02,0x05,0x02,0x15,0x02,0x16,0x02,0x17,0x02,0x20,
  0x02,0x21,0x02,0x3a,0x02,0x3b,0x02,0x3c,0x02,0x48,0x02,0x49,
  0x02,0x4f,0x02,0x50,0x02,0x51,0x02,0x44,0x01,0xfb,0x01,0xfc,
  0x02,0x06,0x01,0xd9,0x01,0xda,0x02,0x07,0x01,0xfd,0x01,0xdb,
  0x01,0xb1,0x01,0xb2,0x02,0x70,0x02,0x71,0x02,0x72,0x02,0x63,
  0x02,0x64,0x02,0x77,0x02,0x78,0x01,0xdc,0x02,0x08,0x02,0x09,
  0x02,0x2f,0x01,0xc5,0x01,0xc6,0x01,0xdd,0x02,0x11,0x02,0x22,
  0x02,0x27,0x02,0x45,0x02,0x47,0x02,0x73,0x02,0x74,0x00,0x1b,
  0x02,0x5b,0x00,0x33,0x00,0x68,0x01,0xee,0x02,0x0e,0x02,0x3d,
  0x00,0x5f,0x01,0xfe,0x02,0x18,0x02,0x30,0x02,0x2a,0x01,0xc7,
  0x01,0xc8,0x01,0xc9,0x01,0xff,0x02,0x75,0x02,0x23,0x02,0x28,
  0x02,0x52,0x01,0xca,0x01,0xcb,0x01,0xcc,0x01,0xde,0x02,0x3e,
  0x02,0x19,0x02,0x29,0x01,0xdf,0x01,0xe0,0x02,0x46,0x02,0x3f,
  0x00,0x6b,0x01,0x46,0x01,0x48,0x01,0x74,0x01,0x43,0x01,0x40,
  0x01,0x61,0x01,0x59,0x01,0x62,0x01,0x63,0x01,0x66,0x01,0x78,
  0x01,0x6d,0x01,0x6f,0x01,0x70,0x01,0x49,0x01,0x67,0x01,0x77,
  0x01,0x75,0x01,0x76,0x01,0x7a,0x01,0x79,0x01,0x7b,0x01,0x4f,
  0x01,0x50,0x00,0x9d,0x01,0x58,0x01,0x28,0x01,0x29,0x01,0x56,
  0x01,0x2a,0x01,0x2b,0x01,0x57,0x01,0x39,0x01,0x3a,0x01,0x33,
  0x01,0x5d,0x01,0x5e,0x01,0x5a,0x01,0x23,0x01,0x24,0x01,0x53,
  0x01,0x45,0x01,0x30,0x01,0x2f,0x01,0x54,0x01,0x34,0x01,0x35,
  0x01,0x5b,0x01,0x5c,0x01,0x36,0x01,0x37,0x01,0x38,0x01,0x2c,
  0x01,0x32,0x01,0xae,0x02,0xda,0x01,0xb8,0x02,0xe0,0x03,0x0c,
  0x03,0x0d,0x01,0xbb,0x02,0xe1,0x02,0x9a,0x02,0xbd,0x01,0xbd,
  0x02,0xe3,0x02,0x9b,0x02,0xbf,0x01,0xb7,0x02,0xdf,0x02,0xa0,
  0x02,0xbc,0x01,0xbc,0x02,0xe2,0x02,0xa1,0x02,0xbe,0x01,0xb6,
  0x02,0xde,0x02,0x9f,0x02,0xbb,0x02,0x1d,0x02,0xf6,0x02,0xaf,
  0x02,0xcf,0x02,0x1f,0x02,0xf7,0x02,0xb0,0x02,0xd0,0x01,0xd2,
  0x02,0xe7,0x02,0xa7,0x02,0xc7,0x01,0xd1,0x02,0xe6,0x02,0xa6,
  0x02,0xc6,0x01,0xd4,0x02,0xe8,0x02,0xa8,0x02,0xc8,0x01,0xd5,
  0x02,0xe9,0x02,0xa9,0x02,0xc9,0x01,0xe7,0x02,0xed,0x01,0xe6,
  0x02,0xec,0x01,0xe8,0x03,0x0e,0x01,0xe2,0x02,0xeb,0x01,0xf7,
  0x02,0xf0,0x01,0xf0,0x02,0xef,0x00,0x39,0x00,0x3a,0x02,0xb2,
  0x02,0xd2,0x02,0x34,0x02,0xfb,0x02,0xb4,0x02,0xd4,0x02,0x38,
  0x02,0xfd,0x02,0xb6,0x02,0xd6,0x02,0x36,0x02,0xfc,0x02,0xb5,
  0x02,0xd5,0x00,0x4b,0x00,0x4c,0x02,0x4c,0x02,0xff,0x02,0x9f,
  0x02,0xbb,0x02,0x54,0x03,0x01,0x00,0x51,0x00,0x52,0x00,0x54,
  0x00,0x53,0x00,0x56,0x00,0x57,0x02,0xb7,0x00,0x59,0x00,0x62,
  0x00,0x63,0x02,0x76,0x03,0x0b,0x02,0x2d,0x02,0xfa,0x02,0xb3,
  0x02,0xd3,0x02,0x5d,0x03,0x04,0x02,0x5c,0x03,0x03,0x02,0x5e,
  0x03,0x05,0x02,0x7b,0x02,0x61,0x03,0x07,0x02,0x5a,0x03,0x11,
  0x02,0x5f,0x03,0x06,0x02,0x6e,0x03,0x0a,0x02,0x9c,0x02,0xc3,
  0x03,0x0f,0x03,0x10,0x02,0x6b,0x00,0x61,0x02,0x99,0x02,0xc2,
  0x01,0x9d,0x01,0x9e,0x01,0x9f,0x00,0x64,0x01,0xa0,0x00,0x03,
  0x01,0xab,0x02,0xd7,0x01,0xac,0x02,0xd8,0x02,0x58,0x03,0x02,
  0x01,0xad,0x02,0xd9,0x02,0x66,0x03,0x08,0x02,0xa3,0x02,0xc1,
  0x00,0x05,0x00,0x06,0x01,0xb3,0x02,0xdb,0x02,0x98,0x02,0xb8,
  0x02,0x53,0x03,0x00,0x01,0xb4,0x02,0xdc,0x02,0x9d,0x02,0xb9,
  0x01,0xb5,0x02,0xdd,0x02,0x9e,0x02,0xba,0x01,0xcd,0x02,0xe4,
  0x02,0xa4,0x02,0xc4,0x00,0x11,0x00,0x13,0x00,0x16,0x00,0x15,
  0x01,0xce,0x02,0xe5,0x02,0xa5,0x02,0xc5,0x00,0x17,0x00,0x18,
  0x01,0xe1,0x02,0xea,0x00,0x19,0x00,0x1a,0x01,0xef,0x02,0xee,
  0x00,0x1d,0x00,0x1e,0x00,0x20,0x00,0x1f,0x02,0x00,0x02,0xf1,
  0x02,0xaa,0x02,0xca,0x00,0x21,0x00,0x22,0x00,0x24,0x00,0x23,
  0x02,0x0a,0x02,0xf2,0x02,0xab,0x02,0xcb,0x00,0x25,0x00,0x26,
  0x00,0x28,0x00,0x27,0x02,0x0f,0x02,0xf3,0x02,0xac,0x02,0xcc,
  0x00,0x29,0x00,0x2a,0x00,0x2c,0x00,0x2b,0x02,0x12,0x02,0xf4,
  0x02,0xad,0x02,0xcd,0x02,0x1a,0x02,0xf5,0x02,0xae,0x02,0xce,
  0x02,0x24,0x02,0xf8,0x02,0xb1,0x02,0xd1,0x02,0x2b,0x02,0xf9,
  0x00,0x38,0x00,0x37,0x00,0x3f,0x00,0x40,0x00,0x43,0x00,0x41,
  0x00,0x45,0x00,0x48,0x00,0x4a,0x00,0x49,0x02,0x4a,0x02,0xfe,
  0x02,0xa2,0x02,0xc0,0x00,0x55,0x00,0x4e,0x00,0x50,0x00,0x4f,
  0x00,0x5b,0x00,0x5d,0x00,0x60,0x00,0x61,0x02,0x6a,0x03,0x09,
  0x02,0x99,0x02,0xc2,0x00,0x00,0x00,0x07,0x00,0x5a,0x00,0x03,
  0x00,0x01,0x04,0x09,0x00,0x00,0x00,0x9a,0x00,0x00,0x00,0x03,
  0x00,0x01,0x04,0x09,0x00,0x01,0x00,0x20,0x00,0x9a,0x00,0x03,
  0x00,0x01,0x04,0x09,0x00,0x02,0x00,0x0e,0x00,0xba,0x00,0x03,
  0x00,0x01,0x04,0x09,0x00,0x03,0x00,0x42,0x00,0xc8,0x00,0x03,
  0x00,0x01,0x04,0x09,0x00,0x04,0x00,0x30,0x01,0x0a,0x00,0x03,
  0x00,0x01,0x04,0x09,0x00,0x05,0x00,0x56,0x01,0x3a,0x00,0x03,
  0x00,0x01,0x04,0x09,0x00,0x06,0x00,0x2c,0x01,0x90,0x00,0x43,
  0x00,0x6f,0x00,0x70,0x00,0x79,0x00,0x72,0x00,0x69,0x00,0x67,
  0x00,0x68,0x00,0x74,0x00,0x20,0x00,0x32,0x00,0x30,0x00,0x32,
  0x00,0x32,0x00,0x20,0x00,0x54,0x00,0x68,0x00,0x65,0x00,0x20,
  0x00,0x4e,0x00,0x6f,0x00,0x74,0x00,0x6f,0x00,0x20,0x00,0x50,
  0x00,0x72,0x00,0x6f,0x00,0x6a,0x00,0x65,0x00,0x63,0x00,0x74,
  0x00,0x20,0x00,0x41,0x00,0x75,0x00,0x74,0x00,0x68,0x00,0x6f,
  0x00,0x72,0x00,0x73,0x00,0x20,0x00,0x28,0x00,0x68,0x00,0x74,
  0x00,0x74,0x00,0x70,0x00,0x73,0x00,0x3a,0x00,0x2f,0x00,0x2f,
  0x00,0x67,0x00,0x69,0x00,0x74,0x00,0x68,0x00,0x75,0x00,0x62,
  0x00,0x2e,0x00,0x63,0x00,0x6f,0x00,0x6d,0x00,0x2f,0x00,0x6e,
  0x00,0x6f,0x00,0x74,0x00,0x6f,0x00,0x66,0x00,0x6f,0x00,0x6e,
  0x00,0x74,0x00,0x73,0x00,0x2f,0x00,0x61,0x00,0x72,0x00,0x61,
  0x00,0x62,0x00,0x69,0x00,0x63,0x00,0x29,0x00,0x4e,0x00,0x6f,
  0x00,0x74,0x00,0x6f,0x00,0x20,0x00,0x53,0x00,0x61,0x00,0x6e,
  0x00,0x73,0x00,0x20,0x00,0x41,0x00,0x72,0x00,0x61,0x00,0x62,
  0x00,0x69,0x00,0x63,0x00,0x52,0x00,0x65,0x00,0x67,0x00,0x75,
  0x00,0x6c,0x00,0x61,0x00,0x72,0x00,0x32,0x00,0x2e,0x00,0x30,
  0x00,0x31,0x00,0x33,0x00,0x3b,0x00,0x47,0x00,0x4f,0x00,0x4f,
  0x00,0x47,0x00,0x3b,0x00,0x4e,0x00,0x6f,0x00,0x74,0x00,0x6f,
  0x00,0x53,0x00,0x61,0x00,0x6e,0x00,0x73,0x00,0x41,0x00,0x72,
  0x00,0x61,0x00,0x62,0x00,0x69,0x00,0x63,0x00,0x2d,0x00,0x52,
  0x00,0x65,0x00,0x67,0x00,0x75,0x00,0x6c,0x00,0x61,0x00,0x72,
  0x00,0x4e,0x00,0x6f,0x00,0x74,0x00,0x6f,0x00,0x20,0x00,0x53,
  0x00,0x61,0x00,0x6e,0x00,0x73,0x00,0x20,0x00,0x41,0x00,0x72,
  0x00,0x61,0x00,0x62,0x00,0x69,0x00,0x63,0x00,0x20,0x00,0x52,
  0x00,0x65,0x00,0x67,0x00,0x75,0x00,0x6c,0x00,0x61,0x00,0x72,
  0x00,0x56,0x00,0x65,0x00,0x72,0x00,0x73,0x00,0x69,0x00,0x6f,
  0x00,0x6e,0x00,0x20,0x00,0x32,0x00,0x2e,0x00,0x30,0x00,0x31,
  0x00,0x33,0x00,0x3b,0x00,0x20,0x00,0x74,0x00,0x74,0x00,0x66,
  0x00,0x61,0x00,0x75,0x00,0x74,0x00,0x6f,0x00,0x68,0x00,0x69,
  0x00,0x6e,0x00,0x74,0x00,0x20,0x00,0x28,0x00,0x76,0x00,0x31,
  0x00,0x2e,0x00,0x38,0x00,0x2e,0x00,0x34,0x00,0x2e,0x00,0x31,
  0x00,0x36,0x00,0x2d,0x00,0x65,0x00,0x62,0x00,0x36,0x00,0x34,
  0x00,0x29,0x00,0x4e,0x00,0x6f,0x00,0x74,0x00,0x6f,0x00,0x53,
  0x00,0x61,0x00,0x6e,0x00,0x73,0x00,0x41,0x00,0x72,0x00,0x61,
  0x00,0x62,0x00,0x69,0x00,0x63,0x00,0x2d,0x00,0x52,0x00,0x65,
  0x00,0x67,0x00,0x75,0x00,0x6c,0x00,0x61,0x00,0x72,0x00,0x00,
  0x00,0x03,0x00,0x00,0x00,0x00,0x00,0x00,0xff,0x9c,0x00,0x32,
  0x00,0x00,0x00,0x00,0x00,0x00,0x00,0x00,0x00,0x00,0x00,0x00,
  0x00,0x00,0x00,0x00,0x00,0x00,0x00,0x00,0x00,0x01,0x00,0x01,
  0xff,0xff,0x00,0x0f,0x00,0x01,0x00,0x02,0x00,0x0e,0x00,0x00,
  0x00,0x4e,0x00,0x00,0x00,0x78,0x00,0x02,0x00,0x0a,0x00,0x02,
  0x00,0x66,0x00,0x01,0x00,0x68,0x00,0x6b,0x00,0x01,0x00,0x9a,
  0x00,0xaf,0x00,0x01,0x00,0xb9,0x00,0xba,0x00,0x02,0x00,0xbc,
  0x00,0xbc,0x00,0x01,0x00,0xd3,0x00,0xef,0x00,0x03,0x00,0xf1,
  0x01,0x03,0x00,0x03,0x01,0x05,0x01,0x9c,0x00,0x03,0x02,0x65,
  0x02,0x65,0x00,0x01,0x02,0x7d,0x02,0x7d,0x00,0x01,0x00,0x08,
  0x00,0x02,0x00,0x10,0x00,0x1c,0x00,0x01,0x00,0x02,0x00,0xb9,
  0x00,0xba,0x00,0x03,0x00,0x12,0x00,0x16,0x00,0x08,0x00,0x01,
  0x04,0x16,0x00,0x02,0x00,0x06,0x00,0x0a,0x00,0x01,0x01,0xf0,
  0x00,0x01,0x03,0x1c,0x00,0x01,0x00,0x09,0x00,0x00,0x00,0x28,
  0x00,0x00,0x00,0x2e,0x00,0x00,0x00,0x50,0x00,0x00,0x00,0x60,
  0x00,0x00,0x00,0x68,0x00,0x00,0x00,0x84,0x00,0x00,0x00,0x90,
  0x00,0x00,0x00,0x9a,0x00,0x00,0x00,0xb6,0x00,0x01,0x00,0x01,
  0x00,0xe2,0x00,0x01,0x00,0x0f,0x00,0xd8,0x00,0xdd,0x00,0xe0,
  0x00,0xe1,0x00,0xec,0x00,0xed,0x00,0xef,0x00,0xf2,0x00,0xf7,
  0x00,0xfa,0x00,0xfb,0x00,0xfc,0x00,0xfd,0x01,0x03,0x01,0x05,
  0x00,0x02,0x00,0x02,0x01,0x09,0x01,0x0a,0x00,0x00,0x01,0x0c,
  0x01,0x10,0x00,0x02,0x00,0x01,0x00,0x02,0x01,0x1a,0x01,0x42,
  0x00,0x02,0x00,0x04,0x00,0xf5,0x01,0x03,0x00,0x00,0x01,0x05,
  0x01,0x05,0x00,0x0f,0x01,0x12,0x01,0x12,0x00,0x10,0x01,0x51,
  0x01,0x68,0x00,0x11,0x00,0x01,0x00,0x04,0x01,0x51,0x01,0x52,
  0x01,0x53,0x01,0x65,0x00,0x02,0x00,0x01,0x01,0x7f,0x01,0x9c,
  0x00,0x00,0x00,0x02,0x00,0x04,0x00,0xd3,0x00,0xef,0x00,0x00,
  0x00,0xf1,0x00,0xf4,0x00,0x1d,0x01,0x11,0x01,0x11,0x00,0x21,
  0x01,0x1a,0x01,0x50,0x00,0x22,0x00,0x01,0x00,0x07,0x01,0x1d,
  0x01,0x1e,0x01,0x21,0x01,0x22,0x01,0x23,0x01,0x24,0x01,0x44,
  0x00,0x01,0x00,0x00,0x00,0x0a,0x00,0x28,0x00,0x72,0x00,0x02,
  0x44,0x46,0x4c,0x54,0x00,0x0e,0x61,0x72,0x61,0x62,0x00,0x0e,
  0x00,0x04,0x00,0x00,0x00,0x00,0xff,0xff,0x00,0x03,0x00,0x00,
  0x00,0x01,0x00,0x02,0x00,0x03,0x6b,0x65,0x72,0x6e,0x00,0x14,
  0x6d,0x61,0x72,0x6b,0x00,0x1a,0x6d,0x6b,0x6d,0x6b,0x00,0x3c,
  0x00,0x00,0x00,0x01,0x00,0x00,0x00,0x00,0x00,0x0f,0x00,0x01,
  0x00,0x02,0x00,0x03,0x00,0x04,0x00,0x05,0x00,0x06,0x00,0x07,
  0x00,0x08,0x00,0x09,0x00,0x0a,0x00,0x0b,0x00,0x0c,0x00,0x0d,
  0x00,0x0e,0x00,0x0f,0x00,0x00,0x00,0x05,0x00,0x10,0x00,0x11,
  0x00,0x12,0x00,0x13,0x00,0x14,0x00,0x15,0x00,0x2c,0x00,0xf6,
  0x01,0x5a,0x01,0x9a,0x04,0x9e,0x04,0xfe,0x05,0xb8,0x06,0x9a,
  0x07,0x34,0x08,0x30,0x09,0x30,0x09,0x6a,0x0c,0x8a,0x0d,0x54,
  0x0d,0xa0,0x0d,0xde,0x0e,0x24,0x10,0xee,0x11,0x3a,0x12,0x24,
  0x17,0xc8,0x00,0x02,0x00,0x08,0x00,0x01,0x00,0x08,0x00,0x02,
  0x00,0x20,0x00,0x05,0x00,0x00,0x00,0x36,0x00,0x3a,0x00,0x01,
  0x00,0x04,0x00,0x00,0x00,0x00,0xff,0xd8,0xff,0xd8,0xff,0xe2,
  0xff,0xe2,0xff,0xe7,0xff,0xe7,0x00,0x01,0x00,0x09,0x00,0x19,
  0x00,0x1a,0x01,0xef,0x01,0xf0,0x01,0xf1,0x01,0xf2,0x01,0xf4,
  0x01,0xf9,0x01,0xfa,0x00,0x02,0x00,0x00,0x00,0x02,0x00,0x16,
  0x00,0x05,0x00,0x05,0x00,0x03,0x00,0x09,0x00,0x09,0x00,0x03,
  0x00,0x0f,0x00,0x10,0x00,0x02,0x00,0x16,0x00,0x16,0x00,0x01,
  0x00,0x17,0x00,0x17,0x00,0x02,0x00,0x1d,0x00,0x1d,0x00,0x02,
  0x00,0x20,0x00,0x21,0x00,0x02,0x00,0x24,0x00,0x25,0x00,0x02,
  0x00,0x28,0x00,0x28,0x00,0x02,0x00,0x2c,0x00,0x2c,0x00,0x03,
  0x00,0x2d,0x00,0x2d,0x00,0x02,0x00,0x30,0x00,0x31,0x00,0x02,
  0x00,0x35,0x00,0x35,0x00,0x03,0x00,0x38,0x00,0x39,0x00,0x01,
  0x00,0x3b,0x00,0x3b,0x00,0x01,0x00,0x3e,0x00,0x3e,0x00,0x01,
  0x00,0x43,0x00,0x44,0x00,0x03,0x00,0x45,0x00,0x46,0x00,0x01,
  0x00,0x4a,0x00,0x4a,0x00,0x01,0x00,0x4d,0x00,0x4d,0x00,0x01,
  0x00,0x50,0x00,0x51,0x00,0x01,0x00,0x55,0x00,0x56,0x00,0x01,
  0x00,0x04,0x00,0x00,0x00,0x01,0x00,0x08,0x00,0x01,0x00,0x0c,
  0x00,0x14,0x00,0x01,0x00,0x22,0x00,0x38,0x00,0x01,0x00,0x02,
  0x01,0x15,0x01,0x18,0x00,0x01,0x00,0x05,0x00,0x3f,0x00,0x40,
  0x00,0x41,0x00,0x42,0x00,0x44,0x00,0x02,0x00,0x00,0x00,0x0a,
  0x00,0x00,0x00,0x10,0x00,0x01,0x00,0xa2,0x01,0xbd,0x00,0x01,
  0x00,0xa2,0x01,0xa1,0x00,0x05,0x00,0x0c,0x00,0x0c,0x00,0x12,
  0x00,0x18,0x00,0x1e,0x00,0x01,0x02,0x24,0x01,0xbc,0x00,0x01,
  0x00,0x94,0x01,0xbc,0x00,0x01,0x00,0x4f,0x01,0xe4,0x00,0x01,
  0x00,0x40,0x02,0x36,0x00,0x04,0x00,0x00,0x00,0x01,0x00,0x08,
  0x00,0x01,0x00,0x0c,0x00,0x12,0x00,0x01,0x00,0x1a,0x00,0x26,
  0x00,0x01,0x00,0x01,0x00,0xe3,0x00,0x01,0x00,0x02,0x00,0x42,
  0x00,0x44,0x00,0x01,0x00,0x00,0x00,0x06,0x00,0x01,0x00,0x81,
  0x02,0x59,0x00,0x02,0x00,0x06,0x00,0x0c,0x00,0x01,0xff,0x98,
  0x02,0x18,0x00,0x01,0xff,0xa5,0x02,0x32,0x00,0x04,0x00,0x00,
  0x00,0x01,0x00,0x08,0x00,0x01,0x0c,0x98,0x00,0x0c,0x00,0x01,
  0x0c,0xca,0x00,0x34,0x00,0x02,0x00,0x06,0x00,0x02,0x00,0x2c,
  0x00,0x00,0x00,0x2f,0x00,0x66,0x00,0x2b,0x00,0x68,0x00,0x6b,
  0x00,0x63,0x00,0xbc,0x00,0xbc,0x00,0x67,0x02,0x65,0x02,0x65,
  0x00,0x68,0x02,0x7d,0x02,0x7d,0x00,0x69,0x00,0x6a,0x00,0xd6,
  0x00,0xdc,0x00,0xe2,0x00,0xe8,0x00,0xee,0x00,0xf4,0x00,0xfa,
  0x0d,0x80,0x01,0x00,0x01,0x06,0x01,0x0c,0x01,0x12,0x01,0x18,
  0x01,0x1e,0x01,0x24,0x01,0x2a,0x01,0x30,0x01,0x2a,0x01,0x30,
  0x01,0x36,0x01,0x3c,0x01,0x42,0x01,0x48,0x01,0x4e,0x01,0x54,
  0x01,0x5a,0x01,0x60,0x01,0x66,0x01,0x6c,0x01,0x72,0x01,0x72,
  0x01,0x78,0x01,0x78,0x01,0x7e,0x01,0x7e,0x01,0x84,0x01,0x84,
  0x01,0x8a,0x01,0x8a,0x01,0x90,0x01,0x96,0x01,0x9c,0x01,0xa2,
  0x01,0xa8,0x01,0xae,0x01,0xb4,0x01,0xba,0x01,0xc0,0x01,0xc6,
  0x01,0xd2,0x01,0xd2,0x01,0xcc,0x01,0xcc,0x01,0xd2,0x01,0xd2,
  0x01,0xd8,0x01,0xd8,0x01,0xde,0x01,0xde,0x02,0x26,0x01,0xe4,
  0x01,0xea,0x01,0xf0,0x01,0xf6,0x01,0xfc,0x02,0x02,0x02,0x08,
  0x02,0x0e,0x02,0x14,0x02,0x1a,0x02,0x20,0x02,0x26,0x02,0x26,
  0x02,0x50,0x0c,0x02,0x02,0x56,0x02,0x2c,0x02,0x44,0x02,0x32,
  0x02,0x38,0x02,0x3e,0x02,0x44,0x02,0x50,0x02,0x4a,0x02,0x50,
  0x02,0x56,0x02,0x5c,0x02,0x62,0x02,0x62,0x02,0x68,0x02,0x68,
  0x02,0x6e,0x02,0x74,0x02,0x7a,0x02,0x80,0x02,0x86,0x02,0x8c,
  0x02,0x92,0x02,0x98,0x02,0x9e,0x02,0xa4,0x02,0xaa,0x02,0xb0,
  0x02,0xb6,0x02,0xbc,0x02,0xc2,0x00,0x01,0x00,0x82,0xff,0x9c,
  0x00,0x01,0x00,0xce,0x00,0x00,0x00,0x01,0x00,0xce,0x00,0x97,
  0x00,0x01,0x00,0x84,0x00,0x00,0x00,0x01,0x00,0x88,0x00,0x00,
  0x00,0x01,0x00,0x9f,0x00,0x00,0x00,0x01,0x00,0xe0,0x00,0x00,
  0x00,0x01,0x00,0x86,0x00,0x00,0x00,0x01,0x01,0xe6,0xff,0xe7,
  0x00,0x01,0x01,0xcf,0xff,0xe7,0x00,0x01,0x00,0xaa,0xff,0xfb,
  0x00,0x01,0x00,0xb4,0xff,0xfb,0x00,0x01,0x00,0x6b,0xff,0xfb,
  0x00,0x01,0x00,0x71,0xff,0xfb,0x00,0x01,0x01,0x68,0xfe,0x76,
  0x00,0x01,0x01,0x72,0xfe,0x76,0x00,0x01,0x01,0x05,0x00,0x00,
  0x00,0x01,0x01,0x17,0x00,0x00,0x00,0x01,0x00,0xe2,0xff,0xfb,
  0x00,0x01,0x00,0xea,0xff,0xfb,0x00,0x01,0x00,0x89,0xff,0x2a,
  0x00,0x01,0x00,0x7f,0xff,0x27,0x00,0x01,0x00,0xaf,0xff,0x27,
  0x00,0x01,0x00,0xaf,0xff,0x28,0x00,0x01,0x03,0x47,0xff,0xfb,
  0x00,0x01,0x03,0x50,0x00,0x00,0x00,0x01,0x01,0x82,0xff,0xfb,
  0x00,0x01,0x03,0x88,0xff,0xf3,0x00,0x01,0x01,0xe4,0xff,0xee,
  0x00,0x01,0x01,0x71,0xff,0xf3,0x00,0x01,0x01,0x32,0xff,0xfb,
  0x00,0x01,0x01,0x57,0xfe,0x76,0x00,0x01,0x01,0x29,0xfe,0x76,
  0x00,0x01,0x00,0xfb,0xff,0xfb,0x00,0x01,0x01,0x17,0xff,0xfb,
  0x00,0x01,0x00,0xf3,0xff,0xfb,0x00,0x01,0x00,0xca,0xff,0xfb,
  0x00,0x01,0x01,0x46,0xff,0x44,0x00,0x01,0x01,0x46,0xfe,0xf0,
  0x00,0x01,0x01,0x0e,0xff,0x3e,0x00,0x01,0x01,0x36,0xff,0x3e,
  0x00,0x01,0x00,0xa3,0x00,0x00,0x00,0x01,0x01,0x9a,0xff,0xeb,
  0x00,0x01,0x01,0xae,0xff,0xe1,0x00,0x01,0x01,0x87,0xff,0xfb,
  0x00,0x01,0x01,0x2a,0xff,0x18,0x00,0x01,0x00,0x9b,0x00,0x00,
  0x00,0x01,0x00,0x89,0x00,0x00,0x00,0x01,0x00,0x82,0x00,0x00,
  0x00,0x01,0x00,0x5c,0x00,0x00,0x00,0x01,0x01,0x04,0x00,0x00,
  0x00,0x01,0x02,0x82,0x00,0x00,0x00,0x01,0x02,0x9e,0xff,0xec,
  0x00,0x01,0x01,0x19,0x00,0x00,0x00,0x01,0x01,0x1c,0xff,0xec,
  0x00,0x01,0x01,0x07,0x00,0x00,0x00,0x01,0x01,0x39,0xff,0x18,
  0x00,0x01,0x01,0x2c,0x00,0x00,0x00,0x01,0x00,0xce,0xff,0xfb,
  0x00,0x01,0x00,0xfb,0xfe,0xf3,0x00,0x01,0x00,0x74,0xff,0x45,
  0x00,0x01,0x00,0xcf,0x00,0x00,0x00,0x01,0x01,0x9e,0xff,0x27,
  0x00,0x01,0x01,0x8e,0x00,0x00,0x00,0x01,0x01,0x33,0xff,0x27,
  0x00,0x01,0x00,0xfb,0x00,0x00,0x00,0x01,0x00,0xe0,0xff,0x10,
  0x00,0x01,0x00,0xeb,0xff,0x10,0x00,0x01,0x01,0x38,0xfe,0xf2,
  0x00,0x01,0x01,0x64,0xff,0x18,0x00,0x01,0x01,0x46,0xff,0x18,
  0x00,0x01,0x01,0xd7,0xff,0xeb,0x00,0x01,0x01,0xb7,0xfe,0xd6,
  0x00,0x01,0x00,0xf8,0xff,0x0d,0x00,0x01,0x00,0x87,0x00,0x00,
  0x00,0x01,0x00,0xb9,0x00,0x00,0x00,0x01,0x00,0x81,0xfe,0xee,
  0x00,0x01,0x00,0x64,0x00,0x00,0x00,0x01,0x00,0xa8,0x00,0x00,
  0x00,0x01,0x00,0x93,0xff,0xf7,0x00,0x01,0x01,0xbd,0xfe,0xf0,
  0x00,0x01,0x00,0x7f,0xff,0x18,0x00,0x01,0x00,0x88,0xff,0x18,
  0x00,0x04,0x00,0x00,0x00,0x01,0x00,0x08,0x00,0x01,0x00,0x0c,
  0x00,0x82,0x00,0x01,0x00,0x1c,0x00,0x46,0x00,0x02,0x00,0x02,
  0x00,0xf5,0x00,0xfd,0x00,0x00,0x01,0x05,0x01,0x05,0x00,0x09,
  0x00,0x0a,0x00,0x00,0x0a,0x4c,0x00,0x00,0x0a,0x4c,0x00,0x00,
  0x0a,0x82,0x00,0x00,0x0a,0x52,0x00,0x00,0x0a,0x58,0x00,0x00,
  0x0a,0x5e,0x00,0x00,0x0a,0x64,0x00,0x00,0x0a,0x64,0x00,0x00,
  0x0a,0x82,0x00,0x00,0x0a,0x8e,0x00,0x02,0x00,0x06,0x00,0x0c,
  0x00,0x01,0x03,0x02,0xff,0xe7,0x00,0x01,0x03,0x52,0xff,0xe7,
  0x00,0x04,0x00,0x00,0x00,0x01,0x00,0x08,0x00,0x01,0x00,0x0c,
  0x00,0x22,0x00,0x01,0x00,0x2a,0x00,0xa0,0x00,0x02,0x00,0x03,
  0x00,0xfe,0x01,0x01,0x00,0x00,0x01,0x03,0x01,0x03,0x00,0x04,
  0x01,0x51,0x01,0x68,0x00,0x05,0x00,0x01,0x00,0x02,0x00,0x2d,
  0x00,0x2e,0x00,0x1d,0x00,0x00,0x09,0xfc,0x00,0x00,0x0a,0x02,
  0x00,0x00,0x0a,0x56,0x00,0x00,0x0a,0x56,0x00,0x00,0x0a,0x0e,
  0x00,0x00,0x0a,0x74,0x00,0x00,0x0a,0x74,0x00,0x00,0x0a,0x74,
  0x00,0x00,0x0a,0x14,0x00,0x00,0x0a,0x38,0x00,0x00,0x0a,0x1a,
  0x00,0x00,0x0a,0x1a,0x00,0x00,0x0a,0x20,0x00,0x00,0x0a,0x26,
  0x00,0x00,0x0a,0x2c,0x00,0x00,0x0a,0x32,0x00,0x00,0x0a,0x38,
  0x00,0x00,0x0a,0x3e,0x00,0x00,0x0a,0x44,0x00,0x00,0x0a,0x4a,
  0x00,0x00,0x0a,0x50,0x00,0x00,0x0a,0x56,0x00,0x00,0x0a,0x5c,
  0x00,0x00,0x0a,0x5c,0x00,0x00,0x0a,0x62,0x00,0x00,0x0a,0x68,
  0x00,0x00,0x0a,0x6e,0x00,0x00,0x0a,0x74,0x00,0x00,0x0a,0x7a,
  0x00,0x02,0x00,0x06,0x00,0x0c,0x00,0x01,0x01,0xe4,0xff,0xe1,
  0x00,0x01,0x01,0xcc,0xff,0xe7,0x00,0x04,0x00,0x00,0x00,0x01,
  0x00,0x08,0x00,0x01,0x00,0x0c,0x00,0x1c,0x00,0x01,0x00,0x34,
  0x00,0xa0,0x00,0x02,0x00,0x02,0x01,0x06,0x01,0x10,0x00,0x00,
  0x01,0x16,0x01,0x17,0x00,0x0b,0x00,0x01,0x00,0x0a,0x00,0x11,
  0x00,0x12,0x00,0x13,0x00,0x14,0x00,0x19,0x00,0x1a,0x00,0x29,
  0x00,0x2a,0x00,0x5c,0x00,0x5e,0x00,0x0d,0x00,0x00,0x00,0x42,
  0x00,0x00,0x00,0x36,0x00,0x00,0x00,0x3c,0x00,0x00,0x0d,0xfc,
  0x00,0x00,0x09,0x20,0x00,0x00,0x00,0x42,0x00,0x00,0x0d,0xfc,
  0x00,0x00,0x00,0x48,0x00,0x00,0x00,0x4e,0x00,0x00,0x00,0x54,
  0x00,0x00,0x00,0x5a,0x00,0x00,0x00,0x60,0x00,0x00,0x00,0x66,
  0x00,0x01,0x00,0x4c,0x00,0x00,0x00,0x01,0x00,0x4e,0xff,0x35,
  0x00,0x01,0x00,0x4b,0x00,0x00,0x00,0x01,0x00,0x8f,0x00,0x00,
  0x00,0x01,0x00,0x91,0x00,0x00,0x00,0x01,0x00,0x6f,0x00,0x00,
  0x00,0x01,0x00,0x85,0x00,0x00,0x00,0x01,0x00,0x2f,0xff,0xe3,
  0x00,0x01,0x00,0x02,0xff,0xfa,0x00,0x0a,0x00,0x16,0x00,0x16,
  0x00,0x16,0x00,0x16,0x00,0x1c,0x00,0x1c,0x00,0x22,0x00,0x28,
  0x00,0x2e,0x00,0x34,0x00,0x01,0x01,0x5e,0xff,0xbe,0x00,0x01,
  0x00,0x27,0x00,0x24,0x00,0x01,0x01,0x29,0xff,0xa1,0x00,0x01,
  0x01,0x26,0xff,0x75,0x00,0x01,0x00,0x64,0xff,0xba,0x00,0x01,
  0x00,0x65,0xff,0xbb,0x00,0x04,0x00,0x00,0x00,0x01,0x00,0x08,
  0x00,0x01,0x0a,0xae,0x00,0x0c,0x00,0x01,0x0a,0xb8,0x00,0x16,
  0x00,0x02,0x00,0x01,0x00,0x9a,0x00,0xaf,0x00,0x00,0x00,0x16,
  0x00,0x2e,0x00,0x34,0x00,0x3a,0x00,0x40,0x0b,0x1c,0x0b,0x1c,
  0x00,0x46,0x0b,0x60,0x00,0x4c,0x0b,0x1c,0x00,0x52,0x00,0x6a,
  0x00,0x6a,0x00,0x6a,0x00,0x58,0x00,0x64,0x0b,0x1c,0x00,0x5e,
  0x00,0x64,0x00,0x6a,0x00,0x70,0x00,0x76,0x00,0x01,0x02,0x1a,
  0x00,0x50,0x00,0x01,0x01,0x88,0x00,0x50,0x00,0x01,0x00,0xf5,
  0x00,0x50,0x00,0x01,0x00,0x8a,0x00,0x00,0x00,0x01,0x02,0x25,
  0x00,0x00,0x00,0x01,0x00,0xb7,0x00,0x00,0x00,0x01,0x01,0x0b,
  0x00,0x00,0x00,0x01,0x01,0x10,0x00,0x00,0x00,0x01,0x01,0x38,
  0x00,0x00,0x00,0x01,0x00,0x5f,0x00,0x00,0x00,0x01,0x00,0x0a,
  0x00,0x00,0x00,0x01,0x01,0xb5,0x00,0x00,0x00,0x01,0x01,0x33,
  0x00,0x00,0x00,0x04,0x00,0x00,0x00,0x01,0x00,0x08,0x00,0x01,
  0x00,0x0c,0x00,0x16,0x00,0x01,0x00,0x38,0x00,0x58,0x00,0x01,
  0x00,0x03,0x01,0x12,0x01,0x13,0x01,0x14,0x00,0x02,0x00,0x05,
  0x00,0x0b,0x00,0x10,0x00,0x00,0x00,0x17,0x00,0x1a,0x00,0x06,
  0x00,0x37,0x00,0x3a,0x00,0x0a,0x00,0x4b,0x00,0x4c,0x00,0x0e,
  0x00,0x5b,0x00,0x5e,0x00,0x10,0x00,0x03,0x00,0x00,0x00,0x0e,
  0x00,0x00,0x00,0x14,0x00,0x00,0x00,0x1a,0x00,0x01,0x00,0x6d,
  0x00,0xa8,0x00,0x01,0x00,0x6d,0x00,0x4f,0x00,0x01,0x00,0x7d,
  0x02,0x24,0x00,0x14,0x00,0x2a,0x00,0x30,0x00,0x36,0x00,0x3c,
  0x00,0x42,0x00,0x42,0x00,0x48,0x00,0x4e,0x00,0x54,0x00,0x5a,
  0x00,0x60,0x00,0x66,0x00,0x6c,0x00,0x72,0x00,0x78,0x00,0x7e,
  0x00,0x84,0x00,0x8a,0x00,0x90,0x00,0x96,0x00,0x01,0x01,0xe1,
  0x00,0x19,0x00,0x01,0x01,0xcb,0x00,0x1f,0x00,0x01,0x00,0x71,
  0x00,0x3e,0x00,0x01,0x00,0x7e,0x00,0x37,0x00,0x01,0x00,0x95,
  0x00,0x42,0x00,0x01,0x00,0xe3,0x00,0x2a,0x00,0x01,0x00,0xd6,
  0x00,0x2b,0x00,0x01,0x00,0xf9,0xff,0xd9,0x00,0x01,0x00,0xf1,
  0xff,0xd0,0x00,0x01,0x01,0x51,0x02,0x22,0x00,0x01,0x01,0x4e,
  0x02,0x21,0x00,0x01,0x03,0x1f,0x02,0x22,0x00,0x01,0x03,0x24,
  0x02,0x22,0x00,0x01,0x01,0x46,0xff,0x40,0x00,0x01,0x01,0x4d,
  0xff,0x4a,0x00,0x01,0x00,0x79,0xff,0xf8,0x00,0x01,0x00,0x87,
  0xff,0x99,0x00,0x01,0x00,0x88,0xff,0xef,0x00,0x01,0x00,0x88,
  0xff,0x96,0x00,0x04,0x00,0x00,0x00,0x01,0x00,0x08,0x00,0x01,
  0x00,0x0c,0x00,0x16,0x00,0x01,0x00,0x1c,0x00,0xf4,0x00,0x02,
  0x00,0x01,0x01,0x69,0x01,0x7e,0x00,0x00,0x00,0x01,0x00,0x01,
  0x00,0x02,0x00,0x16,0x00,0x00,0x00,0x5a,0x00,0x00,0x00,0x60,
  0x00,0x00,0x00,0x66,0x00,0x00,0x00,0x6c,0x00,0x00,0x00,0x72,
  0x00,0x00,0x00,0x7e,0x00,0x00,0x00,0x78,0x00,0x00,0x00,0x7e,
  0x00,0x00,0x00,0x84,0x00,0x00,0x00,0x8a,0x00,0x00,0x00,0x90,
  0x00,0x00,0x00,0x96,0x00,0x00,0x00,0x9c,0x00,0x00,0x00,0xa2,
  0x00,0x00,0x00,0xa8,0x00,0x00,0x00,0xae,0x00,0x00,0x00,0xb4,
  0x00,0x00,0x00,0xba,0x00,0x00,0x00,0xc0,0x00,0x00,0x00,0xc6,
  0x00,0x00,0x00,0xcc,0x00,0x00,0x00,0xd2,0x00,0x01,0x00,0x7d,
  0x04,0x06,0x00,0x01,0x00,0x92,0x04,0x06,0x00,0x01,0x00,0x54,
  0x04,0x06,0x00,0x01,0x00,0xd3,0x04,0x06,0x00,0x01,0x00,0xed,
  0x04,0x06,0x00,0x01,0x00,0x79,0x04,0x06,0x00,0x01,0x00,0x97,
  0x04,0x06,0x00,0x01,0x00,0xbd,0x04,0x06,0x00,0x01,0x00,0x8e,
  0x04,0x06,0x00,0x01,0x00,0x6a,0x04,0x06,0x00,0x01,0x00,0xfa,
  0x04,0x36,0x00,0x01,0x01,0xba,0x04,0x06,0x00,0x01,0x01,0xd5,
  0x04,0x06,0x00,0x01,0x01,0x4a,0x04,0x06,0x00,0x01,0x01,0x32,
  0x04,0x06,0x00,0x01,0x00,0xfc,0x04,0x06,0x00,0x01,0x01,0x55,
  0x04,0x06,0x00,0x01,0x01,0x42,0x04,0x06,0x00,0x01,0x00,0xe4,
  0x04,0x06,0x00,0x01,0x00,0xa7,0x04,0x06,0x00,0x01,0x00,0xc1,
  0x04,0x06,0x00,0x01,0x01,0x4e,0x00,0x04,0x00,0x00,0x00,0x01,
  0x00,0x08,0x00,0x01,0x00,0x0c,0x00,0x12,0x00,0x01,0x00,0x1a,
  0x00,0x26,0x00,0x01,0x00,0x01,0x01,0x19,0x00,0x01,0x00,0x02,
  0x00,0x60,0x00,0x61,0x00,0x01,0x00,0x00,0x00,0x06,0x00,0x01,
  0x01,0x03,0x00,0xc5,0x00,0x02,0x00,0x06,0x00,0x06,0x00,0x01,
  0x00,0x90,0x00,0x94,0x00,0x04,0x00,0x00,0x00,0x01,0x00,0x08,
  0x00,0x01,0x08,0xc8,0x00,0x0c,0x00,0x01,0x09,0x12,0x00,0x2e,
  0x00,0x02,0x00,0x05,0x00,0x02,0x00,0x66,0x00,0x00,0x00,0x68,
  0x00,0x6b,0x00,0x65,0x00,0xbc,0x00,0xbc,0x00,0x69,0x02,0x65,
  0x02,0x65,0x00,0x6a,0x02,0x7d,0x02,0x7d,0x00,0x6b,0x00,0x6c,
  0x00,0xda,0x00,0xe0,0x00,0xe6,0x00,0xec,0x00,0xf2,0x00,0xf8,
  0x00,0xfe,0x01,0x04,0x01,0x0a,0x01,0x10,0x01,0x16,0x01,0x1c,
  0x01,0x22,0x01,0x28,0x01,0x2e,0x01,0x34,0x01,0x3a,0x01,0x34,
  0x01,0x3a,0x01,0x40,0x01,0x46,0x01,0x4c,0x01,0x52,0x01,0x58,
  0x01,0x5e,0x01,0x64,0x01,0x6a,0x01,0x70,0x01,0x70,0x01,0x76,
  0x01,0x76,0x01,0x7c,0x01,0x7c,0x01,0x82,0x01,0x82,0x01,0x88,
  0x01,0x8e,0x01,0x94,0x01,0x94,0x01,0x9a,0x01,0xa0,0x01,0xa6,
  0x01,0xac,0x01,0xb2,0x01,0xb8,0x01,0xbe,0x01,0xc4,0x01,0xca,
  0x01,0xd0,0x01,0xd6,0x01,0xdc,0x0a,0x8c,0x0a,0x8c,0x01,0xe2,
  0x01,0xe8,0x01,0xee,0x01,0xf4,0x01,0xfa,0x01,0xfa,0x02,0x00,
  0x02,0x00,0x02,0x06,0x02,0x0c,0x02,0x12,0x02,0x18,0x02,0x1e,
  0x02,0x24,0x02,0x2a,0x02,0x30,0x02,0x36,0x02,0x3c,0x02,0x42,
  0x02,0x48,0x02,0x4e,0x02,0x4e,0x02,0x78,0x04,0x7e,0x02,0x7e,
  0x02,0x54,0x02,0x6c,0x02,0x5a,0x02,0x60,0x02,0x66,0x02,0x6c,
  0x02,0x78,0x02,0x72,0x02,0x78,0x02,0x7e,0x02,0x84,0x02,0x8a,
  0x02,0x8a,0x02,0x90,0x02,0x96,0x02,0x96,0x02,0x9c,0x02,0x9c,
  0x02,0xa2,0x02,0xa8,0x02,0xae,0x02,0xb4,0x02,0xba,0x02,0xc0,
  0x02,0xc6,0x02,0xcc,0x02,0xd2,0x02,0xd8,0x02,0xde,0x02,0xe4,
  0x00,0x01,0x00,0x82,0x01,0x90,0x00,0x01,0x00,0xa6,0x01,0x7e,
  0x00,0x01,0x00,0xe3,0x02,0x5e,0x00,0x01,0x00,0x81,0x02,0xca,
  0x00,0x01,0x00,0x70,0x02,0xca,0x00,0x01,0x00,0x7b,0x02,0x38,
  0x00,0x01,0x00,0x76,0x02,0x28,0x00,0x01,0x00,0x71,0x02,0x84,
  0x00,0x01,0x00,0x70,0x02,0x84,0x00,0x01,0x01,0xe6,0x01,0x2a,
  0x00,0x01,0x01,0xe7,0x01,0x2a,0x00,0x01,0x00,0x9b,0x01,0x1b,
  0x00,0x01,0x00,0xc4,0x01,0x1b,0x00,0x01,0x00,0x7f,0x01,0x94,
  0x00,0x01,0x00,0x93,0x01,0x94,0x00,0x01,0x01,0x37,0x01,0xa0,
  0x00,0x01,0x01,0x41,0x01,0xa0,0x00,0x01,0x00,0x9c,0x01,0x60,
  0x00,0x01,0x00,0xa6,0x01,0x60,0x00,0x01,0x00,0xd7,0x01,0xc9,
  0x00,0x01,0x00,0xdc,0x01,0xc9,0x00,0x01,0x00,0xb0,0x01,0x5f,
  0x00,0x01,0x00,0xa2,0x01,0x5f,0x00,0x01,0x01,0x76,0x01,0x5f,
  0x00,0x01,0x01,0x64,0x01,0x5f,0x00,0x01,0x03,0x35,0x01,0x4c,
  0x00,0x01,0x01,0xac,0x01,0x4c,0x00,0x01,0x04,0x1e,0x01,0x76,
  0x00,0x01,0x02,0x8b,0x01,0x71,0x00,0x01,0x02,0x36,0x01,0x76,
  0x00,0x01,0x02,0x04,0x01,0x76,0x00,0x01,0x01,0x95,0x01,0x71,
  0x00,0x01,0x00,0xf1,0x01,0xf3,0x00,0x01,0x01,0x26,0x01,0x9b,
  0x00,0x01,0x01,0x12,0x01,0x9b,0x00,0x01,0x01,0x08,0x01,0xb7,
  0x00,0x01,0x02,0xf6,0x01,0xf5,0x00,0x01,0x03,0x51,0x01,0x9f,
  0x00,0x01,0x00,0xf6,0x01,0x9f,0x00,0x01,0x00,0xde,0x01,0xf5,
  0x00,0x01,0x02,0x25,0x01,0xa0,0x00,0x01,0x02,0x38,0x01,0x4b,
  0x00,0x01,0x01,0x20,0x01,0x9f,0x00,0x01,0x01,0x48,0x01,0x9f,
  0x00,0x01,0x00,0xb6,0x02,0x5d,0x00,0x01,0x00,0xca,0x02,0x68,
  0x00,0x01,0x02,0x9c,0x02,0x6a,0x00,0x01,0x02,0xa1,0x02,0x62,
  0x00,0x01,0x01,0xee,0x02,0x12,0x00,0x01,0x01,0xc7,0x02,0x22,
  0x00,0x01,0x02,0x2e,0x02,0xca,0x00,0x01,0x02,0x3e,0x02,0xc6,
  0x00,0x01,0x00,0x90,0x02,0xca,0x00,0x01,0x00,0x2b,0x02,0xca,
  0x00,0x01,0x00,0x82,0x02,0xca,0x00,0x01,0x00,0x30,0x02,0xca,
  0x00,0x01,0x01,0x07,0x01,0x7e,0x00,0x01,0x02,0xab,0x01,0x66,
  0x00,0x01,0x02,0xad,0x01,0x6a,0x00,0x01,0x01,0x3b,0x01,0x6a,
  0x00,0x01,0x01,0x2b,0x01,0x6a,0x00,0x01,0x01,0x30,0x01,0x66,
  0x00,0x01,0x01,0x4b,0x01,0x27,0x00,0x01,0x00,0xed,0x01,0xc9,
  0x00,0x01,0x00,0xc3,0x01,0x4a,0x00,0x01,0x00,0x9c,0x00,0xb7,
  0x00,0x01,0x00,0x6b,0x01,0xc6,0x00,0x01,0x00,0xcf,0x01,0xc9,
  0x00,0x01,0x01,0x8f,0x01,0xa0,0x00,0x01,0x01,0x46,0x01,0xc9,
  0x00,0x01,0x01,0x19,0x01,0xa0,0x00,0x01,0x00,0xb3,0x01,0xc9,
  0x00,0x01,0x00,0xe8,0x01,0x51,0x00,0x01,0x00,0xe8,0x01,0x52,
  0x00,0x01,0x00,0xe8,0x01,0x4b,0x00,0x01,0x00,0xd8,0x00,0x96,
  0x00,0x01,0x00,0xc2,0x01,0xa0,0x00,0x01,0x00,0xc3,0x00,0x27,
  0x00,0x01,0x00,0xc5,0x01,0x92,0x00,0x01,0x00,0x82,0x01,0x00,
  0x00,0x01,0x00,0xb9,0x01,0x00,0x00,0x01,0x00,0x67,0x00,0x6d,
  0x00,0x01,0x00,0x64,0x00,0xff,0x00,0x01,0x00,0x97,0x00,0xff,
  0x00,0x01,0x00,0xa0,0x00,0xff,0x00,0x01,0x02,0xaf,0x01,0x4b,
  0x00,0x01,0xff,0xf3,0x00,0x96,0x00,0x01,0x00,0x1a,0x00,0x96,
  0x00,0x04,0x00,0x00,0x00,0x01,0x00,0x08,0x00,0x01,0x00,0x0c,
  0x00,0x16,0x00,0x01,0x00,0x3c,0x00,0x56,0x00,0x01,0x00,0x03,
  0x00,0xec,0x00,0xed,0x00,0xee,0x00,0x01,0x00,0x11,0x00,0x05,
  0x00,0x06,0x00,0x07,0x00,0x08,0x00,0x0e,0x00,0x10,0x00,0x1d,
  0x00,0x1e,0x00,0x1f,0x00,0x20,0x00,0x5b,0x00,0x5d,0x00,0x60,
  0x00,0x61,0x00,0x62,0x00,0x63,0x02,0x7d,0x00,0x03,0x00,0x00,
  0x00,0x0e,0x00,0x00,0x00,0x0e,0x00,0x00,0x00,0x14,0x00,0x01,
  0x00,0x94,0x02,0x9e,0x00,0x01,0x00,0x91,0x02,0x9e,0x00,0x11,
  0x00,0x24,0x00,0x24,0x00,0x2a,0x00,0x30,0x00,0x36,0x00,0x3c,
  0x00,0x42,0x00,0x42,0x00,0x48,0x00,0x48,0x00,0x4e,0x00,0x4e,
  0x00,0x54,0x00,0x54,0x00,0x5a,0x00,0x60,0x00,0x66,0x00,0x01,
  0x00,0x48,0x02,0xca,0x00,0x01,0x00,0x2c,0x02,0x47,0x00,0x01,
  0x00,0x25,0x02,0x31,0x00,0x01,0x00,0x94,0x01,0x43,0x00,0x01,
  0x00,0x7a,0x01,0x94,0x00,0x01,0x03,0x72,0x01,0xda,0x00,0x01,
  0x01,0xe9,0x01,0xda,0x00,0x01,0x00,0xb6,0x01,0xb1,0x00,0x01,
  0x01,0x12,0x01,0x24,0x00,0x01,0x00,0xbc,0x01,0xe5,0x00,0x01,
  0x01,0x00,0x00,0xb5,0x00,0x01,0x00,0x54,0x01,0x24,0x00,0x04,
  0x00,0x00,0x00,0x01,0x00,0x08,0x00,0x01,0x00,0x0c,0x00,0x14,
  0x00,0x01,0x00,0x1e,0x00,0x2e,0x00,0x01,0x00,0x02,0x00,0xe9,
  0x00,0xea,0x00,0x02,0x00,0x01,0x00,0x37,0x00,0x3a,0x00,0x00,
  0x00,0x02,0x00,0x00,0x00,0x0a,0x00,0x00,0x00,0x0a,0x00,0x01,
  0x00,0xa2,0x02,0x8d,0x00,0x04,0x00,0x0a,0x00,0x0a,0x00,0x10,
  0x00,0x10,0x00,0x01,0x00,0xa4,0x02,0x8d,0x00,0x01,0x02,0x75,
  0x02,0x8d,0x00,0x05,0x00,0x00,0x00,0x01,0x00,0x08,0x00,0x01,
  0x00,0x92,0x00,0x4a,0x00,0x01,0x00,0xc4,0x00,0x0c,0x00,0x02,
  0x00,0x06,0x00,0x10,0x00,0x04,0x00,0x00,0x00,0x00,0x00,0x00,
  0x00,0x1e,0x00,0x03,0x00,0x08,0x00,0x0e,0x00,0x14,0x00,0x01,
  0x03,0x94,0x00,0x00,0x00,0x01,0x02,0x80,0x00,0x00,0x00,0x01,
  0x00,0xfd,0x00,0x00,0x00,0x05,0x00,0x00,0x00,0x01,0x00,0x08,
  0x00,0x01,0x04,0x54,0x00,0x0c,0x00,0x01,0x04,0x9e,0x00,0x14,
  0x00,0x01,0x00,0x02,0x00,0xb9,0x00,0xba,0x00,0x02,0x00,0x06,
  0x00,0x10,0x00,0x04,0x00,0x00,0x00,0x00,0x00,0x00,0x00,0x1e,
  0x00,0x03,0x00,0x08,0x00,0x0e,0x00,0x14,0x00,0x01,0x03,0x94,
  0x02,0xca,0x00,0x01,0x02,0x7b,0x01,0xd9,0x00,0x01,0x00,0xf3,
  0x02,0x10,0x00,0x06,0x00,0x10,0x00,0x01,0x00,0x0a,0x00,0x04,
  0x00,0x01,0x00,0x0c,0x00,0x22,0x00,0x01,0x00,0x3e,0x01,0x82,
  0x00,0x02,0x00,0x03,0x00,0xf5,0x01,0x03,0x00,0x00,0x01,0x05,
  0x01,0x05,0x00,0x0f,0x01,0x51,0x01,0x68,0x00,0x10,0x00,0x02,
  0x00,0x04,0x00,0xf5,0x01,0x03,0x00,0x00,0x01,0x05,0x01,0x05,
  0x00,0x0f,0x01,0x12,0x01,0x12,0x00,0x10,0x01,0x51,0x01,0x68,
  0x00,0x11,0x00,0x28,0x00,0x00,0x00,0xa2,0x00,0x00,0x00,0xa2,
  0x00,0x00,0x00,0xd8,0x00,0x00,0x00,0xa8,0x00,0x00,0x00,0xae,
  0x00,0x00,0x00,0xb4,0x00,0x00,0x00,0xba,0x00,0x00,0x00,0xba,
  0x00,0x00,0x00,0xd8,0x00,0x00,0x00,0xc0,0x00,0x00,0x00,0xc6,
  0x00,0x00,0x01,0x1a,0x00,0x00,0x01,0x1a,0x00,0x00,0x00,0xcc,
  0x00,0x00,0x00,0xd2,0x00,0x00,0x00,0xe4,0x00,0x00,0x01,0x38,
  0x00,0x00,0x01,0x38,0x00,0x00,0x01,0x38,0x00,0x00,0x00,0xd8,
  0x00,0x00,0x00,0xfc,0x00,0x00,0x00,0xde,0x00,0x00,0x00,0xde,
  0x00,0x00,0x00,0xe4,0x00,0x00,0x00,0xea,0x00,0x00,0x00,0xf0,
  0x00,0x00,0x00,0xf6,0x00,0x00,0x00,0xfc,0x00,0x00,0x01,0x02,
  0x00,0x00,0x01,0x08,0x00,0x00,0x01,0x0e,0x00,0x00,0x01,0x14,
  0x00,0x00,0x01,0x1a,0x00,0x00,0x01,0x20,0x00,0x00,0x01,0x20,
  0x00,0x00,0x01,0x26,0x00,0x00,0x01,0x2c,0x00,0x00,0x01,0x32,
  0x00,0x00,0x01,0x38,0x00,0x00,0x01,0x3e,0x00,0x01,0x00,0x4c,
  0xff,0xfe,0x00,0x01,0x00,0x8c,0x00,0x00,0x00,0x01,0x00,0x4c,
  0x00,0x01,0x00,0x01,0x00,0xd0,0x00,0x07,0x00,0x01,0x00,0x91,
  0x00,0x03,0x00,0x01,0x00,0x6a,0x00,0x00,0x00,0x01,0x00,0xc3,
  0x00,0x00,0x00,0x01,0x00,0x6d,0x00,0xbc,0x00,0x01,0x00,0x4d,
  0x03,0x80,0x00,0x01,0x00,0x8d,0x00,0x00,0x00,0x01,0x00,0x94,
  0x00,0x00,0x00,0x01,0x00,0x62,0x00,0x00,0x00,0x01,0x00,0x81,
  0x00,0x00,0x00,0x01,0x00,0x7f,0x00,0x00,0x00,0x01,0x00,0x67,
  0x00,0x00,0x00,0x01,0x00,0x71,0x00,0x00,0x00,0x01,0x00,0x3d,
  0x00,0x00,0x00,0x01,0x00,0x6b,0x00,0x00,0x00,0x01,0x00,0x80,
  0x00,0x00,0x00,0x01,0x00,0x53,0x00,0x00,0x00,0x01,0x00,0x6c,
  0x00,0x00,0x00,0x01,0x00,0x76,0x00,0x00,0x00,0x01,0x00,0x45,
  0x00,0x00,0x00,0x01,0x00,0x78,0xff,0xdc,0x00,0x01,0x00,0x63,
  0x00,0x00,0x00,0x01,0x00,0x8e,0x00,0x00,0x00,0x01,0x00,0xc9,
  0x00,0x00,0x00,0x29,0x00,0x54,0x00,0x5a,0x00,0x60,0x00,0x66,
  0x00,0x6c,0x00,0x72,0x00,0x78,0x00,0x78,0x00,0x7e,0x00,0x84,
  0x00,0x8a,0x00,0x90,0x00,0x96,0x00,0xa8,0x00,0x9c,0x00,0xa2,
  0x00,0xa8,0x00,0xae,0x00,0xb4,0x00,0xba,0x00,0xc0,0x00,0xc6,
  0x00,0xcc,0x00,0xd2,0x00,0xd8,0x00,0xde,0x00,0xe4,0x00,0xea,
  0x00,0xf0,0x00,0xf6,0x00,0xfc,0x01,0x02,0x01,0x08,0x01,0x0e,
  0x01,0x14,0x01,0x1a,0x01,0x20,0x01,0x26,0x01,0x2c,0x01,0x32,
  0x01,0x38,0x00,0x01,0x00,0x4c,0xff,0x44,0x00,0x01,0x00,0x4d,
  0xfe,0xc3,0x00,0x01,0x00,0x90,0xff,0x46,0x00,0x01,0x00,0x8c,
  0xfe,0xab,0x00,0x01,0x00,0x4d,0xfe,0xc5,0x00,0x01,0x00,0xd0,
  0xff,0x30,0x00,0x01,0x00,0x91,0xfe,0xd2,0x00,0x01,0x00,0x93,
  0xfe,0xbd,0x00,0x01,0x00,0x7f,0xfe,0xf3,0x00,0x01,0x00,0xa7,
  0xfe,0xd9,0x00,0x01,0x00,0x77,0xff,0x02,0x00,0x01,0x00,0x69,
  0xff,0x04,0x00,0x01,0x00,0x54,0x02,0x10,0x00,0x01,0x00,0x7d,
  0xfe,0xf8,0x00,0x01,0x00,0x6d,0xff,0xf6,0x00,0x01,0x00,0x91,
  0xff,0x60,0x00,0x01,0x00,0x93,0xff,0x01,0x00,0x01,0x00,0xbe,
  0xfe,0xf1,0x00,0x01,0x00,0xa2,0xfe,0xe1,0x00,0x01,0x00,0x76,
  0xff,0x5c,0x00,0x01,0x00,0xa9,0xff,0x10,0x00,0x01,0x00,0xa8,
  0xfe,0x8c,0x00,0x01,0x00,0x77,0xfe,0xd3,0x00,0x01,0x00,0x81,
  0xfe,0xd3,0x00,0x01,0x00,0x7f,0xff,0x14,0x00,0x01,0x00,0x67,
  0xff,0x38,0x00,0x01,0x00,0x74,0xff,0x38,0x00,0x01,0x00,0x3d,
  0xff,0x49,0x00,0x01,0x00,0x6c,0xff,0x49,0x00,0x01,0x00,0x80,
  0xfe,0xe8,0x00,0x01,0x00,0x55,0xff,0x1b,0x00,0x01,0x00,0x6b,
  0xff,0x05,0x00,0x01,0x00,0x76,0xfe,0xfb,0x00,0x01,0x00,0x76,
  0xff,0x05,0x00,0x01,0x00,0x4d,0xff,0x1d,0x00,0x01,0x00,0x75,
  0xfe,0x82,0x00,0x01,0x00,0x69,0xfe,0xa5,0x00,0x01,0x00,0x9a,
  0xfe,0x4e,0x00,0x01,0x00,0xdc,0xfe,0xe2,0x00,0x06,0x00,0x10,
  0x00,0x01,0x00,0x0a,0x00,0x05,0x00,0x01,0x00,0x0c,0x00,0x12,
  0x00,0x01,0x00,0x1c,0x00,0x28,0x00,0x01,0x00,0x01,0x01,0x65,
  0x00,0x01,0x00,0x03,0x01,0x51,0x01,0x52,0x01,0x53,0x00,0x01,
  0x00,0x00,0x00,0x06,0x00,0x01,0x00,0x92,0xff,0x00,0x00,0x03,
  0x00,0x08,0x00,0x0e,0x00,0x14,0x00,0x01,0x00,0x3c,0xff,0xa4,
  0x00,0x01,0x00,0x3c,0xff,0x9f,0x00,0x01,0x00,0x3c,0xff,0x3b,
  0x00,0x06,0x00,0x10,0x00,0x01,0x00,0x0a,0x00,0x06,0x00,0x01,
  0x00,0x0c,0x00,0x0c,0x00,0x01,0x00,0x16,0x00,0x96,0x00,0x02,
  0x00,0x01,0x01,0x7f,0x01,0x9c,0x00,0x00,0x00,0x1e,0x00,0x00,
  0x00,0x7a,0x00,0x00,0x00,0x7a,0x00,0x00,0x00,0x7a,0x00,0x00,
  0x00,0x7a,0x00,0x00,0x00,0x7a,0x00,0x00,0x00,0x7a,0x00,0x00,
  0x00,0x7a,0x00,0x00,0x00,0x7a,0x00,0x00,0x00,0x7a,0x00,0x00,
  0x00,0x7a,0x00,0x00,0x00,0x7a,0x00,0x00,0x00,0x7a,0x00,0x00,
  0x00,0x7a,0x00,0x00,0x00,0x7a,0x00,0x00,0x00,0x7a,0x00,0x00,
  0x00,0x7a,0x00,0x00,0x00,0x7a,0x00,0x00,0x00,0x7a,0x00,0x00,
  0x00,0x7a,0x00,0x00,0x00,0x7a,0x00,0x00,0x00,0x7a,0x00,0x00,
  0x00,0x7a,0x00,0x00,0x00,0x7a,0x00,0x00,0x00,0x7a,0x00,0x00,
  0x00,0x7a,0x00,0x00,0x00,0x7a,0x00,0x00,0x00,0x7a,0x00,0x00,
  0x00,0x7a,0x00,0x00,0x00,0x7a,0x00,0x00,0x00,0x7a,0x00,0x01,
  0x00,0x00,0x00,0x00,0x00,0x1e,0x00,0x3e,0x00,0x3e,0x00,0x3e,
  0x00,0x3e,0x00,0x3e,0x00,0x3e,0x00,0x3e,0x00,0x3e,0x00,0x3e,
  0x00,0x3e,0x00,0x3e,0x00,0x3e,0x00,0x3e,0x00,0x3e,0x00,0x3e,
  0x00,0x44,0x00,0x44,0x00,0x44,0x00,0x44,0x00,0x44,0x00,0x44,
  0x00,0x44,0x00,0x44,0x00,0x44,0x00,0x44,0x00,0x44,0x00,0x44,
  0x00,0x44,0x00,0x44,0x00,0x44,0x00,0x01,0x01,0x6e,0x00,0x00,
  0x00,0x01,0x01,0x25,0x00,0x00,0x00,0x06,0x00,0x10,0x00,0x01,
  0x00,0x0a,0x00,0x07,0x00,0x01,0x00,0x0c,0x00,0x3a,0x00,0x01,
  0x00,0x56,0x03,0x00,0x00,0x02,0x00,0x07,0x00,0xd3,0x00,0xe2,
  0x00,0x00,0x00,0xe4,0x00,0xe8,0x00,0x10,0x00,0xeb,0x00,0xeb,
  0x00,0x15,0x00,0xef,0x00,0xef,0x00,0x16,0x00,0xf1,0x00,0xf4,
  0x00,0x17,0x01,0x11,0x01,0x11,0x00,0x1b,0x01,0x1a,0x01,0x50,
  0x00,0x1c,0x00,0x02,0x00,0x04,0x00,0xd3,0x00,0xef,0x00,0x00,
  0x00,0xf1,0x00,0xf4,0x00,0x1d,0x01,0x11,0x01,0x11,0x00,0x21,
  0x01,0x1a,0x01,0x50,0x00,0x22,0x00,0x53,0x00,0x00,0x01,0x72,
  0x00,0x00,0x01,0x72,0x00,0x00,0x01,0x4e,0x00,0x00,0x01,0x54,
  0x00,0x00,0x01,0x5a,0x00,0x00,0x01,0x7e,0x00,0x00,0x01,0x60,
  0x00,0x00,0x01,0x66,0x00,0x00,0x01,0x6c,0x00,0x00,0x01,0x72,
  0x00,0x00,0x01,0x7e,0x00,0x00,0x01,0x78,0x00,0x00,0x01,0x7e,
  0x00,0x00,0x01,0x7e,0x00,0x00,0x01,0x7e,0x00,0x00,0x01,0x84,
  0x00,0x00,0x01,0x84,0x00,0x00,0x01,0x8a,0x00,0x00,0x02,0x50,
  0x00,0x00,0x01,0x90,0x00,0x00,0x01,0x90,0x00,0x00,0x01,0x96,
  0x00,0x00,0x02,0x5c,0x00,0x00,0x02,0x5c,0x00,0x00,0x01,0x9c,
  0x00,0x00,0x01,0xa2,0x00,0x00,0x02,0x62,0x00,0x00,0x01,0xa8,
  0x00,0x00,0x01,0xf0,0x00,0x00,0x01,0xae,0x00,0x00,0x01,0xb4,
  0x00,0x00,0x02,0x92,0x00,0x00,0x01,0xba,0x00,0x00,0x01,0xde,
  0x00,0x00,0x01,0xc0,0x00,0x00,0x01,0xc6,0x00,0x00,0x01,0xcc,
  0x00,0x00,0x02,0x92,0x00,0x00,0x01,0xd2,0x00,0x00,0x01,0xd8,
  0x00,0x00,0x01,0xde,0x00,0x00,0x01,0xe4,0x00,0x00,0x02,0x8c,
  0x00,0x00,0x02,0x8c,0x00,0x00,0x01,0xea,0x00,0x00,0x02,0x8c,
  0x00,0x00,0x01,0xf0,0x00,0x00,0x01,0xf6,0x00,0x00,0x02,0x80,
  0x00,0x00,0x01,0xfc,0x00,0x00,0x02,0x02,0x00,0x00,0x02,0x4a,
  0x00,0x00,0x02,0x2c,0x00,0x00,0x02,0x08,0x00,0x00,0x02,0x32,
  0x00,0x00,0x02,0x0e,0x00,0x00,0x02,0x14,0x00,0x00,0x02,0x1a,
  0x00,0x00,0x02,0x20,0x00,0x00,0x02,0x26,0x00,0x00,0x02,0x32,
  0x00,0x00,0x02,0x2c,0x00,0x00,0x02,0x32,0x00,0x00,0x02,0x38,
  0x00,0x00,0x02,0x3e,0x00,0x00,0x02,0x44,0x00,0x00,0x02,0x4a,
  0x00,0x00,0x02,0x50,0x00,0x00,0x02,0x56,0x00,0x00,0x02,0x5c,
  0x00,0x00,0x02,0x62,0x00,0x00,0x02,0x68,0x00,0x00,0x02,0x6e,
  0x00,0x00,0x02,0x74,0x00,0x00,0x02,0x7a,0x00,0x00,0x02,0x92,
  0x00,0x00,0x02,0x80,0x00,0x00,0x02,0x86,0x00,0x00,0x02,0x8c,
  0x00,0x00,0x02,0x92,0x00,0x00,0x02,0x98,0x00,0x00,0x02,0x9e,
  0x00,0x00,0x02,0xa4,0x00,0x01,0x00,0x72,0x01,0xcf,0x00,0x01,
  0x00,0x6e,0x01,0xcf,0x00,0x01,0x00,0x7a,0x01,0xcf,0x00,0x01,
  0x00,0x84,0x02,0xca,0x00,0x01,0x00,0x80,0x01,0xcf,0x00,0x01,
  0x00,0x90,0x00,0x00,0x00,0x01,0x00,0x4b,0x01,0xcf,0x00,0x01,
  0x00,0x9b,0x02,0x04,0x00,0x01,0x00,0x8e,0x01,0xcf,0x00,0x01,
  0x00,0x81,0x02,0x06,0x00,0x01,0x00,0xba,0x02,0x06,0x00,0x01,
  0x00,0x73,0x01,0xae,0x00,0x01,0x00,0x44,0x01,0xca,0x00,0x01,
  0x00,0x9e,0x02,0x10,0x00,0x01,0x00,0x88,0x01,0xca,0x00,0x01,
  0x01,0xbc,0x00,0xcc,0x00,0x01,0x00,0xbe,0x02,0x92,0x00,0x01,
  0x00,0xbb,0x02,0x92,0x00,0x01,0x00,0xae,0x01,0xca,0x00,0x01,
  0x00,0x87,0x01,0xca,0x00,0x01,0x00,0xa2,0x01,0xc9,0x00,0x01,
  0x00,0xb8,0x01,0xca,0x00,0x01,0x01,0x04,0x01,0xca,0x00,0x01,
  0x00,0x7f,0x01,0xca,0x00,0x01,0x00,0x81,0x01,0xca,0x00,0x01,
  0x00,0x73,0x01,0xca,0x00,0x01,0x00,0xf8,0x01,0xca,0x00,0x01,
  0x00,0xab,0x01,0xca,0x00,0x01,0x00,0x8c,0x01,0xca,0x00,0x01,
  0x00,0x98,0x01,0xca,0x00,0x01,0x00,0x72,0x01,0xca,0x00,0x01,
  0x00,0x80,0x01,0xca,0x00,0x01,0x00,0x86,0x01,0xca,0x00,0x01,
  0x00,0xc7,0x01,0xd4,0x00,0x01,0x00,0xfd,0x01,0xca,0x00,0x01,
  0x00,0xa1,0x01,0xca,0x00,0x01,0x00,0x43,0x01,0xca,0x00,0x01,
  0x00,0x70,0x01,0xca,0x00,0x01,0x00,0x71,0x01,0xca,0x00,0x01,
  0x00,0x7b,0x02,0x24,0x00,0x01,0x00,0x82,0x01,0xca,0x00,0x01,
  0x00,0x56,0x01,0xca,0x00,0x01,0x00,0x6c,0x01,0xca,0x00,0x01,
  0x00,0xaa,0x02,0x06,0x00,0x01,0x00,0x4e,0x01,0xca,0x00,0x01,
  0x00,0x87,0x01,0xae,0x00,0x01,0x00,0x76,0x01,0xbb,0x00,0x01,
  0x00,0x67,0x01,0xcb,0x00,0x01,0x00,0xac,0x01,0xca,0x00,0x01,
  0x00,0xb6,0x01,0xca,0x00,0x01,0x00,0xa4,0x02,0x34,0x00,0x01,
  0x00,0x95,0x01,0xca,0x00,0x01,0x00,0xce,0x01,0xca,0x00,0x01,
  0x00,0xb4,0x01,0xca,0x00,0x01,0x00,0xa2,0x01,0xca,0x00,0x01,
  0x00,0xe0,0x01,0xd4,0x00,0x01,0x00,0xc6,0x01,0xca,0x00,0x01,
  0x00,0xd0,0x01,0xca,0x00,0x59,0x00,0xb4,0x00,0xba,0x00,0xc0,
  0x00,0xc6,0x00,0xcc,0x00,0xd2,0x00,0xd8,0x00,0xde,0x00,0xe4,
  0x00,0xea,0x00,0xf6,0x00,0xf0,0x00,0xf6,0x00,0xf6,0x00,0xfc,
  0x01,0x08,0x01,0x02,0x01,0x08,0x01,0x0e,0x02,0x40,0x01,0x14,
  0x01,0x14,0x01,0x1a,0x01,0x20,0x01,0x26,0x01,0x2c,0x01,0x32,
  0x01,0x38,0x02,0x4c,0x01,0x3e,0x01,0x44,0x01,0x4a,0x02,0x52,
  0x01,0x50,0x01,0x56,0x01,0x5c,0x01,0x62,0x01,0x68,0x01,0x6e,
  0x01,0x74,0x01,0x7a,0x01,0x80,0x01,0x86,0x01,0x8c,0x01,0x92,
  0x01,0x98,0x01,0x9e,0x01,0xa4,0x01,0xaa,0x01,0xb0,0x01,0xb6,
  0x01,0xbc,0x01,0xc2,0x01,0xc8,0x01,0xce,0x01,0xd4,0x01,0xda,
  0x01,0xe0,0x01,0xe6,0x01,0xec,0x01,0xf2,0x01,0xf8,0x01,0xfe,
  0x02,0x04,0x02,0x0a,0x02,0x10,0x02,0x16,0x02,0x1c,0x02,0x22,
  0x02,0x28,0x02,0x2e,0x02,0x34,0x02,0x3a,0x02,0x40,0x02,0x46,
  0x02,0x4c,0x02,0x52,0x02,0x58,0x02,0x5e,0x02,0x64,0x02,0x64,
  0x02,0x6a,0x02,0x70,0x02,0x76,0x02,0x7c,0x02,0x82,0x02,0x88,
  0x02,0x8e,0x02,0x94,0x00,0x01,0x00,0x42,0x02,0x99,0x00,0x01,
  0x00,0x4a,0x03,0x21,0x00,0x01,0x00,0x74,0x03,0x7a,0x00,0x01,
  0x00,0x74,0x03,0x67,0x00,0x01,0x00,0x7e,0x03,0xb8,0x00,0x01,
  0x00,0x89,0x02,0x99,0x00,0x01,0x00,0x84,0x03,0x9e,0x00,0x01,
  0x00,0x80,0x02,0x9e,0x00,0x01,0x00,0x94,0x01,0x6f,0x00,0x01,
  0x00,0x4b,0x03,0x1a,0x00,0x01,0x00,0x2d,0x02,0xec,0x00,0x01,
  0x00,0x91,0x03,0x07,0x00,0x01,0x00,0x94,0x03,0x16,0x00,0x01,
  0x00,0x3d,0x02,0xbf,0x00,0x01,0x00,0x76,0x02,0xde,0x00,0x01,
  0x00,0xb7,0x03,0x0b,0x00,0x01,0x00,0x74,0x02,0xf5,0x00,0x01,
  0x00,0x93,0x02,0xd1,0x00,0x01,0x00,0x7f,0x02,0xae,0x00,0x01,
  0x00,0x3f,0x03,0x05,0x00,0x01,0x00,0x73,0x03,0x3c,0x00,0x01,
  0x00,0x97,0x03,0x44,0x00,0x01,0x00,0x4d,0x03,0x44,0x00,0x01,
  0x00,0x9f,0x03,0xdf,0x00,0x01,0x00,0xab,0x03,0x1c,0x00,0x01,
  0x00,0x86,0x03,0x5f,0x00,0x01,0x01,0xd2,0x02,0x10,0x00,0x01,
  0x00,0x9a,0x02,0x92,0x00,0x01,0x00,0xc8,0x04,0x2b,0x00,0x01,
  0x00,0xa8,0x04,0x8b,0x00,0x01,0x00,0x9a,0x02,0x7c,0x00,0x01,
  0x00,0xb3,0x03,0x34,0x00,0x01,0x00,0x89,0x03,0x13,0x00,0x01,
  0x00,0x8d,0x03,0x22,0x00,0x01,0x00,0x9c,0x02,0xc4,0x00,0x01,
  0x00,0xb7,0x03,0x28,0x00,0x01,0x00,0xcb,0x03,0x29,0x00,0x01,
  0x01,0x1a,0x03,0x34,0x00,0x01,0x00,0x7a,0x03,0x21,0x00,0x01,
  0x00,0x74,0x02,0xad,0x00,0x01,0x00,0x76,0x03,0x1c,0x00,0x01,
  0x00,0x99,0x02,0xca,0x00,0x01,0x00,0xb4,0x03,0x14,0x00,0x01,
  0x00,0xde,0x03,0x54,0x00,0x01,0x00,0xa7,0x04,0x05,0x00,0x01,
  0x00,0x9f,0x03,0x35,0x00,0x01,0x00,0x8d,0x02,0x96,0x00,0x01,
  0x00,0x99,0x03,0x2e,0x00,0x01,0x00,0x84,0x03,0x21,0x00,0x01,
  0x00,0x7a,0x03,0x20,0x00,0x01,0x00,0x6e,0x02,0xcc,0x00,0x01,
  0x00,0x6c,0x03,0x3f,0x00,0x01,0x00,0x80,0x03,0x32,0x00,0x01,
  0x00,0x71,0x02,0xf8,0x00,0x01,0x00,0x85,0x02,0xf8,0x00,0x01,
  0x00,0xc7,0x02,0xf8,0x00,0x01,0x00,0xff,0x02,0xf8,0x00,0x01,
  0x00,0xa4,0x03,0x22,0x00,0x01,0x00,0x43,0x03,0x0f,0x00,0x01,
  0x00,0x79,0x03,0x0f,0x00,0x01,0x00,0x72,0x03,0x3c,0x00,0x01,
  0x00,0x7a,0x03,0x15,0x00,0x01,0x00,0x97,0x03,0x2a,0x00,0x01,
  0x00,0x82,0x03,0x2f,0x00,0x01,0x00,0x55,0x02,0xfa,0x00,0x01,
  0x00,0x6c,0x02,0xf7,0x00,0x01,0x00,0xac,0x02,0xc5,0x00,0x01,
  0x00,0x47,0x03,0x07,0x00,0x01,0x00,0x94,0x03,0x32,0x00,0x01,
  0x00,0x59,0x02,0xf8,0x00,0x01,0x00,0x69,0x03,0x3e,0x00,0x01,
  0x00,0x8c,0x03,0x2e,0x00,0x01,0x00,0xbe,0x03,0x10,0x00,0x01,
  0x00,0x91,0x03,0xd3,0x00,0x01,0x00,0xa2,0x03,0x28,0x00,0x01,
  0x00,0xdc,0x03,0x4f,0x00,0x01,0x00,0xb2,0x03,0x2a,0x00,0x01,
  0x00,0x9c,0x03,0x30,0x00,0x01,0x00,0xdd,0x02,0xc1,0x00,0x01,
  0x00,0xc6,0x03,0x18,0x00,0x01,0x00,0xd0,0x03,0x18,0x00,0x06,
  0x00,0x10,0x00,0x01,0x00,0x0a,0x00,0x08,0x00,0x01,0x00,0x0c,
  0x00,0x12,0x00,0x01,0x00,0x22,0x00,0x2e,0x00,0x01,0x00,0x01,
  0x01,0x44,0x00,0x01,0x00,0x06,0x01,0x1d,0x01,0x1e,0x01,0x21,
  0x01,0x22,0x01,0x23,0x01,0x24,0x00,0x01,0x00,0x00,0x00,0x06,
  0x00,0x01,0x00,0x92,0x02,0x4c,0x00,0x06,0x00,0x1a,0x00,0x20,
  0x00,0x0e,0x00,0x14,0x00,0x1a,0x00,0x20,0x00,0x01,0x00,0x3c,
  0x03,0x0d,0x00,0x01,0x00,0x2a,0x03,0x1a,0x00,0x01,0x00,0x3c,
  0x02,0xa9,0x00,0x01,0x00,0x0b,0x02,0xa4,0x00,0x01,0x00,0x00,
  0x00,0x0a,0x00,0xa8,0x01,0x72,0x00,0x02,0x44,0x46,0x4c,0x54,
  0x00,0x0e,0x61,0x72,0x61,0x62,0x00,0x12,0x00,0x26,0x00,0x00,
  0x00,0x22,0x00,0x05,0x4b,0x53,0x48,0x20,0x00,0x76,0x4b,0x55,
  0x52,0x20,0x00,0x36,0x52,0x48,0x47,0x20,0x00,0x4a,0x53,0x4e,
  0x44,0x20,0x00,0x60,0x55,0x52,0x44,0x20,0x00,0x76,0x00,0x00,
  0xff,0xff,0x00,0x07,0x00,0x00,0x00,0x01,0x00,0x02,0x00,0x03,
  0x00,0x04,0x00,0x08,0x00,0x09,0x00,0x00,0xff,0xff,0x00,0x07,
  0x00,0x00,0x00,0x01,0x00,0x02,0x00,0x03,0x00,0x04,0x00,0x08,
  0x00,0x0a,0x00,0x00,0xff,0xff,0x00,0x08,0x00,0x00,0x00,0x01,
  0x00,0x02,0x00,0x03,0x00,0x04,0x00,0x06,0x00,0x08,0x00,0x09,
  0x00,0x00,0xff,0xff,0x00,0x08,0x00,0x00,0x00,0x01,0x00,0x02,
  0x00,0x03,0x00,0x04,0x00,0x07,0x00,0x08,0x00,0x0b,0x00,0x00,
  0xff,0xff,0x00,0x08,0x00,0x00,0x00,0x01,0x00,0x02,0x00,0x03,
  0x00,0x04,0x00,0x05,0x00,0x08,0x00,0x09,0x00,0x0c,0x63,0x63,
  0x6d,0x70,0x00,0x4a,0x64,0x6c,0x69,0x67,0x00,0x56,0x66,0x69,
  0x6e,0x61,0x00,0x5c,0x69,0x6e,0x69,0x74,0x00,0x62,0x6c,0x69,
  0x67,0x61,0x00,0x6a,0x6c,0x6f,0x63,0x6c,0x00,0x70,0x6c,0x6f,
  0x63,0x6c,0x00,0x76,0x6c,0x6f,0x63,0x6c,0x00,0x7c,0x6d,0x65,
  0x64,0x69,0x00,0x82,0x72,0x6c,0x69,0x67,0x00,0x8a,0x72,0x6c,
  0x69,0x67,0x00,0x9e,0x72,0x6c,0x69,0x67,0x00,0xb4,0x00,0x00,
  0x00,0x04,0x00,0x08,0x00,0x0a,0x00,0x0b,0x00,0x0c,0x00,0x00,
  0x00,0x01,0x00,0x22,0x00,0x00,0x00,0x01,0x00,0x12,0x00,0x00,
  0x00,0x02,0x00,0x10,0x00,0x02,0x00,0x00,0x00,0x01,0x00,0x21,
  0x00,0x00,0x00,0x01,0x00,0x0e,0x00,0x00,0x00,0x01,0x00,0x0f,
  0x00,0x00,0x00,0x01,0x00,0x0d,0x00,0x00,0x00,0x02,0x00,0x11,
  0x00,0x02,0x00,0x00,0x00,0x08,0x00,0x15,0x00,0x16,0x00,0x17,
  0x00,0x19,0x00,0x1b,0x00,0x1d,0x00,0x1f,0x00,0x20,0x00,0x00,
  0x00,0x09,0x00,0x14,0x00,0x15,0x00,0x16,0x00,0x17,0x00,0x19,
  0x00,0x1b,0x00,0x1d,0x00,0x1f,0x00,0x20,0x00,0x00,0x00,0x09,
  0x00,0x13,0x00,0x15,0x00,0x16,0x00,0x17,0x00,0x19,0x00,0x1b,
  0x00,0x1d,0x00,0x1f,0x00,0x20,0x00,0x23,0x00,0x48,0x00,0x66,
  0x00,0x84,0x00,0xa6,0x00,0xd8,0x01,0x0a,0x01,0x2a,0x01,0x48,
  0x01,0x56,0x01,0x7e,0x01,0xa0,0x01,0xc8,0x08,0x90,0x08,0xac,
  0x08,0xd6,0x08,0xea,0x09,0x08,0x09,0xec,0x0a,0xcc,0x0b,0xf8,
  0x0c,0x0e,0x0c,0x22,0x0c,0x54,0x0c,0xa4,0x0c,0xce,0x0c,0xe2,
  0x0d,0x20,0x0d,0x38,0x0d,0x64,0x0d,0x7c,0x0d,0x9c,0x0d,0xb2,
  0x0d,0xee,0x0e,0xe8,0x0f,0x22,0x00,0x01,0x00,0x00,0x00,0x01,
  0x00,0x08,0x00,0x02,0x00,0x0c,0x00,0x03,0x00,0x07,0x00,0x07,
  0x00,0x44,0x00,0x01,0x00,0x03,0x00,0x06,0x00,0x0a,0x00,0x43,
  0x00,0x01,0x00,0x00,0x00,0x01,0x00,0x08,0x00,0x02,0x00,0x0c,
  0x00,0x03,0x00,0x08,0x00,0x08,0x00,0x42,0x00,0x01,0x00,0x03,
  0x00,0x06,0x00,0x0a,0x00,0x41,0x00,0x01,0x00,0x00,0x00,0x01,
  0x00,0x08,0x00,0x02,0x0b,0xb8,0x00,0x0a,0x00,0xf5,0x00,0xf6,
  0x00,0xf7,0x00,0xf8,0x00,0xf9,0x00,0xfb,0x00,0xfc,0x00,0xfd,
  0x01,0x03,0x01,0x05,0x00,0x01,0x00,0x00,0x00,0x01,0x00,0x08,
  0x00,0x02,0x0e,0x2a,0x00,0x12,0x01,0x7f,0x01,0x80,0x01,0x81,
  0x01,0x82,0x01,0x83,0x01,0x84,0x01,0x85,0x01,0x86,0x01,0x87,
  0x01,0x88,0x01,0x7f,0x01,0x81,0x01,0x89,0x01,0x8b,0x01,0x8c,
  0x01,0x86,0x01,0x8a,0x01,0x8d,0x00,0x01,0x00,0x00,0x00,0x01,
  0x00,0x08,0x00,0x02,0x0d,0xf8,0x00,0x12,0x01,0x8e,0x01,0x8f,
  0x01,0x90,0x01,0x91,0x01,0x92,0x01,0x93,0x01,0x94,0x01,0x95,
  0x01,0x96,0x01,0x97,0x01,0x8e,0x01,0x90,0x01,0x98,0x01,0x9a,
  0x01,0x9b,0x01,0x95,0x01,0x99,0x01,0x9c,0x00,0x01,0x00,0x00,
  0x00,0x01,0x00,0x08,0x00,0x01,0x00,0x06,0x00,0x01,0x00,0x01,
  0x00,0x07,0x00,0x9a,0x00,0x9d,0x00,0xa0,0x00,0xa4,0x00,0xa8,
  0x00,0xab,0x00,0xae,0x00,0x01,0x00,0x00,0x00,0x01,0x00,0x08,
  0x00,0x01,0x00,0x06,0x00,0x02,0x00,0x01,0x00,0x06,0x00,0x9a,
  0x00,0x9d,0x00,0xa0,0x00,0xa4,0x00,0xa8,0x00,0xab,0x00,0x01,
  0x00,0x00,0x00,0x01,0x00,0x08,0x00,0x01,0x0d,0x22,0x00,0x03,
  0x00,0x06,0x00,0x10,0x00,0x01,0x00,0x0a,0x00,0x00,0x00,0x01,
  0x00,0x3a,0x00,0x01,0x00,0x08,0x00,0x01,0x00,0x04,0x00,0x01,
  0x00,0x3f,0x00,0x02,0x00,0xe2,0x00,0x01,0x00,0x05,0x00,0x01,
  0x00,0x00,0x00,0x09,0x00,0x04,0x00,0x10,0x00,0x01,0x00,0x0a,
  0x00,0x00,0x00,0x01,0x00,0x12,0x00,0x01,0x00,0x08,0x00,0x01,
  0x00,0x04,0x00,0xe3,0x00,0x02,0x00,0xe2,0x00,0x01,0x00,0x01,
  0x00,0x65,0x00,0x04,0x00,0x00,0x00,0x01,0x00,0x08,0x00,0x01,
  0x00,0x1a,0x00,0x01,0x00,0x08,0x00,0x02,0x00,0x06,0x00,0x0c,
  0x01,0x1c,0x00,0x02,0x01,0x52,0x01,0x1b,0x00,0x02,0x01,0x51,
  0x00,0x01,0x00,0x01,0x01,0x1a,0x00,0x02,0x00,0x00,0x00,0x01,
  0x00,0x08,0x00,0x01,0x01,0x98,0x00,0xc9,0x01,0xd2,0x01,0xd8,
  0x01,0xde,0x01,0xe4,0x01,0xea,0x01,0xf0,0x01,0xf6,0x01,0xfc,
  0x02,0x02,0x02,0x08,0x02,0x0e,0x02,0x14,0x02,0x1a,0x02,0x20,
  0x02,0x26,0x02,0x2e,0x02,0x34,0x02,0x3a,0x02,0x40,0x02,0x46,
  0x02,0x4c,0x02,0x54,0x02,0x5a,0x02,0x62,0x02,0x6a,0x02,0x70,
  0x02,0x76,0x02,0x7c,0x02,0x84,0x02,0x8c,0x02,0x94,0x02,0x9a,
  0x02,0xa2,0x02,0xaa,0x02,0xb0,0x02,0xb6,0x02,0xbc,0x02,0xc2,
  0x02,0xc8,0x02,0xce,0x02,0xd4,0x02,0xda,0x02,0xe0,0x02,0xe6,
  0x02,0xee,0x02,0xf4,0x02,0xfa,0x03,0x00,0x03,0x06,0x03,0x0c,
  0x03,0x12,0x03,0x1a,0x03,0x22,0x03,0x2a,0x03,0x30,0x03,0x36,
  0x03,0x3c,0x03,0x42,0x03,0x48,0x03,0x50,0x03,0x56,0x03,0x5c,
  0x03,0x62,0x03,0x68,0x03,0x6e,0x03,0x74,0x03,0x7c,0x03,0x82,
  0x03,0x88,0x03,0x8e,0x03,0x94,0x03,0x9a,0x03,0xa0,0x03,0xa6,
  0x03,0xac,0x03,0xb4,0x03,0xba,0x03,0xc0,0x03,0xc6,0x03,0xcc,
  0x03,0xd2,0x03,0xd8,0x03,0xde,0x03,0xe4,0x03,0xea,0x03,0xf0,
  0x03,0xf6,0x03,0xfe,0x04,0x04,0x04,0x0c,0x04,0x14,0x04,0x1a,
  0x04,0x20,0x04,0x26,0x04,0x2c,0x04,0x32,0x04,0x38,0x04,0x3e,
  0x04,0x44,0x04,0x4c,0x04,0x52,0x04,0x58,0x04,0x5e,0x04,0x64,
  0x04,0x6a,0x04,0x70,0x04,0x78,0x04,0x7e,0x04,0x84,0x04,0x8a,
  0x04,0x90,0x04,0x96,0x04,0x9c,0x04,0xa2,0x04,0xaa,0x04,0xb0,
  0x04,0xb6,0x04,0xbc,0x04,0xc2,0x04,0xc8,0x04,0xd0,0x04,0xd6,
  0x0a,0xba,0x04,0xdc,0x04,0xe4,0x04,0xea,0x04,0xf0,0x04,0xf6,
  0x04,0xfc,0x05,0x02,0x05,0x08,0x05,0x0e,0x05,0x14,0x05,0x1a,
  0x05,0x20,0x05,0x26,0x05,0x2c,0x05,0x32,0x05,0x38,0x05,0x3e,
  0x05,0x44,0x05,0x4a,0x05,0x50,0x05,0x56,0x05,0x5c,0x05,0x62,
  0x05,0x68,0x05,0x6e,0x05,0x74,0x05,0x7a,0x05,0x80,0x05,0x86,
  0x05,0x8c,0x05,0x92,0x05,0x98,0x05,0x9e,0x05,0xa6,0x05,0xac,
  0x05,0xb4,0x05,0xbc,0x05,0xc2,0x05,0xc8,0x05,0xce,0x05,0xd4,
  0x05,0xda,0x05,0xe0,0x05,0xe6,0x05,0xec,0x05,0xf2,0x05,0xf8,
  0x05,0xfe,0x06,0x04,0x06,0x0a,0x06,0x10,0x06,0x16,0x06,0x1c,
  0x06,0x22,0x06,0x28,0x06,0x2e,0x06,0x34,0x06,0x3a,0x06,0x40,
  0x06,0x46,0x06,0x4c,0x06,0x52,0x06,0x58,0x06,0x5e,0x06,0x64,
  0x06,0x6a,0x06,0x70,0x06,0x76,0x06,0x7c,0x06,0x84,0x06,0x8c,
  0x06,0x94,0x06,0x9a,0x06,0xa0,0x06,0xa6,0x06,0xac,0x06,0xb2,
  0x06,0xba,0x00,0x02,0x00,0x09,0x01,0xab,0x02,0x22,0x00,0x00,
  0x02,0x24,0x02,0x27,0x00,0x78,0x02,0x2a,0x02,0x2a,0x00,0x7c,
  0x02,0x2c,0x02,0x33,0x00,0x7d,0x02,0x35,0x02,0x4d,0x00,0x85,
  0x02,0x4f,0x02,0x51,0x00,0x9e,0x02,0x53,0x02,0x64,0x00,0xa1,
  0x02,0x66,0x02,0x6a,0x00,0xb3,0x02,0x6c,0x02,0x7c,0x00,0xb8,
  0x00,0x02,0x00,0x09,0x00,0xe6,0x00,0x02,0x00,0x09,0x00,0xe2,
  0x00,0x02,0x00,0x05,0x00,0xfe,0x00,0x02,0x00,0x09,0x00,0xe5,
  0x00,0x02,0x00,0x09,0x00,0xe4,0x00,0x02,0x00,0x05,0x00,0xff,
  0x00,0x02,0x00,0x05,0x00,0xec,0x00,0x02,0x00,0x05,0x00,0xed,
  0x00,0x02,0x00,0x0b,0x00,0xf5,0x00,0x02,0x00,0x0b,0x00,0xd8,
  0x00,0x02,0x00,0x0b,0x00,0xdd,0x00,0x02,0x00,0x0b,0x00,0xef,
  0x00,0x02,0x00,0x0b,0x00,0xdc,0x00,0x02,0x00,0x0b,0x00,0xf9,
  0x00,0x03,0x00,0x0b,0x00,0xd8,0x01,0x12,0x00,0x02,0x00,0x0b,
  0x00,0xe0,0x00,0x02,0x00,0x0b,0x00,0xfc,0x00,0x02,0x00,0x0b,
  0x00,0xe1,0x00,0x02,0x00,0x0b,0x00,0xfd,0x00,0x02,0x00,0x0b,
  0x00,0xfa,0x00,0x03,0x00,0x0b,0x00,0xdd,0x00,0xf5,0x00,0x02,
  0x00,0x0b,0x00,0xfb,0x00,0x03,0x00,0x0b,0x00,0xd8,0x00,0xfb,
  0x00,0x03,0x00,0x0b,0x00,0xd3,0x00,0xf7,0x00,0x02,0x00,0x0b,
  0x01,0x01,0x00,0x02,0x00,0x0b,0x00,0xe7,0x00,0x02,0x00,0x0b,
  0x01,0x00,0x00,0x03,0x00,0x0b,0x00,0xe2,0x00,0xf5,0x00,0x03,
  0x00,0x0b,0x00,0xf5,0x00,0xf4,0x00,0x03,0x00,0x0b,0x00,0xfc,
  0x00,0xf4,0x00,0x02,0x00,0x0b,0x00,0xf2,0x00,0x03,0x00,0x0b,
  0x00,0xe7,0x00,0xfc,0x00,0x03,0x00,0x0b,0x00,0xd8,0x00,0xe7,
  0x00,0x02,0x00,0x0b,0x00,0xf1,0x00,0x02,0x00,0x11,0x01,0x06,
  0x00,0x02,0x00,0x11,0x00,0xd3,0x00,0x02,0x00,0x11,0x00,0xe2,
  0x00,0x02,0x00,0x11,0x00,0xdc,0x00,0x02,0x00,0x11,0x01,0x09,
  0x00,0x02,0x00,0x11,0x01,0x0b,0x00,0x02,0x00,0x11,0x00,0xdd,
  0x00,0x02,0x00,0x11,0x01,0x0d,0x00,0x02,0x00,0x11,0x01,0x0e,
  0x00,0x03,0x00,0x11,0x01,0x0d,0x00,0xd3,0x00,0x02,0x00,0x11,
  0x00,0xd8,0x00,0x02,0x00,0x11,0x01,0x0c,0x00,0x02,0x00,0x11,
  0x01,0x10,0x00,0x02,0x00,0x11,0x01,0x0a,0x00,0x02,0x00,0x11,
  0x00,0xef,0x00,0x02,0x00,0x11,0x01,0x0f,0x00,0x03,0x00,0x11,
  0x01,0x06,0x00,0xd8,0x00,0x03,0x00,0x11,0x01,0x0d,0x00,0xe7,
  0x00,0x03,0x00,0x11,0x01,0x06,0x00,0xdd,0x00,0x02,0x00,0x11,
  0x01,0x08,0x00,0x02,0x00,0x17,0x00,0xd3,0x00,0x02,0x00,0x17,
  0x00,0xef,0x00,0x02,0x00,0x17,0x01,0x12,0x00,0x02,0x00,0x17,
  0x00,0xf5,0x00,0x03,0x00,0x17,0x00,0xef,0x00,0xf5,0x00,0x02,
  0x00,0x17,0x00,0xd8,0x00,0x02,0x00,0x17,0x00,0xf7,0x00,0x02,
  0x00,0x17,0x00,0xdd,0x00,0x02,0x00,0x17,0x00,0xe0,0x00,0x02,
  0x00,0x17,0x00,0xe1,0x00,0x02,0x00,0x17,0x00,0xe8,0x00,0x03,
  0x00,0x17,0x00,0xef,0x00,0xf9,0x00,0x02,0x00,0x17,0x01,0x01,
  0x00,0x02,0x00,0x17,0x00,0xfc,0x00,0x02,0x00,0x19,0x00,0xd3,
  0x00,0x02,0x00,0x19,0x00,0xef,0x00,0x02,0x00,0x19,0x00,0xe7,
  0x00,0x02,0x00,0x19,0x01,0x12,0x00,0x02,0x00,0x19,0x00,0xf5,
  0x00,0x02,0x00,0x19,0x01,0x00,0x00,0x03,0x00,0x19,0x01,0x06,
  0x00,0xf5,0x00,0x02,0x00,0x19,0x00,0xd8,0x00,0x02,0x00,0x19,
  0x00,0xdd,0x00,0x02,0x00,0x19,0x00,0xe1,0x00,0x02,0x00,0x19,
  0x00,0xe8,0x00,0x02,0x00,0x19,0x01,0x17,0x00,0x02,0x00,0x19,
  0x00,0xdc,0x00,0x02,0x00,0x19,0x00,0xe2,0x00,0x02,0x00,0x19,
  0x00,0xdb,0x00,0x02,0x00,0x19,0x00,0xd6,0x00,0x02,0x00,0x19,
  0x00,0xf3,0x00,0x02,0x00,0x1d,0x00,0xdd,0x00,0x03,0x00,0x1d,
  0x00,0xd3,0x00,0xf5,0x00,0x02,0x00,0x1d,0x00,0xfc,0x00,0x03,
  0x00,0x1d,0x00,0xdd,0x00,0xfc,0x00,0x03,0x00,0x1d,0x00,0xdd,
  0x00,0xf5,0x00,0x02,0x00,0x1d,0x00,0xe1,0x00,0x02,0x00,0x1d,
  0x00,0xdc,0x00,0x02,0x00,0x1d,0x00,0xdb,0x00,0x02,0x00,0x1d,
  0x00,0xee,0x00,0x02,0x00,0x1d,0x00,0xe8,0x00,0x02,0x00,0x21,
  0x00,0xd3,0x00,0x02,0x00,0x21,0x00,0xf7,0x00,0x02,0x00,0x21,
  0x00,0xdd,0x00,0x03,0x00,0x21,0x00,0xd3,0x00,0xf5,0x00,0x02,
  0x00,0x21,0x00,0xfc,0x00,0x02,0x00,0x25,0x00,0xd3,0x00,0x02,
  0x00,0x25,0x00,0xdd,0x00,0x02,0x00,0x25,0x00,0xd8,0x00,0x02,
  0x00,0x29,0x00,0xd3,0x00,0x02,0x00,0x29,0x00,0xdd,0x00,0x03,
  0x00,0x29,0x00,0xd3,0x01,0x06,0x00,0x02,0x00,0x29,0x00,0xd8,
  0x00,0x02,0x00,0x29,0x00,0xe0,0x00,0x02,0x00,0x29,0x00,0xdc,
  0x00,0x02,0x00,0x29,0x01,0x0d,0x00,0x02,0x00,0x29,0x00,0xd4,
  0x00,0x02,0x00,0x2d,0x00,0xd3,0x00,0x02,0x00,0x2d,0x00,0xf5,
  0x00,0x03,0x00,0x2d,0x00,0xd3,0x00,0xf5,0x00,0x02,0x00,0x2d,
  0x00,0xdd,0x00,0x02,0x00,0x2d,0x00,0xfc,0x00,0x02,0x00,0x2d,
  0x00,0xe1,0x00,0x02,0x00,0x2d,0x00,0xf7,0x00,0x02,0x00,0x2d,
  0x00,0xfb,0x00,0x03,0x00,0x2d,0x00,0xdd,0x00,0xf5,0x00,0x02,
  0x00,0x31,0x00,0xd8,0x00,0x02,0x00,0x31,0x00,0xd3,0x00,0x03,
  0x00,0x31,0x00,0xd8,0x00,0xf5,0x00,0x02,0x00,0x31,0x00,0xf5,
  0x00,0x02,0x02,0x2b,0x00,0xd3,0x00,0x02,0x02,0x2b,0x00,0xde,
  0x00,0x02,0x02,0x2b,0x00,0xfc,0x00,0x02,0x02,0x2b,0x00,0xd9,
  0x00,0x02,0x02,0x2b,0x00,0xf5,0x00,0x02,0x00,0x39,0x00,0xd9,
  0x00,0x02,0x00,0x39,0x00,0xfc,0x00,0x02,0x00,0x39,0x01,0x13,
  0x00,0x02,0x02,0x34,0x01,0x13,0x00,0x02,0x02,0x34,0x00,0xd9,
  0x00,0x02,0x02,0x34,0x00,0xf7,0x00,0x02,0x02,0x34,0x00,0xf9,
  0x00,0x02,0x02,0x34,0x00,0xde,0x00,0x02,0x00,0x39,0x00,0xd3,
  0x00,0x02,0x00,0x39,0x00,0xde,0x00,0x02,0x00,0x39,0x00,0xfb,
  0x00,0x02,0x00,0x39,0x01,0x14,0x00,0x02,0x00,0x39,0x00,0xe7,
  0x00,0x02,0x00,0x39,0x00,0xea,0x00,0x02,0x00,0x3f,0x00,0xe7,
  0x00,0x02,0x00,0x3f,0x00,0xd3,0x00,0x02,0x00,0x3f,0x00,0xdd,
  0x00,0x02,0x00,0x3f,0x00,0xfc,0x00,0x02,0x00,0x3f,0x01,0x15,
  0x00,0x02,0x00,0x3f,0x01,0x18,0x00,0x02,0x00,0x3f,0x00,0xef,
  0x00,0x02,0x00,0x45,0x00,0xdd,0x00,0x02,0x00,0x45,0x00,0xd3,
  0x00,0x02,0x00,0x45,0x00,0xf5,0x00,0x02,0x00,0x4b,0x00,0xd3,
  0x00,0x03,0x00,0x4b,0x00,0xd3,0x00,0xf5,0x00,0x02,0x00,0x4b,
  0x00,0xef,0x00,0x03,0x00,0x4b,0x00,0xd3,0x01,0x12,0x00,0x03,
  0x00,0x4b,0x00,0xd3,0x00,0xf7,0x00,0x02,0x00,0x4b,0x00,0xd7,
  0x00,0x02,0x00,0x4b,0x00,0xd5,0x00,0x02,0x00,0x55,0x00,0xd8,
  0x00,0x02,0x00,0x55,0x00,0xe2,0x00,0x02,0x00,0x51,0x00,0xe2,
  0x00,0x02,0x00,0x51,0x00,0xd8,0x00,0x02,0x00,0x56,0x00,0xe8,
  0x00,0x02,0x00,0x5b,0x00,0xe2,0x00,0x02,0x00,0x5c,0x01,0x13,
  0x00,0x02,0x00,0x5c,0x01,0x16,0x00,0x02,0x00,0x5c,0x01,0x07,
  0x00,0x02,0x00,0x5b,0x00,0xe7,0x00,0x02,0x00,0x5b,0x00,0xeb,
  0x00,0x02,0x00,0x5b,0x01,0x42,0x00,0x02,0x00,0x5b,0x00,0xe8,
  0x00,0x02,0x00,0x5b,0x00,0xd8,0x00,0x02,0x00,0x5b,0x00,0xdd,
  0x00,0x02,0x00,0x5b,0x00,0xd3,0x00,0x02,0x00,0x5b,0x00,0xec,
  0x00,0x02,0x00,0x5b,0x00,0xed,0x00,0x02,0x00,0x60,0x00,0xe2,
  0x00,0x02,0x02,0x6b,0x00,0xe8,0x00,0x02,0x02,0x6b,0x00,0xd8,
  0x00,0x02,0x02,0x6b,0x00,0xdd,0x00,0x02,0x00,0x60,0x00,0xf7,
  0x00,0x02,0x00,0x60,0x01,0x19,0x00,0x02,0x02,0x6b,0x00,0xe7,
  0x00,0x02,0x00,0x60,0x00,0xf9,0x00,0x02,0x00,0x60,0x00,0xfc,
  0x00,0x02,0x02,0x6b,0x00,0xec,0x00,0x02,0x02,0x6b,0x00,0xed,
  0x00,0x02,0x00,0x60,0x01,0x03,0x00,0x03,0x00,0x60,0x00,0xf7,
  0x00,0xe2,0x00,0x03,0x00,0x60,0x00,0xf7,0x00,0xd3,0x00,0x03,
  0x00,0x60,0x00,0xf7,0x00,0xf3,0x00,0x02,0x00,0x62,0x00,0xe2,
  0x00,0x02,0x00,0x62,0x00,0xec,0x00,0x02,0x00,0x62,0x00,0xed,
  0x00,0x02,0x00,0x04,0x00,0x05,0x00,0x02,0x00,0x04,0x00,0x5b,
  0x00,0x03,0x00,0x04,0x00,0x5b,0x00,0xeb,0x00,0x02,0x00,0x04,
  0x00,0x60,0x00,0x02,0x00,0x00,0x00,0x01,0x00,0x08,0x00,0x01,
  0x00,0x08,0x00,0x01,0x00,0x0e,0x00,0x01,0x00,0x01,0x02,0x34,
  0x00,0x02,0x00,0x39,0x00,0xe9,0x00,0x01,0x00,0x00,0x00,0x01,
  0x00,0x08,0x00,0x02,0x00,0x12,0x00,0x06,0x00,0x46,0x00,0x72,
  0x00,0x85,0x00,0x8f,0x00,0x90,0x00,0xc0,0x00,0x01,0x00,0x06,
  0x00,0x45,0x00,0x7a,0x00,0x7b,0x00,0x8d,0x00,0x8e,0x00,0xbf,
  0x00,0x01,0x00,0x00,0x00,0x01,0x00,0x08,0x00,0x02,0x00,0x20,
  0x00,0x03,0x00,0x84,0x00,0x72,0x00,0x85,0x00,0x01,0x00,0x00,
  0x00,0x01,0x00,0x08,0x00,0x02,0x00,0x0c,0x00,0x03,0x00,0x70,
  0x00,0x72,0x00,0x85,0x00,0x01,0x00,0x03,0x00,0x78,0x00,0x7a,
  0x00,0x7b,0x00,0x02,0x00,0x00,0x00,0x01,0x00,0x08,0x00,0x01,
  0x00,0x3e,0x00,0x1c,0x00,0xa6,0x00,0x7a,0x00,0x7e,0x00,0x82,
  0x00,0x86,0x00,0x8a,0x00,0x8e,0x00,0x8e,0x00,0xc0,0x00,0x92,
  0x00,0x96,0x00,0x9a,0x00,0x9a,0x00,0xa6,0x00,0xa2,0x00,0x9e,
  0x00,0xa2,0x00,0xa6,0x00,0xd6,0x00,0xaa,0x00,0xae,0x00,0xb4,
  0x00,0xba,0x00,0xc0,0x00,0xc4,0x00,0xca,0x00,0xd0,0x00,0xd6,
  0x00,0x01,0x00,0x1c,0x00,0x0b,0x00,0x11,0x00,0x1d,0x00,0x21,
  0x00,0x25,0x00,0x29,0x00,0x2d,0x00,0x31,0x00,0x39,0x00,0x3b,
  0x00,0x3f,0x00,0x45,0x00,0x46,0x00,0x4b,0x00,0x4d,0x00,0x51,
  0x00,0x56,0x00,0x60,0x00,0x62,0x00,0x65,0x02,0x23,0x02,0x28,
  0x02,0x29,0x02,0x2b,0x02,0x4e,0x02,0x52,0x02,0x65,0x02,0x6b,
  0x00,0x01,0x00,0x16,0x00,0x01,0x00,0x20,0x00,0x01,0x00,0x24,
  0x00,0x01,0x00,0x28,0x00,0x01,0x00,0x2c,0x00,0x01,0x00,0x30,
  0x00,0x01,0x00,0x3e,0x00,0x01,0x00,0x43,0x00,0x01,0x00,0x4a,
  0x00,0x01,0x00,0x54,0x00,0x01,0x00,0x50,0x00,0x01,0x00,0x0f,
  0x00,0x01,0x00,0x66,0x00,0x02,0x00,0x30,0x00,0xf5,0x00,0x02,
  0x00,0x30,0x00,0xd3,0x00,0x02,0x00,0x30,0x00,0xd4,0x00,0x01,
  0x00,0x38,0x00,0x02,0x00,0x0f,0x00,0xfc,0x00,0x02,0x00,0x0f,
  0x00,0xd3,0x00,0x02,0x00,0x0f,0x01,0x02,0x00,0x02,0x00,0x0f,
  0x00,0xf7,0x00,0x02,0x00,0x00,0x00,0x01,0x00,0x08,0x00,0x01,
  0x00,0x3c,0x00,0x1b,0x00,0xa6,0x00,0x76,0x00,0x7a,0x00,0x7e,
  0x00,0x82,0x00,0x86,0x00,0x8a,0x00,0x8a,0x00,0xbc,0x00,0x8e,
  0x00,0x92,0x00,0x96,0x00,0x96,0x00,0xa6,0x00,0x9a,0x00,0x9e,
  0x00,0xa2,0x00,0xa6,0x00,0xd2,0x00,0xaa,0x00,0xb0,0x00,0xb6,
  0x00,0xbc,0x00,0xc0,0x00,0xc6,0x00,0xcc,0x00,0xd2,0x00,0x01,
  0x00,0x1b,0x00,0x0b,0x00,0x11,0x00,0x1d,0x00,0x21,0x00,0x25,
  0x00,0x29,0x00,0x2d,0x00,0x31,0x00,0x39,0x00,0x3b,0x00,0x3f,
  0x00,0x45,0x00,0x46,0x00,0x4b,0x00,0x4d,0x00,0x51,0x00,0x56,
  0x00,0x60,0x00,0x62,0x02,0x23,0x02,0x28,0x02,0x29,0x02,0x2b,
  0x02,0x4e,0x02,0x52,0x02,0x65,0x02,0x6b,0x00,0x01,0x00,0x15,
  0x00,0x01,0x00,0x1f,0x00,0x01,0x00,0x23,0x00,0x01,0x00,0x27,
  0x00,0x01,0x00,0x2b,0x00,0x01,0x00,0x2f,0x00,0x01,0x00,0x3d,
  0x00,0x01,0x00,0x41,0x00,0x01,0x00,0x49,0x00,0x01,0x00,0x4f,
  0x00,0x01,0x00,0x53,0x00,0x01,0x00,0x59,0x00,0x01,0x00,0x0d,
  0x00,0x02,0x00,0x2f,0x00,0xf5,0x00,0x02,0x00,0x2f,0x00,0xd3,
  0x00,0x02,0x00,0x2f,0x00,0xd4,0x00,0x01,0x00,0x37,0x00,0x02,
  0x00,0x0d,0x00,0xfc,0x00,0x02,0x00,0x0d,0x00,0xd3,0x00,0x02,
  0x00,0x0d,0x01,0x02,0x00,0x02,0x00,0x0d,0x00,0xf7,0x00,0x02,
  0x00,0x00,0x00,0x01,0x00,0x08,0x00,0x01,0x00,0x50,0x00,0x25,
  0x00,0x9e,0x00,0xa2,0x00,0xa6,0x00,0xaa,0x00,0xae,0x00,0xb2,
  0x00,0xb6,0x00,0xba,0x00,0xbe,0x00,0xc2,0x00,0xc6,0x00,0xfa,
  0x00,0xfe,0x00,0xca,0x00,0xce,0x00,0xd2,0x00,0xd6,0x00,0xda,
  0x00,0xde,0x01,0x14,0x00,0xe6,0x00,0xe2,0x00,0xe6,0x00,0xea,
  0x00,0xee,0x00,0xf2,0x01,0x20,0x00,0xf6,0x00,0xfa,0x00,0xfe,
  0x01,0x02,0x01,0x08,0x01,0x0e,0x01,0x14,0x01,0x18,0x01,0x1c,
  0x01,0x20,0x00,0x01,0x00,0x25,0x00,0x05,0x00,0x09,0x00,0x0b,
  0x00,0x11,0x00,0x17,0x00,0x19,0x00,0x1b,0x00,0x1d,0x00,0x21,
  0x00,0x25,0x00,0x29,0x00,0x2d,0x00,0x31,0x00,0x33,0x00,0x39,
  0x00,0x3b,0x00,0x3f,0x00,0x45,0x00,0x46,0x00,0x4b,0x00,0x4d,
  0x00,0x51,0x00,0x55,0x00,0x56,0x00,0x5b,0x00,0x5c,0x00,0x60,
  0x00,0x62,0x02,0x23,0x02,0x28,0x02,0x29,0x02,0x2b,0x02,0x4e,
  0x02,0x52,0x02,0x5a,0x02,0x65,0x02,0x6b,0x00,0x01,0x00,0x06,
  0x00,0x01,0x00,0x0a,0x00,0x01,0x00,0x0c,0x00,0x01,0x00,0x13,
  0x00,0x01,0x00,0x18,0x00,0x01,0x00,0x1a,0x00,0x01,0x00,0x1c,
  0x00,0x01,0x00,0x1e,0x00,0x01,0x00,0x22,0x00,0x01,0x00,0x26,
  0x00,0x01,0x00,0x2a,0x00,0x01,0x00,0x34,0x00,0x01,0x00,0x3a,
  0x00,0x01,0x00,0x3c,0x00,0x01,0x00,0x40,0x00,0x01,0x00,0x48,
  0x00,0x01,0x00,0x47,0x00,0x01,0x00,0x52,0x00,0x01,0x00,0x4e,
  0x00,0x01,0x00,0x57,0x00,0x01,0x00,0x5d,0x00,0x01,0x00,0x5e,
  0x00,0x01,0x00,0x63,0x00,0x01,0x00,0x2e,0x00,0x01,0x00,0x32,
  0x00,0x02,0x00,0x32,0x00,0xdd,0x00,0x02,0x00,0x36,0x01,0x11,
  0x00,0x02,0x00,0x4c,0x00,0xdd,0x00,0x01,0x00,0x4c,0x00,0x01,
  0x03,0x11,0x00,0x01,0x02,0x7d,0x00,0x01,0x00,0x61,0x00,0x01,
  0x00,0x00,0x00,0x01,0x00,0x08,0x00,0x01,0x00,0x06,0x00,0x01,
  0x00,0x01,0x00,0x02,0x00,0x57,0x00,0x59,0x00,0x01,0x00,0x00,
  0x00,0x01,0x00,0x08,0x00,0x01,0x00,0x06,0x00,0x01,0x00,0x01,
  0x00,0x01,0x00,0x57,0x00,0x06,0x00,0x00,0x00,0x01,0x00,0x08,
  0x00,0x03,0x00,0x01,0x00,0x12,0x00,0x01,0x00,0x1a,0x00,0x00,
  0x00,0x01,0x00,0x00,0x00,0x02,0x00,0x01,0x00,0x02,0x00,0x15,
  0x00,0x16,0x00,0x02,0x00,0x02,0x01,0x06,0x01,0x06,0x00,0x00,
  0x01,0x08,0x01,0x10,0x00,0x01,0x00,0x02,0x00,0x00,0x00,0x01,
  0x00,0x08,0x00,0x01,0x00,0x14,0x00,0x07,0x00,0x26,0x00,0x2a,
  0x00,0x2e,0x00,0x34,0x00,0x3a,0x00,0x40,0x00,0x44,0x00,0x01,
  0x00,0x07,0x02,0x23,0x02,0x28,0x02,0x29,0x02,0x2b,0x02,0x4e,
  0x02,0x52,0x02,0x6b,0x00,0x01,0x00,0x2d,0x00,0x01,0x00,0x31,
  0x00,0x02,0x00,0x31,0x00,0xdd,0x00,0x02,0x00,0x35,0x01,0x11,
  0x00,0x02,0x00,0x4b,0x00,0xdd,0x00,0x01,0x00,0x4b,0x00,0x01,
  0x00,0x60,0x00,0x06,0x00,0x08,0x00,0x01,0x00,0x08,0x00,0x03,
  0x00,0x01,0x00,0x12,0x00,0x01,0x00,0x30,0x00,0x00,0x00,0x01,
  0x00,0x00,0x00,0x18,0x00,0x02,0x00,0x02,0x00,0x03,0x00,0x66,
  0x00,0x00,0x00,0x68,0x00,0x6b,0x00,0x64,0x00,0x01,0x00,0x08,
  0x00,0x01,0x00,0x08,0x00,0x01,0x00,0x06,0x00,0x08,0x00,0x01,
  0x00,0x01,0x00,0x4d,0x00,0x06,0x00,0x10,0x00,0x01,0x00,0x0a,
  0x00,0x01,0x00,0x03,0x00,0x00,0x00,0x01,0x00,0x44,0x00,0x01,
  0x00,0x12,0x00,0x01,0x00,0x00,0x00,0x1a,0x00,0x01,0x00,0x0f,
  0x00,0xd8,0x00,0xdd,0x00,0xe0,0x00,0xe1,0x00,0xec,0x00,0xed,
  0x00,0xef,0x00,0xf2,0x00,0xf7,0x00,0xfa,0x00,0xfb,0x00,0xfc,
  0x00,0xfd,0x01,0x03,0x01,0x05,0x00,0x01,0x00,0x10,0x00,0x01,
  0x00,0x0a,0x00,0x01,0x00,0x01,0x00,0x06,0x00,0x01,0x00,0x01,
  0x00,0x02,0x00,0x0d,0x00,0x0f,0x00,0x06,0x00,0x10,0x00,0x01,
  0x00,0x0a,0x00,0x02,0x00,0x03,0x00,0x00,0x00,0x01,0x00,0x32,
  0x00,0x01,0x00,0x12,0x00,0x01,0x00,0x00,0x00,0x1c,0x00,0x02,
  0x00,0x02,0x01,0x09,0x01,0x0a,0x00,0x00,0x01,0x0c,0x01,0x10,
  0x00,0x02,0x00,0x01,0x00,0x10,0x00,0x01,0x00,0x0a,0x00,0x02,
  0x00,0x01,0x00,0x06,0x00,0x01,0x00,0x01,0x00,0x02,0x00,0x11,
  0x00,0x13,0x00,0x06,0x00,0x00,0x00,0x01,0x00,0x08,0x00,0x03,
  0x00,0x01,0x00,0x12,0x00,0x01,0x00,0x26,0x00,0x00,0x00,0x01,
  0x00,0x00,0x00,0x1e,0x00,0x01,0x00,0x01,0x01,0x11,0x00,0x01,
  0x00,0x00,0x00,0x01,0x00,0x08,0x00,0x01,0x00,0x06,0x00,0x01,
  0x00,0x01,0x00,0x02,0x00,0xd9,0x00,0xde,0x00,0x05,0x00,0x08,
  0x00,0x02,0x00,0x0a,0x00,0x1c,0x00,0x03,0x00,0x02,0x00,0x02,
  0x01,0x82,0x00,0x2a,0x00,0x00,0x00,0x00,0x00,0x01,0x00,0x00,
  0x00,0x03,0x00,0x02,0x00,0x02,0x00,0x12,0x00,0x18,0x00,0x00,
  0x00,0x01,0x00,0x01,0x00,0x01,0x00,0x01,0x00,0x01,0x00,0x41,
  0x00,0x01,0x00,0x02,0x00,0x06,0x00,0x0a,0x00,0x05,0x00,0x00,
  0x00,0x07,0x00,0x14,0x00,0x32,0x00,0x4a,0x00,0x60,0x00,0x8c,
  0x00,0xb6,0x00,0xce,0x00,0x03,0x00,0x04,0x00,0x04,0x00,0x44,
  0x00,0xd6,0x00,0xd6,0x00,0xd6,0x00,0x00,0x00,0x06,0x00,0x01,
  0x00,0x04,0x00,0x02,0x00,0x04,0x00,0x03,0x00,0x04,0x00,0x03,
  0x00,0x03,0x00,0x03,0x00,0x26,0x00,0xb8,0x00,0xb8,0x00,0x00,
  0x00,0x05,0x00,0x01,0x00,0x04,0x00,0x02,0x00,0x04,0x00,0x03,
  0x00,0x02,0x00,0x01,0x00,0x0e,0x00,0xa0,0x00,0x01,0x00,0x04,
  0x00,0x01,0x00,0x02,0x00,0x9a,0x00,0x9d,0x00,0x03,0x00,0x05,
  0x00,0x05,0x00,0x24,0x00,0x8a,0x00,0x8a,0x00,0x8a,0x00,0x8a,
  0x00,0x00,0x00,0x07,0x00,0x01,0x00,0x03,0x00,0x02,0x00,0x03,
  0x00,0x03,0x00,0x03,0x00,0x04,0x00,0x03,0x00,0x01,0x00,0x02,
  0x00,0xa0,0x00,0xa4,0x00,0x03,0x00,0x04,0x00,0x04,0x00,0x1e,
  0x00,0x5e,0x00,0x5e,0x00,0x5e,0x00,0x00,0x00,0x06,0x00,0x01,
  0x00,0x03,0x00,0x02,0x00,0x03,0x00,0x03,0x00,0x03,0x00,0x01,
  0x00,0x04,0x00,0xa0,0x00,0xa4,0x00,0xa8,0x00,0xab,0x00,0x03,
  0x00,0x03,0x00,0x03,0x00,0x26,0x00,0x34,0x00,0x34,0x00,0x00,
  0x00,0x05,0x00,0x01,0x00,0x03,0x00,0x02,0x00,0x03,0x00,0x03,
  0x00,0x02,0x00,0x01,0x00,0x0e,0x00,0x1c,0x00,0x01,0x00,0x03,
  0x00,0x01,0x00,0x05,0x00,0xa0,0x00,0xa4,0x00,0xa8,0x00,0xab,
  0x00,0xae,0x00,0x02,0x00,0x02,0x00,0x6c,0x00,0x7b,0x00,0x00,
  0x00,0x84,0x00,0x85,0x00,0x10,0x00,0x04,0x00,0x10,0x00,0x01,
  0x00,0x0a,0x00,0x03,0x00,0x01,0x00,0x2a,0x00,0x01,0x00,0x08,
  0x00,0x02,0x00,0x06,0x00,0x14,0x00,0xb9,0x00,0x06,0x00,0x43,
  0x00,0x41,0x01,0x1a,0x01,0x42,0x00,0x4e,0x00,0xb9,0x00,0x06,
  0x00,0x43,0x00,0x41,0x01,0x1a,0x01,0x42,0x00,0x52,0x00,0x01,
  0x00,0x01,0x00,0x05,0x00,0x04,0x00,0x08,0x00,0x01,0x00,0x08,
  0x00,0x01,0x00,0x14,0x00,0x01,0x00,0x08,0x00,0x01,0x00,0x04,
  0x00,0xba,0x00,0x03,0x00,0x41,0x00,0x4e,0x00,0x01,0x00,0x01,
  0x00,0x43,0x00,0x00
};
inline unsigned int noto_sans_arabic_ttf_len = 67792;

#endif /* DefaultFontArabic_h */
